{"FormOID":"01F49173-B771-4F86-AB36-D4B400DB3042","Form":"PROMIS 8-item Social Instrumental Support Short Form","Properties":[{"MinNumItems":"8"},{"MaxNumItems":"8"},{"IRTModel":"0"},{"SelectionMethod":"1"},{"MinTheta":"-4.00"},{"MaxTheta":"4.00"},{"ThetaIncrement":"0.1000"},{"MaxStdErr":"0.30"},{"SelectionGroupSize":"1"},{"LogisticScaling":"1.0000"},{"DistMean":"0.00"},{"DistStdDev":"1.00"},{"FirstItem":""},{"CalibrationSample":"Social Supplement"},{"SetSelectionMethod":"Instance"}],"Items":[{"FormItemOID":"000FB3A2-240C-4050-9901-0CD2054221EA","ID":"CCC31055x","A_GRM":"4.21559","Map":[{"ItemResponseOID":"3050E0CA-EC22-4B92-8E33-AD7F9DA7D1F2","StepOrder":"1","Threshold":"-1.5832"},{"ItemResponseOID":"533296A5-5FFE-4C58-BEAE-495D7AF5B7E4","StepOrder":"2","Threshold":"-1.1107"},{"ItemResponseOID":"360F16AA-C2F9-4C1D-871E-1EFF553AF538","StepOrder":"3","Threshold":"-0.5415"},{"ItemResponseOID":"F1908D8E-E793-4D34-A9BE-D0FFCCA8D6D2","StepOrder":"4","Threshold":"0.1595"}]},{"FormItemOID":"2061365C-A108-4695-8FC0-80E4F217A215","ID":"CCC31065x","A_GRM":"4.20553","Map":[{"ItemResponseOID":"6F0F5F15-0611-4672-A7BF-86753FBC1F72","StepOrder":"1","Threshold":"-1.2351"},{"ItemResponseOID":"44D5AB9C-2F58-46ED-908E-B0C35CFB5878","StepOrder":"2","Threshold":"-0.6932"},{"ItemResponseOID":"86CF081A-6855-49F8-95D5-2D9FCA8A0051","StepOrder":"3","Threshold":"-0.1307"},{"ItemResponseOID":"C5BEADCC-F9B5-41DC-9AB7-E3244D2A984E","StepOrder":"4","Threshold":"0.5580"}]},{"FormItemOID":"33B46664-1DD6-4F2C-AB55-D21E81534E0B","ID":"SS6","A_GRM":"3.93160","Map":[{"ItemResponseOID":"A3C773DD-AA35-416D-A53A-05B4A6B9AEF8","StepOrder":"1","Threshold":"-1.3992"},{"ItemResponseOID":"A9BB98DB-66C0-4E06-9B71-781E70FA190B","StepOrder":"2","Threshold":"-0.9113"},{"ItemResponseOID":"FECDBAF0-2C86-4460-84C3-CC77A71C2808","StepOrder":"3","Threshold":"-0.2531"},{"ItemResponseOID":"DCBD12D0-2405-4AF0-A3AF-98A9E1785006","StepOrder":"4","Threshold":"0.5287"}]},{"FormItemOID":"44D5CD81-60B3-4F41-AFA2-6B0D59F90855","ID":"INS-CaPS2","A_GRM":"3.57454","Map":[{"ItemResponseOID":"DF5E095C-1307-4A81-866A-60907BD420B9","StepOrder":"1","Threshold":"-1.3233"},{"ItemResponseOID":"8F68D236-8C71-411A-B683-1314046DEA56","StepOrder":"2","Threshold":"-0.7014"},{"ItemResponseOID":"B1987B77-DEB3-4EDD-86E6-C313166050AF","StepOrder":"3","Threshold":"-0.1342"},{"ItemResponseOID":"36474081-F257-4027-BA64-33AA7F8CE161","StepOrder":"4","Threshold":"0.6194"}]},{"FormItemOID":"55A83D28-3B84-44E3-AACE-A4FB09427E7C","ID":"CCC31051x3","A_GRM":"4.09581","Map":[{"ItemResponseOID":"DC4CA722-8258-47B5-8F29-8B25054D6D38","StepOrder":"1","Threshold":"-1.8555"},{"ItemResponseOID":"EA17E44D-B4AF-4D00-A34D-5E9B2763DE2E","StepOrder":"2","Threshold":"-1.1385"},{"ItemResponseOID":"3B4B9281-AAA5-49EE-9628-BE35DA7C9DDB","StepOrder":"3","Threshold":"-0.4572"},{"ItemResponseOID":"106AEF6B-A83E-43F4-9810-1E9311376944","StepOrder":"4","Threshold":"0.3808"}]},{"FormItemOID":"8ED09D74-B4A4-4E93-9A41-786DB63AC35A","ID":"SS9","A_GRM":"3.18521","Map":[{"ItemResponseOID":"14940DAF-BC6F-47C8-A787-6ABB3F09AA84","StepOrder":"1","Threshold":"-1.0071"},{"ItemResponseOID":"17C21FD3-660F-4590-A059-DB792850D6E2","StepOrder":"2","Threshold":"-0.4850"},{"ItemResponseOID":"12DA149D-ED8B-4CB6-B371-9E6ABB2398DF","StepOrder":"3","Threshold":"0.0222"},{"ItemResponseOID":"FD9DF8BF-25E4-454E-B613-BA2E99057DA8","StepOrder":"4","Threshold":"0.7116"}]},{"FormItemOID":"F27B2EDD-B71B-4764-906A-C689012ABB89","ID":"CCC31052x","A_GRM":"4.43878","Map":[{"ItemResponseOID":"E612119A-3D33-4542-B05B-19CD8EF56715","StepOrder":"1","Threshold":"-1.2537"},{"ItemResponseOID":"7FB75D04-E697-492D-8BAD-2FE2D9412122","StepOrder":"2","Threshold":"-0.8036"},{"ItemResponseOID":"7E2B35F9-937C-430D-9D9F-8F7C9718D27A","StepOrder":"3","Threshold":"-0.3463"},{"ItemResponseOID":"88E62619-4385-4B4F-99A2-9C8659031AF2","StepOrder":"4","Threshold":"0.3750"}]},{"FormItemOID":"FFC74596-8000-4A81-9181-7E50BEC3C162","ID":"CCC31062x","A_GRM":"3.37645","Map":[{"ItemResponseOID":"06D7EF3F-AB06-4DE3-B998-B0B75E74A976","StepOrder":"1","Threshold":"-1.2153"},{"ItemResponseOID":"E85D8FD5-2A3F-4E59-A40E-576520CD4763","StepOrder":"2","Threshold":"-0.7147"},{"ItemResponseOID":"6921C382-1615-4A90-BCC0-CBFDC022C310","StepOrder":"3","Threshold":"-0.2234"},{"ItemResponseOID":"3AAAD564-1BDE-4F75-90FF-553BE60D9C15","StepOrder":"4","Threshold":"0.5093"}]}]}
