{"FormOID":"0CC98AD0-9D47-49F5-9132-5826D0E4980C","Form":"Six-item pain interference short form from the PROMIS-43 Profile","Properties":[{"MinNumItems":"6"},{"MaxNumItems":"6"},{"IRTModel":"0"},{"SelectionMethod":"1"},{"MinTheta":"-4.00"},{"MaxTheta":"4.00"},{"ThetaIncrement":"0.1000"},{"MaxStdErr":"0.30"},{"SelectionGroupSize":"1"},{"LogisticScaling":"1.0000"},{"DistMean":"0.00"},{"DistStdDev":"1.00"},{"FirstItem":""},{"CalibrationSample":"Promis Wave 1"},{"SetSelectionMethod":"Instance"}],"Items":[{"FormItemOID":"1C437F44-19A7-4039-B9F6-B44F510F3BC2","ID":"PAININ34","A_GRM":"4.92619","Map":[{"ItemResponseOID":"1BF18330-ECA2-46DE-A616-98463C8511E9","StepOrder":"1","Threshold":"0.1771"},{"ItemResponseOID":"DE009761-C4E5-4DA0-B083-E30CD4A5AF41","StepOrder":"2","Threshold":"0.8447"},{"ItemResponseOID":"E53AA182-2C62-4496-BDD1-C8E7F8587BA8","StepOrder":"3","Threshold":"1.3630"},{"ItemResponseOID":"DC2CDC4E-BC20-469E-911A-4E85899AB14E","StepOrder":"4","Threshold":"1.9795"}]},{"FormItemOID":"398A2A90-9ECF-402F-89CC-01B761B45C84","ID":"PAININ31","A_GRM":"5.90514","Map":[{"ItemResponseOID":"7DC47CA5-AEFA-4F6E-A8BB-023DAD410655","StepOrder":"1","Threshold":"0.4730"},{"ItemResponseOID":"B3A9F738-45DF-447B-BA88-B4DB14DAC634","StepOrder":"2","Threshold":"1.0094"},{"ItemResponseOID":"3C9F26EB-9838-4496-B351-7F7FFC8DFC37","StepOrder":"3","Threshold":"1.5063"},{"ItemResponseOID":"224D746D-260C-4E63-B4ED-71CA79859148","StepOrder":"4","Threshold":"2.0770"}]},{"FormItemOID":"56F423A5-F388-400D-8476-526E23BAEF40","ID":"PAININ12","A_GRM":"5.29892","Map":[{"ItemResponseOID":"D836DC09-1F4E-4CF1-8D0B-7235A10453EF","StepOrder":"1","Threshold":"0.1808"},{"ItemResponseOID":"04ABECA1-77F5-44F1-BEC1-640D4F6EB895","StepOrder":"2","Threshold":"0.8281"},{"ItemResponseOID":"6DE1943F-BAB9-4DF6-900B-F25D6398D43B","StepOrder":"3","Threshold":"1.2865"},{"ItemResponseOID":"2D34E769-CCBE-4192-9DC2-55873981F6EF","StepOrder":"4","Threshold":"1.8824"}]},{"FormItemOID":"57B9AC82-6546-49B1-880E-935B3CC69B81","ID":"PAININ36","A_GRM":"5.69697","Map":[{"ItemResponseOID":"34926C55-7929-4871-B19B-0A587331DB12","StepOrder":"1","Threshold":"0.3417"},{"ItemResponseOID":"8FF8E8C7-5191-4C90-9929-C0AEB46C84C8","StepOrder":"2","Threshold":"0.9590"},{"ItemResponseOID":"00AF07C0-BF73-45FA-8BD9-2E2663CBCE49","StepOrder":"3","Threshold":"1.4786"},{"ItemResponseOID":"C47225D8-1EFB-4B95-AC5A-FE10B511C80B","StepOrder":"4","Threshold":"2.0360"}]},{"FormItemOID":"7BFCA208-97FA-4983-A1CB-E106E287C7B3","ID":"PAININ9","A_GRM":"6.53406","Map":[{"ItemResponseOID":"5E55ADD7-DD65-483B-A3C7-5ECB75427CB6","StepOrder":"1","Threshold":"0.1579"},{"ItemResponseOID":"5CBC4706-42C4-4709-8135-3379B8D614CF","StepOrder":"2","Threshold":"0.8959"},{"ItemResponseOID":"612EF0A1-00F9-478A-81CC-2B6CE199A35E","StepOrder":"3","Threshold":"1.4377"},{"ItemResponseOID":"87F52A5B-B4A3-4207-8F41-80F06961E44C","StepOrder":"4","Threshold":"2.0103"}]},{"FormItemOID":"80B50913-C2B2-49DF-8CF4-59791FD68B81","ID":"PAININ22","A_GRM":"5.39710","Map":[{"ItemResponseOID":"8FCC43F3-EE1E-4731-8990-B05F9EDFCDC9","StepOrder":"1","Threshold":"0.1709"},{"ItemResponseOID":"620274EC-E42B-472E-A363-9A2B848805B4","StepOrder":"2","Threshold":"0.8366"},{"ItemResponseOID":"B2AC7D67-11A1-4875-A143-03C10AD2DD78","StepOrder":"3","Threshold":"1.3266"},{"ItemResponseOID":"CDE11E3C-7C53-43FC-967B-5BA423BEBD71","StepOrder":"4","Threshold":"1.9589"}]}]}
