{"FormOID":"168E8D40-A5F2-4A84-B138-30F6F3D44358","Form":"Ability to Participate in Social Roles and Activities: Degree of involvement in one???s usual social roles,activities and responsibilities, including work, family, friends and leisure","Properties":[{"MinNumItems":"4"},{"MaxNumItems":"12"},{"IRTModel":"0"},{"SelectionMethod":"1"},{"MinTheta":"-4.00"},{"MaxTheta":"4.00"},{"ThetaIncrement":"0.1000"},{"MaxStdErr":"0.30"},{"SelectionGroupSize":"1"},{"LogisticScaling":"1.0000"},{"DistMean":"0.00"},{"DistStdDev":"1.00"},{"FirstItem":""},{"CalibrationSample":"Wave 1B"},{"SetSelectionMethod":"Instance"}],"Items":[{"FormItemOID":"045A14D3-2A44-4478-B5F8-C2ABF1E6EFE8","ID":"NQPRF15","A_GRM":"2.57152","Map":[{"ItemResponseOID":"02276976-ED77-48AC-9A3D-C45FDB4E518B","StepOrder":"1","Threshold":"-1.6935"},{"ItemResponseOID":"44CA547F-6C7A-445B-9BBA-1479A5EBE619","StepOrder":"2","Threshold":"-1.0560"},{"ItemResponseOID":"14E12D61-E111-4A5E-AD14-5BB62AA25A0D","StepOrder":"3","Threshold":"-0.3698"},{"ItemResponseOID":"A3C35028-1480-49A6-814C-3D3A590D8F5C","StepOrder":"4","Threshold":"0.1659"}]},{"FormItemOID":"0A3A1443-9274-4D91-B983-AFD599AACB30","ID":"NQPRF32","A_GRM":"5.91819","Map":[{"ItemResponseOID":"F53B0AA0-42DC-43F7-8BF7-8F3A4FE90A43","StepOrder":"1","Threshold":"-1.7836"},{"ItemResponseOID":"A5088605-B6CF-4C83-B93C-FF860F7C3ABC","StepOrder":"2","Threshold":"-1.3472"},{"ItemResponseOID":"343AB624-49FB-4254-B1C6-5355A5A69529","StepOrder":"3","Threshold":"-0.7761"},{"ItemResponseOID":"91D9D606-A673-4CA8-9DD0-8220AAD4B262","StepOrder":"4","Threshold":"-0.3297"}]},{"FormItemOID":"0F13A71C-60E5-4FE9-B2DB-0ED63A72AD8A","ID":"NQPRF34","A_GRM":"5.63317","Map":[{"ItemResponseOID":"33D3FE15-9729-408F-BFE2-85ABEBCCA8D4","StepOrder":"1","Threshold":"-1.5789"},{"ItemResponseOID":"7A52CD94-2E90-46D1-8620-55116B3E6410","StepOrder":"2","Threshold":"-1.1749"},{"ItemResponseOID":"BB567AC1-9D58-416A-865E-F58A1EA6203C","StepOrder":"3","Threshold":"-0.5997"},{"ItemResponseOID":"369CFF08-6A70-4951-AECE-3E0240B7D0DA","StepOrder":"4","Threshold":"-0.1874"}]},{"FormItemOID":"17DF0225-8021-4768-9FDC-83E080660B92","ID":"NQPRF40","A_GRM":"5.21835","Map":[{"ItemResponseOID":"A9B0DD95-364D-4010-9E31-D7E51727C2EC","StepOrder":"1","Threshold":"-1.4962"},{"ItemResponseOID":"7290CFC8-623E-439B-815A-309643960E12","StepOrder":"2","Threshold":"-1.0252"},{"ItemResponseOID":"9E3F2FD4-D1AC-4EBE-9A99-A70E3E0941D6","StepOrder":"3","Threshold":"-0.4818"},{"ItemResponseOID":"8A47CC0B-6441-4CE1-AB16-4C94C4ABD157","StepOrder":"4","Threshold":"0.0326"}]},{"FormItemOID":"1D380270-F0C8-4EF4-8F0A-F06922DA1319","ID":"NQPRF47","A_GRM":"4.69369","Map":[{"ItemResponseOID":"17322215-6F54-4ED1-9CCE-A1446DB3E475","StepOrder":"1","Threshold":"-1.3280"},{"ItemResponseOID":"B6175D2B-AB75-4BB0-B8B4-67BA036A2490","StepOrder":"2","Threshold":"-0.9923"},{"ItemResponseOID":"1448F17F-C238-440B-ADD4-FF371B3EC466","StepOrder":"3","Threshold":"-0.4641"},{"ItemResponseOID":"076BF9C0-65AC-4A8E-A6C3-FA658EA4699D","StepOrder":"4","Threshold":"0.0170"}]},{"FormItemOID":"1F870766-579F-403B-A82C-C80B41578996","ID":"NQPRF08","A_GRM":"3.73361","Map":[{"ItemResponseOID":"5E658B21-5C69-4101-9D71-BF6DCC75F844","StepOrder":"1","Threshold":"-1.7862"},{"ItemResponseOID":"4A92A34C-90FE-4FD9-BDBD-9DB5860BD1C2","StepOrder":"2","Threshold":"-1.1625"},{"ItemResponseOID":"BD2C01BC-02F0-4DEF-BBAB-37BD7675BE63","StepOrder":"3","Threshold":"-0.5240"},{"ItemResponseOID":"7860EFC3-2977-4850-97CE-B2E6B58F78B7","StepOrder":"4","Threshold":"-0.0805"}]},{"FormItemOID":"26533D2C-CB49-472E-A11F-8A71882DDDAF","ID":"NQPRF26","A_GRM":"5.00188","Map":[{"ItemResponseOID":"4EAE28A3-7DB2-469B-8B53-B934480DACB6","StepOrder":"1","Threshold":"-1.7589"},{"ItemResponseOID":"42B4D1EB-0B2D-4D33-A206-86F2E3CE5FFB","StepOrder":"2","Threshold":"-1.2822"},{"ItemResponseOID":"0304668C-112C-4438-9693-3A9A518AFCD8","StepOrder":"3","Threshold":"-0.5052"},{"ItemResponseOID":"531BBA42-EC18-4CE7-8AA2-342E02568E52","StepOrder":"4","Threshold":"0.0281"}]},{"FormItemOID":"27E10380-0A37-46FF-BEB2-B09F1685613F","ID":"NQPRF31","A_GRM":"3.45202","Map":[{"ItemResponseOID":"5A43237D-BFA8-403D-95BD-D1CA94397980","StepOrder":"1","Threshold":"-1.4275"},{"ItemResponseOID":"8D6C20EE-3CB5-4B4A-A06B-EAAEC7E3BAE5","StepOrder":"2","Threshold":"-0.9485"},{"ItemResponseOID":"D20F6D10-643C-47FB-85EC-2BD966BAB6B8","StepOrder":"3","Threshold":"-0.4077"},{"ItemResponseOID":"0B577289-923E-40C1-B036-3B381FB26DDC","StepOrder":"4","Threshold":"0.1227"}]},{"FormItemOID":"285BC38C-79EF-44FD-9269-62B0F9551BBC","ID":"NQPRF09","A_GRM":"5.27177","Map":[{"ItemResponseOID":"DB334724-6D48-496F-8C0D-614255568010","StepOrder":"1","Threshold":"-1.5401"},{"ItemResponseOID":"86E5610C-A30A-44DB-A8E8-1DCA0991A30C","StepOrder":"2","Threshold":"-1.0140"},{"ItemResponseOID":"16F0490A-A9B7-4B25-B42B-1DAC449AE475","StepOrder":"3","Threshold":"-0.5058"},{"ItemResponseOID":"3BD65387-0321-41AE-9697-F54F8A25DEC3","StepOrder":"4","Threshold":"-0.0611"}]},{"FormItemOID":"2AD7CA6E-C95E-45C8-8534-8DBCDDE7DB91","ID":"NQPRF35","A_GRM":"6.32861","Map":[{"ItemResponseOID":"A0B5CDD2-FBD1-44A5-80A3-27E82381A996","StepOrder":"1","Threshold":"-1.5611"},{"ItemResponseOID":"056B5E4E-8B75-4D7B-ABBC-FE4B478E8C68","StepOrder":"2","Threshold":"-1.1169"},{"ItemResponseOID":"921E7CC4-3CF4-403F-90BA-9204BC6E8733","StepOrder":"3","Threshold":"-0.6356"},{"ItemResponseOID":"A5856E23-B668-4D06-A004-5D89212ADCCD","StepOrder":"4","Threshold":"-0.1657"}]},{"FormItemOID":"3451A575-7E77-4A36-8808-6FF3B8CBDA6C","ID":"NQPRF13","A_GRM":"3.67329","Map":[{"ItemResponseOID":"7DC5DE58-C5A4-4A97-B461-84618CFF3325","StepOrder":"1","Threshold":"-1.4479"},{"ItemResponseOID":"3669323A-698A-4DEA-9C80-DDF5F68D0476","StepOrder":"2","Threshold":"-0.9986"},{"ItemResponseOID":"45542C69-4DEA-472F-A2B6-6B93D2C0A379","StepOrder":"3","Threshold":"-0.4859"},{"ItemResponseOID":"F90B87C3-49C5-4FF8-9E3E-47C0D4077167","StepOrder":"4","Threshold":"0.0039"}]},{"FormItemOID":"371FCC19-F16E-4701-A2E0-B7EF0DB24D36","ID":"NQPRF23","A_GRM":"3.13026","Map":[{"ItemResponseOID":"5BCCC45C-BAEC-4FA8-A50C-C11E6BD0177D","StepOrder":"1","Threshold":"-1.5589"},{"ItemResponseOID":"0DCC16FD-6DA5-4F8A-94B8-27FD79C601C2","StepOrder":"2","Threshold":"-0.9506"},{"ItemResponseOID":"3158E8D9-3D34-466C-BC44-C3098796FBE7","StepOrder":"3","Threshold":"-0.3851"},{"ItemResponseOID":"83A4EEA5-7169-47E8-9F00-1AC719AF15E5","StepOrder":"4","Threshold":"0.2224"}]},{"FormItemOID":"37355478-14BE-413C-94AE-95EE2CC449FA","ID":"NQPRF37","A_GRM":"5.05495","Map":[{"ItemResponseOID":"08579B9E-DD1B-490E-AEA6-81F2D728BFB7","StepOrder":"1","Threshold":"-1.5290"},{"ItemResponseOID":"5ECB9601-ED14-4CC7-90BB-897431544E58","StepOrder":"2","Threshold":"-1.0554"},{"ItemResponseOID":"38A45BED-0C1D-4760-85E5-0E5C860D4FDC","StepOrder":"3","Threshold":"-0.5586"},{"ItemResponseOID":"BDA244EB-00D8-4F78-9BBE-EFDDA4D62D1F","StepOrder":"4","Threshold":"-0.0460"}]},{"FormItemOID":"3B5BB306-3ACA-4008-9A1E-44027E164355","ID":"NQPRF24","A_GRM":"4.48516","Map":[{"ItemResponseOID":"D19CECF4-4FFE-4E30-B1F3-56C72EF044A3","StepOrder":"1","Threshold":"-1.4024"},{"ItemResponseOID":"F2CCFCBE-C7AF-4704-A2E3-85F373FD9FA1","StepOrder":"2","Threshold":"-0.9071"},{"ItemResponseOID":"7F25595E-410D-4E8F-8DAB-2E076FF84CEC","StepOrder":"3","Threshold":"-0.4094"},{"ItemResponseOID":"BDCB7104-AB84-40A5-AFDA-CB0B703096AF","StepOrder":"4","Threshold":"0.0940"}]},{"FormItemOID":"3BDE333C-5EC5-4B90-8F3C-BEC2E32FC3E3","ID":"NQPRF18","A_GRM":"4.67856","Map":[{"ItemResponseOID":"F8FEE06F-69E1-48B9-955B-2B70D7DEAD29","StepOrder":"1","Threshold":"-1.8149"},{"ItemResponseOID":"B51C3ADC-E763-4BC3-BDD5-33DC74360B2E","StepOrder":"2","Threshold":"-1.1445"},{"ItemResponseOID":"E91EDB80-36ED-4924-923D-948F4198E4E2","StepOrder":"3","Threshold":"-0.5925"},{"ItemResponseOID":"C0CAD0E5-E010-4501-B255-87859333A19D","StepOrder":"4","Threshold":"-0.0539"}]},{"FormItemOID":"44C671F4-EE4C-42C9-BB80-555CCA968FB9","ID":"NQPRF12","A_GRM":"6.37643","Map":[{"ItemResponseOID":"2BB35776-5E77-4E02-AC07-218A50B8B2AE","StepOrder":"1","Threshold":"-1.6044"},{"ItemResponseOID":"6D657B79-0BF0-4207-B6F6-CF5EEE2B6ACE","StepOrder":"2","Threshold":"-1.0047"},{"ItemResponseOID":"B76BA5D7-869D-4AD5-BFF3-12DBEB945F25","StepOrder":"3","Threshold":"-0.4923"},{"ItemResponseOID":"EA68D491-F53B-4789-9EC0-61FDD91C0816","StepOrder":"4","Threshold":"-0.0530"}]},{"FormItemOID":"47F1339D-73A9-4CD5-BB7D-4A0AA203348B","ID":"NQPRF25","A_GRM":"3.19098","Map":[{"ItemResponseOID":"4DC0C760-C35C-4873-97C3-87281C4B15A9","StepOrder":"1","Threshold":"-1.8043"},{"ItemResponseOID":"4DE2A036-942D-4936-9C8C-545D97CD284A","StepOrder":"2","Threshold":"-1.2367"},{"ItemResponseOID":"0F79D3F6-E851-4D3A-8FE8-CA04D16E2C15","StepOrder":"3","Threshold":"-0.5488"},{"ItemResponseOID":"D06178DD-9127-4F3C-A51F-01D65EA95DB0","StepOrder":"4","Threshold":"0.0514"}]},{"FormItemOID":"4F190BEE-FD81-4D5D-AA67-EBB60D9D81E2","ID":"NQPRF19","A_GRM":"3.25184","Map":[{"ItemResponseOID":"2CFE0DF4-B48E-4D90-8F2C-F20E57775B1E","StepOrder":"1","Threshold":"-1.6759"},{"ItemResponseOID":"957D7A41-3E95-4897-BDD4-CF338C7747D2","StepOrder":"2","Threshold":"-1.0795"},{"ItemResponseOID":"DC9A6AF3-4168-4FE5-B95E-36A28BC7D15E","StepOrder":"3","Threshold":"-0.4859"},{"ItemResponseOID":"F4BE5C34-E233-41B4-9965-93B7FE905966","StepOrder":"4","Threshold":"0.1147"}]},{"FormItemOID":"5C8D8C87-6A53-4329-BFBF-4C87C44866FB","ID":"NQPRF01","A_GRM":"3.87096","Map":[{"ItemResponseOID":"5AEE6806-4E68-4C0C-99F8-D4A30290EE64","StepOrder":"1","Threshold":"-2.2799"},{"ItemResponseOID":"0DD96556-CEC9-4FC3-89B5-BEFE29141E98","StepOrder":"2","Threshold":"-1.6637"},{"ItemResponseOID":"1C16B358-A612-4AFF-A0AA-05602301937D","StepOrder":"3","Threshold":"-0.9850"},{"ItemResponseOID":"01197D44-4A8F-43A2-BB09-F65E42C6F379","StepOrder":"4","Threshold":"-0.3689"}]},{"FormItemOID":"65E1BA95-1521-4F85-A100-8003789CF8F3","ID":"NQPRF06","A_GRM":"4.43707","Map":[{"ItemResponseOID":"5CDDE566-53E8-4272-BBF9-C66FCFA29012","StepOrder":"1","Threshold":"-1.7079"},{"ItemResponseOID":"4ADFB2DD-1520-4088-9777-A0BA9827B231","StepOrder":"2","Threshold":"-1.1509"},{"ItemResponseOID":"364DF1C2-D8C6-44DE-887C-F17113CD007D","StepOrder":"3","Threshold":"-0.6539"},{"ItemResponseOID":"5DE074CD-4CB0-4F25-95AD-3C26FADC66B4","StepOrder":"4","Threshold":"-0.1624"}]},{"FormItemOID":"6935B0E7-8E36-41E0-9AF1-4B9F63B2A985","ID":"NQPRF07","A_GRM":"4.17977","Map":[{"ItemResponseOID":"85753550-D87B-4A9B-AF36-59E7F93A421E","StepOrder":"1","Threshold":"-1.7506"},{"ItemResponseOID":"F970EB5E-038F-4DD1-BB66-F9882768E84F","StepOrder":"2","Threshold":"-1.2415"},{"ItemResponseOID":"7C0F0658-0CD0-4E1B-8D47-1B80A50FFDF1","StepOrder":"3","Threshold":"-0.7497"},{"ItemResponseOID":"24A89438-36CB-4DDD-8536-44F38214D939","StepOrder":"4","Threshold":"-0.1640"}]},{"FormItemOID":"70E3FAB9-1F2B-4533-A7B1-D4DE32184AEB","ID":"NQPRF30","A_GRM":"4.18112","Map":[{"ItemResponseOID":"9E930FD5-670B-497A-9726-8C0B2C3C22E7","StepOrder":"1","Threshold":"-1.3850"},{"ItemResponseOID":"02DC66F1-07F7-4574-846A-C7E694631895","StepOrder":"2","Threshold":"-0.8260"},{"ItemResponseOID":"0962584D-7F91-49D1-A5CD-BFEBE6D84B37","StepOrder":"3","Threshold":"-0.2639"},{"ItemResponseOID":"9122A44D-73CE-4BD9-9DB3-19A9C3DCDEF2","StepOrder":"4","Threshold":"0.2295"}]},{"FormItemOID":"7D611472-FA25-4D59-8DF9-170BF46DACB9","ID":"NQPRF16","A_GRM":"2.32460","Map":[{"ItemResponseOID":"4C5B4BDD-D443-4BB0-B9D4-5F5205CCC730","StepOrder":"1","Threshold":"-2.1058"},{"ItemResponseOID":"AD015520-ADC0-46C5-9EDC-8695962D93CA","StepOrder":"2","Threshold":"-1.4885"},{"ItemResponseOID":"4BB10DFD-F50C-4C21-AE83-7AD5D76681CD","StepOrder":"3","Threshold":"-0.6597"},{"ItemResponseOID":"DF630F64-F36B-47E8-925D-179E86130480","StepOrder":"4","Threshold":"-0.0023"}]},{"FormItemOID":"7FC78012-EBD5-49D0-88A2-D6763B47202A","ID":"NQPRF11","A_GRM":"5.90291","Map":[{"ItemResponseOID":"80451166-D929-4BB8-9C25-0F332714983C","StepOrder":"1","Threshold":"-1.4736"},{"ItemResponseOID":"74628607-57B4-4761-89CD-CFC0C1D21633","StepOrder":"2","Threshold":"-0.9608"},{"ItemResponseOID":"BC29135F-3323-4C85-8A3B-6A817F14204D","StepOrder":"3","Threshold":"-0.4880"},{"ItemResponseOID":"9ED76255-F7A3-4DA6-8338-61C1DED2E51C","StepOrder":"4","Threshold":"-0.0120"}]},{"FormItemOID":"8039A120-231D-4085-ACCF-767F4B5A042C","ID":"NQPRF39","A_GRM":"5.72968","Map":[{"ItemResponseOID":"BFFC9200-7A55-47A9-9AF7-E77713319A92","StepOrder":"1","Threshold":"-1.4630"},{"ItemResponseOID":"96654829-132C-4E71-8EBC-C145385334B4","StepOrder":"2","Threshold":"-0.9969"},{"ItemResponseOID":"F027E78E-D5D6-46AB-8646-441D8C5071E2","StepOrder":"3","Threshold":"-0.5159"},{"ItemResponseOID":"601EF0CF-2BD9-4FAB-B0FB-53AC7712FC4F","StepOrder":"4","Threshold":"-0.0084"}]},{"FormItemOID":"836B2E62-7AB8-40F7-BAED-BDF962430B83","ID":"NQPRF42","A_GRM":"4.74014","Map":[{"ItemResponseOID":"57FDD008-34C0-4DFE-97C7-9161DF38EBC8","StepOrder":"1","Threshold":"-1.4319"},{"ItemResponseOID":"EDE3B1E5-BF42-4902-B94A-FE25667B2357","StepOrder":"2","Threshold":"-1.0316"},{"ItemResponseOID":"D797E036-B1C1-4C8B-A445-82B52BF6F5C4","StepOrder":"3","Threshold":"-0.5321"},{"ItemResponseOID":"0046B446-3995-4A46-B32F-124F2B23CE5E","StepOrder":"4","Threshold":"0.0049"}]},{"FormItemOID":"8E88ABF6-C7C4-4788-8EFA-AB8932147CCD","ID":"NQPRF21","A_GRM":"4.86280","Map":[{"ItemResponseOID":"CCA2730A-5BEF-4B40-A501-DEAD5042F006","StepOrder":"1","Threshold":"-1.4725"},{"ItemResponseOID":"67406C8D-1BA8-4ECA-9263-3178EDCFC10B","StepOrder":"2","Threshold":"-0.9081"},{"ItemResponseOID":"9CE4621F-2A29-4488-8DFC-040D5F488966","StepOrder":"3","Threshold":"-0.4163"},{"ItemResponseOID":"92C79EE5-4186-4205-B218-DD0BEF8A1297","StepOrder":"4","Threshold":"-0.0036"}]},{"FormItemOID":"96974589-7E01-45F8-8874-8F771DDD9745","ID":"NQPRF43","A_GRM":"3.84003","Map":[{"ItemResponseOID":"A1FADD37-66FE-4572-BE41-32881E7997FE","StepOrder":"1","Threshold":"-1.3960"},{"ItemResponseOID":"C4D8CB8C-20EA-4D51-9A9C-6E7DFE53DBA8","StepOrder":"2","Threshold":"-0.9160"},{"ItemResponseOID":"FFBE8C23-C797-4C67-B4C1-959DAE4FDF38","StepOrder":"3","Threshold":"-0.4064"},{"ItemResponseOID":"9EB65C46-B16B-491C-9851-1247B2A49A8A","StepOrder":"4","Threshold":"0.1354"}]},{"FormItemOID":"9BD29527-6330-4ED5-8A3E-B38B456F9C91","ID":"NQPRF49","A_GRM":"3.72442","Map":[{"ItemResponseOID":"C6A8C2DE-3C90-4603-B4A7-C0CFA63DC941","StepOrder":"1","Threshold":"-1.4281"},{"ItemResponseOID":"6BF3CE0A-8C38-42E4-98AB-21BE8F9EB8DA","StepOrder":"2","Threshold":"-0.9082"},{"ItemResponseOID":"252A914C-CF54-4718-A654-093AA73EF240","StepOrder":"3","Threshold":"-0.3994"},{"ItemResponseOID":"2CFB4C05-C11D-4326-AAF7-4CB7D70C332A","StepOrder":"4","Threshold":"0.0612"}]},{"FormItemOID":"A7B09BDE-304F-4FFD-9AF2-801EDACF201A","ID":"NQPRF27","A_GRM":"5.33741","Map":[{"ItemResponseOID":"DECB6474-D97F-4B31-B829-8234F7276351","StepOrder":"1","Threshold":"-1.5544"},{"ItemResponseOID":"E2CFC9CB-6ABC-489D-B735-2CAD9BC8921A","StepOrder":"2","Threshold":"-0.9830"},{"ItemResponseOID":"7911A63E-40F6-4155-859E-326831B5661C","StepOrder":"3","Threshold":"-0.4478"},{"ItemResponseOID":"38FF55C9-3731-4D74-9A5D-90E068D4D064","StepOrder":"4","Threshold":"0.0209"}]},{"FormItemOID":"A830758F-E072-4225-B246-8570C747DBDB","ID":"NQPRF48","A_GRM":"5.55725","Map":[{"ItemResponseOID":"8B55DF85-8C4E-4B02-B72F-FF8CFE35D9A1","StepOrder":"1","Threshold":"-1.5035"},{"ItemResponseOID":"27560AB0-0AB9-4031-87C3-A4B3274CBDDE","StepOrder":"2","Threshold":"-1.0822"},{"ItemResponseOID":"BF4A5FBB-EFB3-4DD9-A053-23C23AAD7290","StepOrder":"3","Threshold":"-0.4939"},{"ItemResponseOID":"C90AFA46-9392-427B-9E96-A2AD4F8778D0","StepOrder":"4","Threshold":"-0.0724"}]},{"FormItemOID":"B14882DD-01AF-46AC-B6A0-62984C10FB52","ID":"NQPRF22","A_GRM":"5.77176","Map":[{"ItemResponseOID":"4EA12CC4-AE61-4797-824E-A451CFBC061F","StepOrder":"1","Threshold":"-1.5587"},{"ItemResponseOID":"7A056C72-B8AD-469C-BCB6-8BFD0581DBB5","StepOrder":"2","Threshold":"-1.0287"},{"ItemResponseOID":"7CDEC44F-2B3C-47F9-A4F4-B8B0631BBED2","StepOrder":"3","Threshold":"-0.4822"},{"ItemResponseOID":"0FEE2FB1-6478-4E14-A2CB-3DE13F77BA83","StepOrder":"4","Threshold":"0.0302"}]},{"FormItemOID":"B427AFD6-0360-4CE6-B4D5-19F0F4E1FC22","ID":"NQPRF14","A_GRM":"5.44687","Map":[{"ItemResponseOID":"A75107D2-C940-4A45-BF24-262C863C5CF9","StepOrder":"1","Threshold":"-1.4727"},{"ItemResponseOID":"1BE8B4FD-4399-46F3-9BA6-FAE4FEFC9FC8","StepOrder":"2","Threshold":"-0.9511"},{"ItemResponseOID":"4152B019-9151-40F3-8D94-FB728E7AE55B","StepOrder":"3","Threshold":"-0.5090"},{"ItemResponseOID":"73A8BC8D-153C-4B0B-BA8C-30C9B0C9AAB2","StepOrder":"4","Threshold":"-0.0707"}]},{"FormItemOID":"B54A4450-4FF2-4CAF-8055-50FFDFFDB992","ID":"NQPRF17","A_GRM":"5.47607","Map":[{"ItemResponseOID":"37233573-2099-41C8-BBFB-3AED64F4D067","StepOrder":"1","Threshold":"-1.6737"},{"ItemResponseOID":"6E0530AE-0E8F-427C-ADF5-67CFD63FACF3","StepOrder":"2","Threshold":"-1.0828"},{"ItemResponseOID":"7533A2D4-A405-409A-A5D6-99E0BDAB503D","StepOrder":"3","Threshold":"-0.6184"},{"ItemResponseOID":"454BDA9A-9247-4874-BB57-61A5A6E43162","StepOrder":"4","Threshold":"-0.1237"}]},{"FormItemOID":"B8CF4535-6A99-47A7-AE26-9BB6FAF5CC0E","ID":"NQPRF33","A_GRM":"5.08740","Map":[{"ItemResponseOID":"C8E0E3BD-E33E-449C-ACB0-9D09F32CFA6A","StepOrder":"1","Threshold":"-1.5418"},{"ItemResponseOID":"4A9155C3-09A2-4FFC-856B-CED81143502D","StepOrder":"2","Threshold":"-1.2129"},{"ItemResponseOID":"65A16BFF-2BC6-41B7-905A-367980459925","StepOrder":"3","Threshold":"-0.6840"},{"ItemResponseOID":"1BC67D14-C9CC-46E7-AAE1-FCF5DF0B7476","StepOrder":"4","Threshold":"-0.2549"}]},{"FormItemOID":"C94332E3-77CD-4EF9-A1F6-454990F3FBEB","ID":"NQPRF46","A_GRM":"5.80950","Map":[{"ItemResponseOID":"DAE7AB12-370E-409C-BF8E-72060F05B802","StepOrder":"1","Threshold":"-1.4761"},{"ItemResponseOID":"0E1DF79F-E1D7-4F4E-B888-E48EDAA624DD","StepOrder":"2","Threshold":"-1.0582"},{"ItemResponseOID":"7BCE8E21-F66D-431A-BF55-390E6A7E25D9","StepOrder":"3","Threshold":"-0.5879"},{"ItemResponseOID":"3B2E5FF5-ED0F-4C7E-8A08-9BF67C1DE7F6","StepOrder":"4","Threshold":"-0.1514"}]},{"FormItemOID":"D67A3BED-CA8F-42FC-B690-ED1897AD2B47","ID":"NQPRF41","A_GRM":"6.16310","Map":[{"ItemResponseOID":"68F920A4-563A-479F-AE96-AFAFDA84603E","StepOrder":"1","Threshold":"-1.5364"},{"ItemResponseOID":"DD7A5CC7-9B2F-48AA-AA94-8C22B0FCF859","StepOrder":"2","Threshold":"-1.0891"},{"ItemResponseOID":"45751E14-5BA9-4C84-AFB2-E206D7175B9C","StepOrder":"3","Threshold":"-0.5258"},{"ItemResponseOID":"2C770A75-BFAA-4C7F-8B37-26520150AE57","StepOrder":"4","Threshold":"-0.0376"}]},{"FormItemOID":"DA4ED689-CB3C-419A-9534-B26A6C46E9FF","ID":"NQPRF28","A_GRM":"5.08067","Map":[{"ItemResponseOID":"6EE90405-CB9E-451A-BD52-80417A6F8642","StepOrder":"1","Threshold":"-1.4371"},{"ItemResponseOID":"B6151FB3-24AA-40D9-A9CF-7A83A63585AF","StepOrder":"2","Threshold":"-0.9007"},{"ItemResponseOID":"3CA23924-89CD-4287-812D-E21536B845FB","StepOrder":"3","Threshold":"-0.3843"},{"ItemResponseOID":"7F72BC2E-BD08-4361-9DF5-1DA7B85A66A2","StepOrder":"4","Threshold":"0.1416"}]},{"FormItemOID":"F0AA098B-FDAA-4DB4-8FC1-F25DA880DA17","ID":"NQPRF03","A_GRM":"4.52693","Map":[{"ItemResponseOID":"EABA3004-DD9C-4A04-B167-B154B44E78A6","StepOrder":"1","Threshold":"-1.8760"},{"ItemResponseOID":"94034796-9819-46B3-B8F0-7D3ED65B3418","StepOrder":"2","Threshold":"-1.4403"},{"ItemResponseOID":"BC091B4C-177B-45D2-84BD-20E52B09CF8C","StepOrder":"3","Threshold":"-0.7972"},{"ItemResponseOID":"055161AC-52B7-41E8-A732-B30910E88FE3","StepOrder":"4","Threshold":"-0.2821"}]},{"FormItemOID":"F101284E-ED24-455B-9825-092E80E2C9C2","ID":"NQPRF05","A_GRM":"4.60756","Map":[{"ItemResponseOID":"E405C49A-36E3-492C-9AB2-DF18982B43B6","StepOrder":"1","Threshold":"-1.8259"},{"ItemResponseOID":"53A23408-BC28-4867-B579-1E2FE6487DB1","StepOrder":"2","Threshold":"-1.2508"},{"ItemResponseOID":"66B6001F-9120-40D5-9DDD-89B7F6D4CD19","StepOrder":"3","Threshold":"-0.7788"},{"ItemResponseOID":"8A39FA34-206D-4979-88F0-F2CB103F19D0","StepOrder":"4","Threshold":"-0.2270"}]},{"FormItemOID":"F4D969A4-260E-438F-B478-99B3D9B2C61E","ID":"NQPRF29","A_GRM":"3.67975","Map":[{"ItemResponseOID":"8873DAD5-FE4A-4DE2-BAF9-9878FE7D8EE4","StepOrder":"1","Threshold":"-1.3908"},{"ItemResponseOID":"F8FD2C3A-439B-4138-A741-EE32243FB7B4","StepOrder":"2","Threshold":"-0.8294"},{"ItemResponseOID":"B56102EF-0551-42A6-AEC9-571CCA96ECB8","StepOrder":"3","Threshold":"-0.3461"},{"ItemResponseOID":"5F004F68-EDCF-4916-A45F-1B41360570D7","StepOrder":"4","Threshold":"0.1865"}]},{"FormItemOID":"F4E4766B-88E8-4AEA-99EA-780F9C1FBBE5","ID":"NQPRF20","A_GRM":"4.74556","Map":[{"ItemResponseOID":"00E8D5E5-AB46-47B7-B385-12582B4D3ED6","StepOrder":"1","Threshold":"-1.7466"},{"ItemResponseOID":"3555B3A5-5F0C-4E86-8B87-57639184C764","StepOrder":"2","Threshold":"-1.1892"},{"ItemResponseOID":"1BB5C030-27B8-4F6F-AC3F-196ABE9C7CC5","StepOrder":"3","Threshold":"-0.5594"},{"ItemResponseOID":"9821E991-D81F-4B38-9B24-98095C501EC3","StepOrder":"4","Threshold":"0.0213"}]},{"FormItemOID":"F8F73ED0-9453-4A7B-957E-22D956AEAE50","ID":"NQPRF38","A_GRM":"4.24225","Map":[{"ItemResponseOID":"FAC9C003-792B-42EE-92EA-2842EB331556","StepOrder":"1","Threshold":"-1.6320"},{"ItemResponseOID":"6F639866-D9DB-4E17-AD05-8A21BB38CEC7","StepOrder":"2","Threshold":"-1.2035"},{"ItemResponseOID":"927A4833-DD15-400A-9454-65BE317F822F","StepOrder":"3","Threshold":"-0.6410"},{"ItemResponseOID":"921D0AC1-2C64-43B0-BD4E-09E0253A46BA","StepOrder":"4","Threshold":"-0.0875"}]},{"FormItemOID":"FE8ACB93-3BD1-4749-9979-688D6D67BECB","ID":"NQPRF04","A_GRM":"3.52172","Map":[{"ItemResponseOID":"E73E5FE9-42AF-42E5-A13F-732781B968DF","StepOrder":"1","Threshold":"-1.9306"},{"ItemResponseOID":"4438EF4D-84F8-4BC6-BA5D-9748879EA491","StepOrder":"2","Threshold":"-1.2489"},{"ItemResponseOID":"E9802488-2C94-49E7-BE51-0E642070F840","StepOrder":"3","Threshold":"-0.6491"},{"ItemResponseOID":"13548686-6252-42D6-9880-8F9AAA718C97","StepOrder":"4","Threshold":"-0.1808"}]},{"FormItemOID":"FF20198C-DCBA-4B79-B30E-388B6A972326","ID":"NQPRF02","A_GRM":"2.97426","Map":[{"ItemResponseOID":"1E42FD45-E85E-4585-9247-0A6468ECDD3A","StepOrder":"1","Threshold":"-2.0635"},{"ItemResponseOID":"E2C78A52-D60C-45A3-85BF-8C9F1C9FDF2D","StepOrder":"2","Threshold":"-1.5778"},{"ItemResponseOID":"CA589CCA-3909-46DE-A551-BC1DCC381275","StepOrder":"3","Threshold":"-0.8416"},{"ItemResponseOID":"34F0896A-425C-4EDD-B8EB-327530E4F459","StepOrder":"4","Threshold":"-0.1380"}]}]}
