{"FormOID":"1B5A7A47-9D20-496D-A644-F6B6C91BE425","Form":"Six-item satisfaction with participation in social roles short form from the PROMIS-43 Profile","Properties":[{"MinNumItems":"6"},{"MaxNumItems":"6"},{"IRTModel":"0"},{"SelectionMethod":"1"},{"MinTheta":"-4.00"},{"MaxTheta":"4.00"},{"ThetaIncrement":"0.1000"},{"MaxStdErr":"0.30"},{"SelectionGroupSize":"1"},{"LogisticScaling":"1.0000"},{"DistMean":"0.00"},{"DistStdDev":"1.00"},{"FirstItem":""},{"CalibrationSample":"Promis Wave 1"},{"SetSelectionMethod":"Instance"}],"Items":[{"FormItemOID":"03F6A05A-4D47-44CE-8BFE-63314C09BA08","ID":"SRPSAT49","A_GRM":"5.57700","Map":[{"ItemResponseOID":"59F284FF-DD2E-40CC-8D70-265A504BA6E0","StepOrder":"1","Threshold":"-1.5640"},{"ItemResponseOID":"E2826F54-0FF7-4E93-A2B7-7C397151E606","StepOrder":"2","Threshold":"-0.9200"},{"ItemResponseOID":"AC9EAF9C-F665-4CE8-B9D7-F8CC58C1C233","StepOrder":"3","Threshold":"-0.2180"},{"ItemResponseOID":"B1985732-842E-44F9-A4BD-0EF204C4765F","StepOrder":"4","Threshold":"0.4580"}]},{"FormItemOID":"168EAFBA-E9DF-4AE1-A1DC-C8C065EA4EC3","ID":"SRPSAT07","A_GRM":"4.42400","Map":[{"ItemResponseOID":"713CA6FA-3E01-4BB6-B39F-C6CBCC27BB70","StepOrder":"1","Threshold":"-1.3380"},{"ItemResponseOID":"847ABCE8-4606-4617-9C60-233FE9FC0FBE","StepOrder":"2","Threshold":"-0.7990"},{"ItemResponseOID":"72761D4D-FB6C-4F63-A300-4339A7A5FC83","StepOrder":"3","Threshold":"-0.1310"},{"ItemResponseOID":"9AFBF984-C858-447F-8D4D-973841DDF6CE","StepOrder":"4","Threshold":"0.6750"}]},{"FormItemOID":"242856D1-1293-4BA7-81BD-52C2D61807DD","ID":"SRPSAT47","A_GRM":"4.37700","Map":[{"ItemResponseOID":"6BE9AB9C-79D8-45E7-BA69-0ABAC4759E47","StepOrder":"1","Threshold":"-1.4210"},{"ItemResponseOID":"9A007654-27F7-419B-A746-19572BDA352C","StepOrder":"2","Threshold":"-0.8950"},{"ItemResponseOID":"B41EF643-5F7B-4500-A0BE-6B016C458607","StepOrder":"3","Threshold":"-0.2150"},{"ItemResponseOID":"7F30D1C6-DE72-4589-A0D8-B96B440D340C","StepOrder":"4","Threshold":"0.5700"}]},{"FormItemOID":"441029C2-39A2-4580-9CA0-2B3C1F609594","ID":"SRPSAT24","A_GRM":"4.68800","Map":[{"ItemResponseOID":"F5B11AD8-D699-47C2-AD9D-DBA78A235525","StepOrder":"1","Threshold":"-1.4330"},{"ItemResponseOID":"AC16D558-7C64-4A4F-9C63-6A2E659344F6","StepOrder":"2","Threshold":"-0.9360"},{"ItemResponseOID":"D3B89321-133B-4B07-8F5A-28FB303553CE","StepOrder":"3","Threshold":"-0.2880"},{"ItemResponseOID":"69D2470B-1A49-4F87-B54F-584E8CE6D88A","StepOrder":"4","Threshold":"0.5190"}]},{"FormItemOID":"4E742123-B26D-418A-AF94-28A5B7F24044","ID":"SRPSAT50","A_GRM":"3.67900","Map":[{"ItemResponseOID":"1560F380-A081-476E-83FE-BCE8339BA77F","StepOrder":"1","Threshold":"-1.5680"},{"ItemResponseOID":"215699FE-0675-4938-89A4-37B7BA53734D","StepOrder":"2","Threshold":"-1.0090"},{"ItemResponseOID":"AE66C17D-F7D5-47ED-8707-9FE8A67D929F","StepOrder":"3","Threshold":"-0.3610"},{"ItemResponseOID":"A1B4C20B-F400-4A5E-8E47-3A4E92F4CAF0","StepOrder":"4","Threshold":"0.5520"}]},{"FormItemOID":"A17D1843-2DE5-40FB-839D-1B64CCEB53E9","ID":"SRPSAT39","A_GRM":"4.08000","Map":[{"ItemResponseOID":"F113338C-960F-4631-A944-2EC24E9814BF","StepOrder":"1","Threshold":"-1.4290"},{"ItemResponseOID":"603E4FE3-B0A2-4CE0-80A6-9E61F33D3D27","StepOrder":"2","Threshold":"-0.8310"},{"ItemResponseOID":"94C0D43F-9820-4D86-923A-39862B5519DB","StepOrder":"3","Threshold":"-0.1450"},{"ItemResponseOID":"839A78D3-D717-439A-B44B-83A180B16D11","StepOrder":"4","Threshold":"0.6170"}]}]}
