{"FormOID":"1B66CDEA-2687-4CF8-A642-9432A13A7272","Form":"PROMIS 4-item Social Instrumental Support Short Form","Properties":[{"MinNumItems":"4"},{"MaxNumItems":"4"},{"IRTModel":"0"},{"SelectionMethod":"1"},{"MinTheta":"-4.00"},{"MaxTheta":"4.00"},{"ThetaIncrement":"0.1000"},{"MaxStdErr":"0.30"},{"SelectionGroupSize":"1"},{"LogisticScaling":"1.0000"},{"DistMean":"0.00"},{"DistStdDev":"1.00"},{"FirstItem":""},{"CalibrationSample":"Social Supplement"},{"SetSelectionMethod":"Instance"}],"Items":[{"FormItemOID":"E2C0EBD8-EF53-450C-ADA5-CD7F7AC3D0E0","ID":"CCC31065x","A_GRM":"4.20553","Map":[{"ItemResponseOID":"5B68BF12-28F4-43D2-8619-D107A12031E4","StepOrder":"1","Threshold":"-1.2351"},{"ItemResponseOID":"8C891D20-CC22-415E-85BD-064C06814C98","StepOrder":"2","Threshold":"-0.6932"},{"ItemResponseOID":"C0103757-4C11-421E-B6DB-651687ED3800","StepOrder":"3","Threshold":"-0.1307"},{"ItemResponseOID":"49FBAD69-269A-4C33-815B-7E1496ED4856","StepOrder":"4","Threshold":"0.5580"}]},{"FormItemOID":"EB1876EB-A0D2-42F4-BBF1-1049D7FE804F","ID":"CCC31055x","A_GRM":"4.21559","Map":[{"ItemResponseOID":"6C884509-344D-4CC0-AF7A-FEC41782C0F6","StepOrder":"1","Threshold":"-1.5832"},{"ItemResponseOID":"0050F4BC-3ADD-4666-95AC-0B2FDFF85B41","StepOrder":"2","Threshold":"-1.1107"},{"ItemResponseOID":"A59EC3ED-1D63-48E6-BC82-0FD932AD4C66","StepOrder":"3","Threshold":"-0.5415"},{"ItemResponseOID":"B18043A5-53BB-480C-9150-543AF2E79C79","StepOrder":"4","Threshold":"0.1595"}]},{"FormItemOID":"F103DC3E-92E0-4BE3-A927-F8231CBFACC6","ID":"SS6","A_GRM":"3.93160","Map":[{"ItemResponseOID":"38A3B3A0-968F-41F3-A05C-F48CDC12CDFD","StepOrder":"1","Threshold":"-1.3992"},{"ItemResponseOID":"905E5287-50BB-42D0-92E2-547FA5148FC4","StepOrder":"2","Threshold":"-0.9113"},{"ItemResponseOID":"13343858-FC77-4FB9-9C52-40F4D3AC51EF","StepOrder":"3","Threshold":"-0.2531"},{"ItemResponseOID":"4E038001-2EDC-47E4-A763-BDD1D0D1C7CE","StepOrder":"4","Threshold":"0.5287"}]},{"FormItemOID":"F8C7B663-AC96-4395-982D-3C96AE1B203A","ID":"CCC31052x","A_GRM":"4.43878","Map":[{"ItemResponseOID":"F61E990D-4B78-4971-82E5-312E8CA54713","StepOrder":"1","Threshold":"-1.2537"},{"ItemResponseOID":"0C23BA35-EC6E-4684-A920-F465BBD31439","StepOrder":"2","Threshold":"-0.8036"},{"ItemResponseOID":"59841679-0CB8-412D-A635-A49C48D78522","StepOrder":"3","Threshold":"-0.3463"},{"ItemResponseOID":"DDEBC194-3426-4CF2-8ADF-B9C968B02EEA","StepOrder":"4","Threshold":"0.3750"}]}]}
