{"FormOID":"20C98C3C-6302-472C-919C-93686EA469C9","Form":"This is an 8-item short form in Applied Cognition-Abilities","Properties":[{"MinNumItems":"8"},{"MaxNumItems":"8"},{"IRTModel":"0"},{"SelectionMethod":"1"},{"MinTheta":"-4.00"},{"MaxTheta":"4.00"},{"ThetaIncrement":"0.1000"},{"MaxStdErr":"0.30"},{"SelectionGroupSize":"1"},{"LogisticScaling":"1.0000"},{"DistMean":"0.00"},{"DistStdDev":"1.00"},{"FirstItem":""},{"CalibrationSample":"Cancer Suppliment Calibration"},{"SetSelectionMethod":"Instance"}],"Items":[{"FormItemOID":"03125679-E109-4F59-99CB-91FBF8828D31","ID":"PC6","A_GRM":"5.18421","Map":[{"ItemResponseOID":"88AB6C2A-E226-4FBF-8E7B-6B388391A38C","StepOrder":"1","Threshold":"-1.9058"},{"ItemResponseOID":"24966EAF-0F52-42C6-AB84-95093CC639CA","StepOrder":"2","Threshold":"-1.1007"},{"ItemResponseOID":"02C50B55-B3B2-492B-A22D-74333EA8349F","StepOrder":"3","Threshold":"-0.3265"},{"ItemResponseOID":"4A43BA80-ECBA-487C-80AF-EDBA7BFDC0BB","StepOrder":"4","Threshold":"0.3917"}]},{"FormItemOID":"096BA05A-13DF-4672-A8F4-203A754DCB79","ID":"PC-CaPS3","A_GRM":"5.22487","Map":[{"ItemResponseOID":"DA12B0CE-E5B1-4995-B7F9-EEE89C02EBC8","StepOrder":"1","Threshold":"-1.3871"},{"ItemResponseOID":"58FF50D9-6DB1-4054-A4B5-D996BF549859","StepOrder":"2","Threshold":"-0.9931"},{"ItemResponseOID":"58C26AAC-5A68-4706-BFF1-4180219C8AAB","StepOrder":"3","Threshold":"-0.3390"},{"ItemResponseOID":"78BA599A-29A3-45ED-AAAA-1A0F9ED60690","StepOrder":"4","Threshold":"0.3329"}]},{"FormItemOID":"153A3620-9F89-4A76-8C90-D3CFE2652844","ID":"PC45_2","A_GRM":"4.59306","Map":[{"ItemResponseOID":"F888C74E-DA2E-405E-BA2D-5D3877C8EBA0","StepOrder":"1","Threshold":"-1.2163"},{"ItemResponseOID":"485B7B95-CBE7-4D76-B751-D11F72B47186","StepOrder":"2","Threshold":"-0.8521"},{"ItemResponseOID":"83F8F33C-1479-4236-9AD2-424F966C66AA","StepOrder":"3","Threshold":"-0.2092"},{"ItemResponseOID":"89221FEF-79DF-4F27-8D3C-3FE6E5C39482","StepOrder":"4","Threshold":"0.5497"}]},{"FormItemOID":"2076289F-AA80-438F-8C18-546B1C8D6CD0","ID":"PC-CaPS14","A_GRM":"4.34521","Map":[{"ItemResponseOID":"945291BD-A7FF-4E5B-81CE-6BBB64E015C5","StepOrder":"1","Threshold":"-1.2693"},{"ItemResponseOID":"30CC45C1-7C31-439C-92B0-BE6DFB209B64","StepOrder":"2","Threshold":"-0.8569"},{"ItemResponseOID":"9ABF5A3F-2E69-4AD9-AF20-7F5759AA40C3","StepOrder":"3","Threshold":"-0.2194"},{"ItemResponseOID":"DFFF411B-9AB8-4E97-8245-F1F245C360DA","StepOrder":"4","Threshold":"0.5758"}]},{"FormItemOID":"6FD541DF-C5AB-4985-9464-DDE244CA56C7","ID":"PC47_2","A_GRM":"3.96230","Map":[{"ItemResponseOID":"133EF3C2-CF1F-4C66-A7BF-69CD1C1E240A","StepOrder":"1","Threshold":"-1.5299"},{"ItemResponseOID":"3B581596-3DE0-4A74-895E-0F3F2FA3A871","StepOrder":"2","Threshold":"-0.9995"},{"ItemResponseOID":"9F6D0F85-3FCE-4623-AD88-3B35B0560D32","StepOrder":"3","Threshold":"-0.2587"},{"ItemResponseOID":"EF8AA6C4-51B1-4742-B248-ACB8D0E1B6D6","StepOrder":"4","Threshold":"0.5190"}]},{"FormItemOID":"72DB0FF2-2BF0-46EC-918C-7E431C8F3997","ID":"PC43_2","A_GRM":"5.22086","Map":[{"ItemResponseOID":"EC14F150-6DA7-468F-96F1-F66E5108756D","StepOrder":"1","Threshold":"-1.2466"},{"ItemResponseOID":"BE58AC30-85B9-4233-951E-000A1EE0B39C","StepOrder":"2","Threshold":"-0.9054"},{"ItemResponseOID":"E99D7072-B201-4BDA-AC41-BECB04EBDEB1","StepOrder":"3","Threshold":"-0.2232"},{"ItemResponseOID":"09D367A8-6E3D-4072-8D02-D7603440A029","StepOrder":"4","Threshold":"0.4819"}]},{"FormItemOID":"73D90E45-F9C5-4008-8D64-268DAA28C503","ID":"PC29_2","A_GRM":"4.92607","Map":[{"ItemResponseOID":"1485B577-D33F-4882-ABC4-76AA003E9418","StepOrder":"1","Threshold":"-1.4215"},{"ItemResponseOID":"EFA5338E-0DE5-45B4-8BD1-0D1080F9ED01","StepOrder":"2","Threshold":"-0.9694"},{"ItemResponseOID":"4B400B62-76A1-4827-B2D5-7EB0F64FC7C9","StepOrder":"3","Threshold":"-0.3496"},{"ItemResponseOID":"3FA58EDC-CDEB-48F5-99D2-1C2867570824","StepOrder":"4","Threshold":"0.4165"}]},{"FormItemOID":"FE7455D4-1991-4BC5-9A07-9E112F66F471","ID":"PC44_2","A_GRM":"4.46652","Map":[{"ItemResponseOID":"DC5E34EC-289F-4383-B834-334BFA9A7038","StepOrder":"1","Threshold":"-1.1795"},{"ItemResponseOID":"F6311FB1-D642-4B4B-8D66-CAB4186EA6A2","StepOrder":"2","Threshold":"-0.7908"},{"ItemResponseOID":"733F9694-66AD-4394-A714-1CE4CD66A129","StepOrder":"3","Threshold":"-0.1935"},{"ItemResponseOID":"08392288-16AC-44D4-8C01-D5F6BAB15D07","StepOrder":"4","Threshold":"0.5067"}]}]}
