{"FormOID":"22257A5E-4655-4097-AAFE-4DEC11E4240C","Form":"PROMIS Social Ability to Participate 8-item Short Form","Properties":[{"MinNumItems":"8"},{"MaxNumItems":"8"},{"IRTModel":"0"},{"SelectionMethod":"1"},{"MinTheta":"-4.00"},{"MaxTheta":"4.00"},{"ThetaIncrement":"0.1000"},{"MaxStdErr":"0.30"},{"SelectionGroupSize":"1"},{"LogisticScaling":"1.0000"},{"DistMean":"0.00"},{"DistStdDev":"1.00"},{"FirstItem":""},{"CalibrationSample":"Social Supplement"},{"SetSelectionMethod":"Instance"}],"Items":[{"FormItemOID":"3541578F-6BC2-4DFF-811B-C5DD3EB1AE72","ID":"SRPPER26_CaPS","A_GRM":"4.47467","Map":[{"ItemResponseOID":"27C632D1-6FFC-4B7C-BD18-1A1A34E60CC3","StepOrder":"1","Threshold":"-1.5945"},{"ItemResponseOID":"ABF58EF5-0807-458C-9F21-0911BF883466","StepOrder":"2","Threshold":"-1.0487"},{"ItemResponseOID":"2133DDCC-098A-4E5C-BCC7-EEBAEDE0D594","StepOrder":"3","Threshold":"-0.1830"},{"ItemResponseOID":"116B25E3-7682-4638-8367-44975DF4183F","StepOrder":"4","Threshold":"0.5739"}]},{"FormItemOID":"3FCEFA84-C346-44A0-8085-A2A8849B6E1F","ID":"SRPPER11_CaPS","A_GRM":"4.87596","Map":[{"ItemResponseOID":"A48872B4-EE53-4720-AA1E-E5F5E47B352E","StepOrder":"1","Threshold":"-1.6803"},{"ItemResponseOID":"5EEDFDBE-7424-4F46-BD7D-A54466172EBD","StepOrder":"2","Threshold":"-1.0520"},{"ItemResponseOID":"ED96C173-B14F-4EE7-91C9-0223D9178CE1","StepOrder":"3","Threshold":"-0.2255"},{"ItemResponseOID":"9DE7025C-FED1-4446-B29A-CA9FCCF5E411","StepOrder":"4","Threshold":"0.5466"}]},{"FormItemOID":"4B501124-4866-4FDD-94EB-80CD2EDEBBC9","ID":"SRPPER23_CaPS","A_GRM":"4.28248","Map":[{"ItemResponseOID":"4705DD0F-6C8B-462A-8AAB-D01AC06A6114","StepOrder":"1","Threshold":"-1.5796"},{"ItemResponseOID":"BAC882BF-3D4D-45DB-8333-0F6024EBFB63","StepOrder":"2","Threshold":"-1.0344"},{"ItemResponseOID":"7D8A979E-E801-4C34-B317-6060B2822F5B","StepOrder":"3","Threshold":"-0.1992"},{"ItemResponseOID":"A960D349-C80B-467B-A804-B84098EDD237","StepOrder":"4","Threshold":"0.5778"}]},{"FormItemOID":"6E97287D-3C62-461F-9133-E55A04427451","ID":"SRPPER28r1","A_GRM":"4.47040","Map":[{"ItemResponseOID":"F35730C7-EFDF-453C-94C5-DBBC9B64DEB7","StepOrder":"1","Threshold":"-1.6329"},{"ItemResponseOID":"BA9CF718-EBA7-4E6D-B7DE-135537D51BD9","StepOrder":"2","Threshold":"-1.0460"},{"ItemResponseOID":"58BA3C42-4329-4C78-B3C7-E3AC3076EBA3","StepOrder":"3","Threshold":"-0.2051"},{"ItemResponseOID":"B5258706-8C01-4FA4-9E52-01EA5D8F3E87","StepOrder":"4","Threshold":"0.5203"}]},{"FormItemOID":"81EDB452-6390-42CA-B6E2-35015527A23E","ID":"SRPPER18_CaPS","A_GRM":"4.53432","Map":[{"ItemResponseOID":"88707753-3A04-4453-9624-88CC823C6518","StepOrder":"1","Threshold":"-1.6376"},{"ItemResponseOID":"A209CDB9-AB43-44DA-9C5D-2C331BED70AC","StepOrder":"2","Threshold":"-1.0479"},{"ItemResponseOID":"48CA82BC-CFA7-498C-A4FA-B8E83D24ED09","StepOrder":"3","Threshold":"-0.1830"},{"ItemResponseOID":"7C5DBCC6-72E6-450F-B2EC-79157FCC3A3F","StepOrder":"4","Threshold":"0.5453"}]},{"FormItemOID":"BCB8C66D-C8EF-485A-9126-E12E77030F88","ID":"SRPPER46_CaPS","A_GRM":"4.53179","Map":[{"ItemResponseOID":"DFED7433-0894-4F11-8655-3017DA36CC05","StepOrder":"1","Threshold":"-1.6084"},{"ItemResponseOID":"353AD03E-F448-40FB-B4CF-6E498F106AFB","StepOrder":"2","Threshold":"-1.0076"},{"ItemResponseOID":"A1B90C30-90D8-4C14-AC7A-BEA00B15DB4F","StepOrder":"3","Threshold":"-0.1464"},{"ItemResponseOID":"131DCC65-C5F8-47E0-8004-39AAF7453528","StepOrder":"4","Threshold":"0.6376"}]},{"FormItemOID":"C26E6E8E-BAD8-4FDB-BD2D-C92E55E0E681","ID":"SRPPER14r1","A_GRM":"4.42718","Map":[{"ItemResponseOID":"FC433887-532C-4355-B45F-005EDC85CF5D","StepOrder":"1","Threshold":"-1.7377"},{"ItemResponseOID":"9AAF735A-4588-4427-9D7A-24600E375D44","StepOrder":"2","Threshold":"-1.1470"},{"ItemResponseOID":"A847B600-9FA2-44FB-957B-C9AA67F82DCE","StepOrder":"3","Threshold":"-0.3328"},{"ItemResponseOID":"2AE5DD29-FB6F-40AA-B2EA-33B5C46DED37","StepOrder":"4","Threshold":"0.3693"}]},{"FormItemOID":"E52B2DB2-A437-4E2E-96FE-BECF6F67F906","ID":"SRPPER15_CaPS","A_GRM":"4.41656","Map":[{"ItemResponseOID":"AA9D6BFB-BB1E-45BA-9DC0-A8ACD7E70F5D","StepOrder":"1","Threshold":"-1.5129"},{"ItemResponseOID":"24335E5D-BD5C-45FF-AF05-73D2EB654CC1","StepOrder":"2","Threshold":"-0.9691"},{"ItemResponseOID":"17006060-3916-4A8D-8891-17289ADAAA7A","StepOrder":"3","Threshold":"-0.1008"},{"ItemResponseOID":"3E0FAC0F-F22F-427D-911D-CB17B51CA5DD","StepOrder":"4","Threshold":"0.6221"}]}]}
