{"FormOID":"26BF1878-3FAC-4BA4-8F43-204C11E28BEF","Form":"8 item Physical Function Short Form","Properties":[{"MinNumItems":"8"},{"MaxNumItems":"8"},{"IRTModel":"0"},{"SelectionMethod":"1"},{"MinTheta":"-4.00"},{"MaxTheta":"4.00"},{"ThetaIncrement":"0.1000"},{"MaxStdErr":"0.30"},{"SelectionGroupSize":"1"},{"LogisticScaling":"1.0000"},{"DistMean":"0.00"},{"DistStdDev":"1.00"},{"FirstItem":""},{"CalibrationSample":"Promis Wave 1"},{"SetSelectionMethod":"Instance"}],"Items":[{"FormItemOID":"032B022A-4D41-4E27-BDFD-3BB922F44AFC","ID":"PFA23","A_GRM":"4.28753","Map":[{"ItemResponseOID":"ECB5EBE7-FCB9-45C8-A1F5-FF7BDA6332FE","StepOrder":"2","Threshold":"-1.9146"},{"ItemResponseOID":"11599464-A34E-4892-8F65-8FFF2A2D77BB","StepOrder":"3","Threshold":"-1.5792"},{"ItemResponseOID":"91D2E59C-CAE0-4C97-BA73-F5FA8B4839B0","StepOrder":"4","Threshold":"-1.1944"},{"ItemResponseOID":"7819C83B-419C-4FCD-A266-1BFA59135FDB","StepOrder":"5","Threshold":"-0.6814"}]},{"FormItemOID":"4A9FFE44-7B42-41EB-9531-88F64F0A7934","ID":"PFA11","A_GRM":"4.83487","Map":[{"ItemResponseOID":"23B3C29C-21B8-478D-9D4A-9FB306946916","StepOrder":"2","Threshold":"-1.9837"},{"ItemResponseOID":"F17BECE5-CE33-4784-93E8-DEF47FDB9BF7","StepOrder":"3","Threshold":"-1.5298"},{"ItemResponseOID":"BA6F73DE-A801-498E-B7FD-2DDD417F8887","StepOrder":"4","Threshold":"-1.1056"},{"ItemResponseOID":"028F111C-9FAE-49E5-8887-4816CE60B424","StepOrder":"5","Threshold":"-0.4545"}]},{"FormItemOID":"660C63A9-6A8B-4940-A2F8-BEDC33D1CBC9","ID":"PFC12","A_GRM":"4.68283","Map":[{"ItemResponseOID":"231FA0A4-82B8-4185-89BA-D674EDD338AC","StepOrder":"2","Threshold":"-1.4213"},{"ItemResponseOID":"CD8180C0-12E1-4F90-912F-BCAED123C11E","StepOrder":"3","Threshold":"-0.9182"},{"ItemResponseOID":"309ECBF2-6C56-4BF0-A5EA-51235E3BBDCE","StepOrder":"4","Threshold":"-0.3854"},{"ItemResponseOID":"FAD140F8-B8B8-4660-AFD6-4C51460793A2","StepOrder":"5","Threshold":"0.0586"}]},{"FormItemOID":"6CFCFA27-ADFA-40DF-BC5C-245BCDC8D563","ID":"PFA4","A_GRM":"4.39902","Map":[{"ItemResponseOID":"46240962-B3C3-4CC4-ACE8-E6A33B1955A2","StepOrder":"2","Threshold":"-1.5594"},{"ItemResponseOID":"B3D88561-05C2-4B12-B7E9-E1B64E14F06E","StepOrder":"3","Threshold":"-0.9773"},{"ItemResponseOID":"823FBD5F-059D-48D9-A36D-4F5B18BF0335","StepOrder":"4","Threshold":"-0.4150"},{"ItemResponseOID":"4E52C7D7-3C0F-417B-AC78-C36D3234894D","StepOrder":"5","Threshold":"0.0586"}]},{"FormItemOID":"6E703E8C-2523-46D0-91E7-89515C514819","ID":"PFB1","A_GRM":"4.38889","Map":[{"ItemResponseOID":"7303460B-3FCC-46FF-B750-FD43D038142E","StepOrder":"2","Threshold":"-2.4474"},{"ItemResponseOID":"4E2625D7-E81B-4C01-98C9-C9B5DB9C86FD","StepOrder":"3","Threshold":"-1.6384"},{"ItemResponseOID":"9CC8EC85-BAC8-4A98-AA94-A50980371868","StepOrder":"4","Threshold":"-1.0760"},{"ItemResponseOID":"F1260D2C-2990-47A2-A813-8B225F71222A","StepOrder":"5","Threshold":"-0.6320"}]},{"FormItemOID":"851C124A-486F-4F60-A389-9B4D82E68CED","ID":"PFA21","A_GRM":"4.23685","Map":[{"ItemResponseOID":"08F975C3-0BC5-4FA1-85AF-9E39FBAC4146","StepOrder":"2","Threshold":"-1.8850"},{"ItemResponseOID":"465E4D95-C5FD-4E63-A36C-6802AB08702E","StepOrder":"3","Threshold":"-1.4805"},{"ItemResponseOID":"06C74631-BFE2-46E7-8730-6D91AC3ABA0C","StepOrder":"4","Threshold":"-1.0464"},{"ItemResponseOID":"18291767-E2C6-48BB-B613-4DECE7AD94EF","StepOrder":"5","Threshold":"-0.3953"}]},{"FormItemOID":"A1E4D36E-FB2C-440D-B2FB-66B1D4F14CE1","ID":"PFA53","A_GRM":"4.43957","Map":[{"ItemResponseOID":"0BD7D1EF-0AEC-4FAF-9DDD-841405A447E3","StepOrder":"2","Threshold":"-2.5460"},{"ItemResponseOID":"359A3665-5128-434E-83B6-D5D37B1732ED","StepOrder":"3","Threshold":"-1.9738"},{"ItemResponseOID":"06F6D31A-CE35-416D-8F18-437A2253B3BD","StepOrder":"4","Threshold":"-1.4509"},{"ItemResponseOID":"ACF32B0B-65D0-4DAF-B7ED-CCB9EC62E120","StepOrder":"5","Threshold":"-0.8195"}]},{"FormItemOID":"D80EA1A8-A970-4A75-BE85-B290A524499E","ID":"PFA5","A_GRM":"4.13549","Map":[{"ItemResponseOID":"8A18A41F-118B-47E8-BE50-B9B8F1896867","StepOrder":"2","Threshold":"-2.3684"},{"ItemResponseOID":"019E5B6A-3AEF-49BC-B3F9-E0BF41F04221","StepOrder":"3","Threshold":"-1.6186"},{"ItemResponseOID":"9CF65DB3-8838-49A8-B1B5-998DD0FF1B4E","StepOrder":"4","Threshold":"-1.0365"},{"ItemResponseOID":"245E47CD-9D06-412E-94AD-628899F45E2C","StepOrder":"5","Threshold":"-0.5334"}]}]}
