{"FormOID":"2B92F44C-302B-4C35-8772-3548BC43CB6A","Form":"Aspects of a person???s life that relate to a sense of well-being, life satisfaction or an overall sense of purpose and meaning.","Properties":[{"MinNumItems":"4"},{"MaxNumItems":"12"},{"IRTModel":"0"},{"SelectionMethod":"1"},{"MinTheta":"-4.00"},{"MaxTheta":"4.00"},{"ThetaIncrement":"0.1000"},{"MaxStdErr":"0.30"},{"SelectionGroupSize":"1"},{"LogisticScaling":"1.0000"},{"DistMean":"0.00"},{"DistStdDev":"1.00"},{"FirstItem":""},{"CalibrationSample":"Wave 1B"},{"SetSelectionMethod":"FormDefault"}],"Items":[{"FormItemOID":"094B6133-650F-4A3B-8380-9F1E63B5D446","ID":"NQPPF04","A_GRM":"2.73128","Map":[{"ItemResponseOID":"03DFB393-C69C-437E-9370-DD8F7B5EA20D","StepOrder":"1","Threshold":"-1.8634"},{"ItemResponseOID":"ECDF07AD-D0CA-4770-A9E6-C8E100F711D9","StepOrder":"2","Threshold":"-1.2606"},{"ItemResponseOID":"BA256D26-3783-4DC2-9709-3EB25E5B8277","StepOrder":"3","Threshold":"-0.1628"},{"ItemResponseOID":"9D75528A-89C1-47DC-A02D-DDA2972E9706","StepOrder":"4","Threshold":"0.7927"}]},{"FormItemOID":"1FF4DFAB-23E0-47C1-A1A7-C5C15B474811","ID":"NQPPF13","A_GRM":"5.20641","Map":[{"ItemResponseOID":"87F40527-7FFD-43C8-8B2F-B30976E28FD2","StepOrder":"1","Threshold":"-1.5009"},{"ItemResponseOID":"AB19BE51-62BD-4D26-8419-03C3A2AD002A","StepOrder":"2","Threshold":"-0.8824"},{"ItemResponseOID":"8BAA9C1A-FCB4-4313-87F9-30B00B92DF30","StepOrder":"3","Threshold":"0.0111"},{"ItemResponseOID":"C43F56BA-CE8B-4453-B812-3F24EFDB3482","StepOrder":"4","Threshold":"0.6963"}]},{"FormItemOID":"2C640A21-86B4-4B9C-8B8A-5F523B629E5E","ID":"NQPPF07","A_GRM":"4.01345","Map":[{"ItemResponseOID":"AE100014-B7BF-4FF6-9DA5-7DD4DD116C9B","StepOrder":"1","Threshold":"-1.4680"},{"ItemResponseOID":"9B4572F8-D326-4C28-9647-305DDA9DC49E","StepOrder":"2","Threshold":"-0.6688"},{"ItemResponseOID":"AC8C74E8-0F72-43C2-8E6A-351C02CEAF83","StepOrder":"3","Threshold":"0.1761"},{"ItemResponseOID":"A46BDBF4-CAA9-414B-BFD8-7152B407080B","StepOrder":"4","Threshold":"1.0750"}]},{"FormItemOID":"351A2341-3AF2-4EAF-ADCD-688992F0E045","ID":"NQPPF24","A_GRM":"2.82777","Map":[{"ItemResponseOID":"6FFAF060-C612-4841-9671-2F403F403D4A","StepOrder":"1","Threshold":"-1.8748"},{"ItemResponseOID":"193B3642-EB8E-4EC1-B0AA-9D4467D462B5","StepOrder":"2","Threshold":"-1.0353"},{"ItemResponseOID":"B621F19E-83C2-4F94-842A-D3A1DCAF0216","StepOrder":"3","Threshold":"-0.1059"},{"ItemResponseOID":"84F2B089-F791-4334-A7A7-4CDEDFFD2C3E","StepOrder":"4","Threshold":"0.7589"}]},{"FormItemOID":"38CE17A5-59C5-40BE-8AAF-EA8988734678","ID":"NQPPF17","A_GRM":"5.60018","Map":[{"ItemResponseOID":"5B88EA53-9AD0-421C-BF33-40292A8CD126","StepOrder":"1","Threshold":"-1.3890"},{"ItemResponseOID":"EADEC05C-868A-43F3-BDBF-69B576B7AA90","StepOrder":"2","Threshold":"-0.8450"},{"ItemResponseOID":"D411318A-9B86-4F45-B717-E851B2AF2459","StepOrder":"3","Threshold":"0.0008"},{"ItemResponseOID":"0D712F48-42DB-43CF-A6BF-649431769377","StepOrder":"4","Threshold":"0.6868"}]},{"FormItemOID":"43C1CA1C-B3B6-483F-A58B-0F99462B86B2","ID":" NQPPF14","A_GRM":"6.60979","Map":[{"ItemResponseOID":"CB14E65C-DC8E-4179-9541-CB1945B9D53E","StepOrder":"1","Threshold":"-1.4063"},{"ItemResponseOID":"26895263-E0C0-40BA-A8B4-80617B6BAF9B","StepOrder":"2","Threshold":"-0.7089"},{"ItemResponseOID":"F7349522-68BF-46DF-BCF8-31A0061C816E","StepOrder":"3","Threshold":"0.0725"},{"ItemResponseOID":"8093C09F-860C-42D3-AD0E-B427B03F913F","StepOrder":"4","Threshold":"0.8153"}]},{"FormItemOID":"6733772B-A511-4EE5-A788-DE45C8CA7655","ID":"NQPPF05","A_GRM":"3.03956","Map":[{"ItemResponseOID":"3E192223-EEE5-4258-9C31-4795360F7252","StepOrder":"1","Threshold":"-1.6355"},{"ItemResponseOID":"71B2E316-7097-4194-B5F9-FBB1BCBE0FC8","StepOrder":"2","Threshold":"-0.8474"},{"ItemResponseOID":"B73F5BD4-84FC-4085-AD3F-98D5DF9051BF","StepOrder":"3","Threshold":"0.0259"},{"ItemResponseOID":"334112A7-F52C-4163-8FB0-56AD7D488DCF","StepOrder":"4","Threshold":"1.2794"}]},{"FormItemOID":"6DEF1F1E-BFE9-4241-99AD-2F72668F4A7F","ID":" NQPPF15","A_GRM":"5.82867","Map":[{"ItemResponseOID":"B468BBCF-4BE6-4863-8766-C79BBE901D95","StepOrder":"1","Threshold":"-1.3787"},{"ItemResponseOID":"7A6D36F3-7B39-4368-8C47-FF3000EA2904","StepOrder":"2","Threshold":"-0.6955"},{"ItemResponseOID":"0F517DF9-C195-4205-881A-383B99F32B1E","StepOrder":"3","Threshold":"0.1716"},{"ItemResponseOID":"CFC35D13-2209-4745-ACF7-D96C449D6360","StepOrder":"4","Threshold":"0.8919"}]},{"FormItemOID":"729F0406-19C7-4E34-A3DC-668DB65330B5","ID":"NQPPF11","A_GRM":"3.43655","Map":[{"ItemResponseOID":"D02703FB-B4D3-4716-83D2-D62B51D6A844","StepOrder":"1","Threshold":"-1.5457"},{"ItemResponseOID":"FEA33C21-B65B-46C3-A285-06D4E7DEFD3B","StepOrder":"2","Threshold":"-0.8165"},{"ItemResponseOID":"84023155-5D36-443B-8E33-A1F10C473F0E","StepOrder":"3","Threshold":"0.0139"},{"ItemResponseOID":"2417205F-BB03-444D-8FB7-4502C8AE6C61","StepOrder":"4","Threshold":"0.9641"}]},{"FormItemOID":"8966BCCF-710E-46B3-846F-FE97D98F6EF9","ID":"NQPPF02","A_GRM":"2.85836","Map":[{"ItemResponseOID":"9C7008C7-BBAE-467A-A18A-0261717CB3C2","StepOrder":"1","Threshold":"-1.6382"},{"ItemResponseOID":"E967C07B-8011-46E3-BE7C-1F4B08AEDFE0","StepOrder":"2","Threshold":"-0.8430"},{"ItemResponseOID":"85083E4F-B649-4677-9933-E9C6BA0C8B9E","StepOrder":"3","Threshold":"0.1359"},{"ItemResponseOID":"7E01F479-828B-4958-9C05-8D45ED574E03","StepOrder":"4","Threshold":"1.2391"}]},{"FormItemOID":"8E032158-6C58-4375-B6AC-B492829BC24B","ID":"NQPPF23","A_GRM":"3.63087","Map":[{"ItemResponseOID":"F4BF659F-1176-4F1C-A496-41CA4ECABFC4","StepOrder":"1","Threshold":"-0.8407"},{"ItemResponseOID":"0C2DF00B-94A4-4EA3-BED9-6AD90EFDAD89","StepOrder":"2","Threshold":"-0.2679"},{"ItemResponseOID":"504C9C4B-3DFB-4C5E-9CA4-119C8EC41B6E","StepOrder":"3","Threshold":"0.4779"},{"ItemResponseOID":"A25FB75E-9AAD-4F1A-AB5F-7878E45495A9","StepOrder":"4","Threshold":"1.4662"}]},{"FormItemOID":"9708C74D-1AEA-44B9-B34C-ADEB7D8E5818","ID":"NQPPF26","A_GRM":"3.19493","Map":[{"ItemResponseOID":"B53E5368-0220-4B85-8316-92E6975DF467","StepOrder":"1","Threshold":"-1.8862"},{"ItemResponseOID":"3DEBD19C-1DC6-427D-9259-BB2A61B12171","StepOrder":"2","Threshold":"-1.0821"},{"ItemResponseOID":"D92AF291-5852-4C8B-95B9-BD2B4826B422","StepOrder":"3","Threshold":"-0.0979"},{"ItemResponseOID":"0E3792EF-2B8D-4253-9289-20FBA495DD93","StepOrder":"4","Threshold":"0.7449"}]},{"FormItemOID":"9A9B3573-B003-4D67-A70B-CF3763D34686","ID":" NQPPF12","A_GRM":"4.96074","Map":[{"ItemResponseOID":"8F177BDA-4DBB-4E20-8F1F-F7DC266B98D0","StepOrder":"1","Threshold":"-1.6487"},{"ItemResponseOID":"6503B78B-09A5-4BB6-A312-70BC418736AE","StepOrder":"2","Threshold":"-0.8302"},{"ItemResponseOID":"CF3590D1-0AE8-41A4-B506-764F6536A0A8","StepOrder":"3","Threshold":"0.1234"},{"ItemResponseOID":"4C17BD6D-5394-40DE-92EB-0D8227D9D685","StepOrder":"4","Threshold":"0.8777"}]},{"FormItemOID":"A3E6D7BB-9086-4EA7-9B82-7FE0E9D19841","ID":"NQPPF22","A_GRM":"4.58501","Map":[{"ItemResponseOID":"8F6CDE23-EEA3-4B3C-B1EC-46147EF297F1","StepOrder":"1","Threshold":"-1.6527"},{"ItemResponseOID":"60F40B93-1171-40DB-8932-7EAC0351E67D","StepOrder":"2","Threshold":"-0.8785"},{"ItemResponseOID":"DC84B25F-B1D4-49A8-9D11-1E5EFA710A82","StepOrder":"3","Threshold":"0.0931"},{"ItemResponseOID":"3DB81343-3A07-4B30-BB21-8642D00B6741","StepOrder":"4","Threshold":"1.1194"}]},{"FormItemOID":"AD2D0340-D78F-46FC-9BC2-C2ACC7CA04CD","ID":"NQPPF20","A_GRM":"5.09529","Map":[{"ItemResponseOID":"06E8A299-90D2-46FD-BD51-12D2E177D869","StepOrder":"1","Threshold":"-1.5216"},{"ItemResponseOID":"03747853-3841-4A54-9910-5A7145F50201","StepOrder":"2","Threshold":"-0.9021"},{"ItemResponseOID":"1497F29D-7C7E-4AFD-AE78-E1D5C773D3DD","StepOrder":"3","Threshold":"-0.1202"},{"ItemResponseOID":"FB45C183-EFAE-42B0-8D3A-0607899DCE49","StepOrder":"4","Threshold":"0.5311"}]},{"FormItemOID":"B9CB9F5F-3AAA-4257-AAF0-5C49C0FF2DAD","ID":"NQPPF19","A_GRM":"4.15583","Map":[{"ItemResponseOID":"11708A0C-6308-4935-8595-450D0107F8EB","StepOrder":"1","Threshold":"-1.8868"},{"ItemResponseOID":"BAEB7F68-310D-4113-A3D3-17308E6FD8ED","StepOrder":"2","Threshold":"-1.0572"},{"ItemResponseOID":"2A264FFC-0454-4B77-97E9-06DAF50BFD37","StepOrder":"3","Threshold":"-0.2900"},{"ItemResponseOID":"D894348B-3244-4BD9-89BF-D7E2D7257FCE","StepOrder":"4","Threshold":"0.3060"}]},{"FormItemOID":"C7AC87F2-6864-4156-B84F-379FFAB15A0F","ID":"NQPPF03","A_GRM":"3.69836","Map":[{"ItemResponseOID":"C8998CB1-1BAB-4CDF-AD33-40450D3FE5B5","StepOrder":"1","Threshold":"-1.3651"},{"ItemResponseOID":"BC3F7594-8918-4F7A-8C9D-AE18A3FD0975","StepOrder":"2","Threshold":"-0.6816"},{"ItemResponseOID":"A312B3FC-5D74-4D03-8B85-0DA69E34C261","StepOrder":"3","Threshold":"0.1953"},{"ItemResponseOID":"D6F11756-BA12-44CC-9928-9AE423BBEE70","StepOrder":"4","Threshold":"1.0351"}]},{"FormItemOID":"CBE2B5A5-F505-4DD1-BA39-12767AA23565","ID":"NQPPF10","A_GRM":"3.04784","Map":[{"ItemResponseOID":"9748D397-3AAF-48AA-8DC4-896891445369","StepOrder":"1","Threshold":"-1.6718"},{"ItemResponseOID":"74AEBD65-73D2-4616-A7FB-35B3AE886B03","StepOrder":"2","Threshold":"-0.8209"},{"ItemResponseOID":"5263D210-8426-4197-BC78-F74660F64CF1","StepOrder":"3","Threshold":"0.0994"},{"ItemResponseOID":"AEBABFB7-4623-4912-A66F-F3734BE67F3F","StepOrder":"4","Threshold":"0.9884"}]},{"FormItemOID":"D1967A77-616E-44AC-9277-F6EFA3161E71","ID":"NQPPF06","A_GRM":"3.43471","Map":[{"ItemResponseOID":"6279D0AF-66F4-433C-B6FD-AD0A7286A50A","StepOrder":"1","Threshold":"-1.5461"},{"ItemResponseOID":"7BDBFC23-9CA6-452F-BF60-64992A23099B","StepOrder":"2","Threshold":"-0.9063"},{"ItemResponseOID":"AA965BBD-A8C8-4E12-8A6E-F8EEFB8A0D13","StepOrder":"3","Threshold":"0.1045"},{"ItemResponseOID":"9D54E123-2DA3-42E3-B3BB-49F272CC99EB","StepOrder":"4","Threshold":"1.0355"}]},{"FormItemOID":"DC2E6FD9-0131-4D59-AEA6-A98C0A74D23C","ID":"NQPPF16","A_GRM":"4.91912","Map":[{"ItemResponseOID":"D2B8D2E3-50D2-45E1-A0A9-17774F343F77","StepOrder":"1","Threshold":"-1.3921"},{"ItemResponseOID":"F4C552E3-4771-445D-A8D2-33EF4B934F87","StepOrder":"2","Threshold":"-0.6029"},{"ItemResponseOID":"A93BD995-6782-4FE8-A25C-B83640E95893","StepOrder":"3","Threshold":"0.2022"},{"ItemResponseOID":"D6E25F3F-3982-4BF9-A386-941C5E0F56C9","StepOrder":"4","Threshold":"0.9628"}]},{"FormItemOID":"DEF0D6B0-D421-4994-8561-A98DC09A7C1A","ID":"NQPPF21","A_GRM":"3.64840","Map":[{"ItemResponseOID":"DD70EA4D-2F58-4016-8478-B92D9F0578EE","StepOrder":"1","Threshold":"-1.1253"},{"ItemResponseOID":"46948DBA-E6E8-43C2-8139-10CB33EA6FCC","StepOrder":"2","Threshold":"-0.4402"},{"ItemResponseOID":"B3E9F1B0-A2F8-4453-B0FB-1790742FA636","StepOrder":"3","Threshold":"0.3556"},{"ItemResponseOID":"AE4E2CFE-3497-42F1-AFE7-01E3E7C5E682","StepOrder":"4","Threshold":"1.1312"}]},{"FormItemOID":"F1A19DE1-2895-461F-8B87-4DD7D9400834","ID":"NQPPF18","A_GRM":"3.19238","Map":[{"ItemResponseOID":"5F71505A-F51E-4B7D-B943-B585853B97B5","StepOrder":"1","Threshold":"-1.6418"},{"ItemResponseOID":"533E397E-C0FA-48BE-996F-1059F221FC80","StepOrder":"2","Threshold":"-0.7983"},{"ItemResponseOID":"DD920A25-E1A9-47A7-BD01-8288821C8A6C","StepOrder":"3","Threshold":"0.0738"},{"ItemResponseOID":"B778C98B-C584-4244-BBC3-92EA71269CB1","StepOrder":"4","Threshold":"1.1679"}]},{"FormItemOID":"F2E6ED1C-2AEE-46A9-9851-DA0A34FB6B42","ID":"NQPPF08","A_GRM":"2.65589","Map":[{"ItemResponseOID":"D03C29E7-1D81-4FF4-AF14-BD6B5757E896","StepOrder":"1","Threshold":"-1.6319"},{"ItemResponseOID":"067BBE53-A962-48B1-8951-C24B6BD62B4E","StepOrder":"2","Threshold":"-1.0480"},{"ItemResponseOID":"EB9DA31C-E6A8-4FD0-BDEB-9996D995B1FB","StepOrder":"3","Threshold":"-0.1800"},{"ItemResponseOID":"758A94F4-3DFE-423C-BBDA-4E2590A2EBA9","StepOrder":"4","Threshold":"0.7789"}]}]}
