{"FormOID":"30B25224-346C-46F2-A9C7-276EC1731226","Form":"This is a 20-item physical function short form.","Properties":[{"MinNumItems":"20"},{"MaxNumItems":"20"},{"IRTModel":"0"},{"SelectionMethod":"1"},{"MinTheta":"-4.00"},{"MaxTheta":"4.00"},{"ThetaIncrement":"0.1000"},{"MaxStdErr":"0.30"},{"SelectionGroupSize":"1"},{"LogisticScaling":"1.0000"},{"DistMean":"0.00"},{"DistStdDev":"1.00"},{"FirstItem":""},{"CalibrationSample":"Promis Wave 1"},{"SetSelectionMethod":"Instance"}],"Items":[{"FormItemOID":"13595FC5-9EF8-4EAE-9FD9-31316185C2FC","ID":"PFC37","A_GRM":"4.45984","Map":[{"ItemResponseOID":"FF9B29F8-6F52-4DB0-87A4-199E526643D4","StepOrder":"2","Threshold":"-2.3092"},{"ItemResponseOID":"06CA55FB-52FC-493B-B673-6F2AA3049233","StepOrder":"3","Threshold":"-1.6285"},{"ItemResponseOID":"2E8FCE7E-93CE-41DF-9AD0-84B268A1F45D","StepOrder":"4","Threshold":"-1.0464"},{"ItemResponseOID":"DD7A7447-98C2-4AAC-B34D-03C6E667F32A","StepOrder":"5","Threshold":"-0.5728"}]},{"FormItemOID":"1A1B001A-4BD2-4E79-BD52-79997F383165","ID":"PFA5","A_GRM":"4.13549","Map":[{"ItemResponseOID":"97BA9161-77CD-4A5A-96B1-0B54179A7D9D","StepOrder":"2","Threshold":"-2.3684"},{"ItemResponseOID":"66768A11-FB7F-4B13-8383-506ABBA454A3","StepOrder":"3","Threshold":"-1.6186"},{"ItemResponseOID":"C18619EB-B041-4AED-9064-6169E934C87C","StepOrder":"4","Threshold":"-1.0365"},{"ItemResponseOID":"198B9281-B236-4589-BCB3-E3910AD2FC03","StepOrder":"5","Threshold":"-0.5334"}]},{"FormItemOID":"23054C2E-C34E-4C3B-804C-3FAD51E8655F","ID":"PFA11","A_GRM":"4.83487","Map":[{"ItemResponseOID":"3087089A-0E52-4C4E-B3DC-FDC9E208113B","StepOrder":"2","Threshold":"-1.9837"},{"ItemResponseOID":"2683B7D0-3115-4E75-A662-493B6012CF2E","StepOrder":"3","Threshold":"-1.5298"},{"ItemResponseOID":"834FC5CD-2606-4A2E-ACE5-671B7AC177E9","StepOrder":"4","Threshold":"-1.1056"},{"ItemResponseOID":"DAFD72EC-9241-40BA-9071-E7E1D66FB4F6","StepOrder":"5","Threshold":"-0.4545"}]},{"FormItemOID":"5826C359-B1C5-4C1B-8BF4-99239DEAC515","ID":"PFC12","A_GRM":"4.68283","Map":[{"ItemResponseOID":"9FFC5BA2-AE5C-4228-A37B-782A65157A40","StepOrder":"2","Threshold":"-1.4213"},{"ItemResponseOID":"A3C71241-D872-4F73-8824-4DA3FA06774D","StepOrder":"3","Threshold":"-0.9182"},{"ItemResponseOID":"B6E7506A-9488-4EE0-B63B-BDAFC1936BF5","StepOrder":"4","Threshold":"-0.3854"},{"ItemResponseOID":"A50DE9E3-5A81-40E1-A30D-A4FD70A5BED9","StepOrder":"5","Threshold":"0.0586"}]},{"FormItemOID":"5CE0CABC-C707-466E-9C43-3D0ED6FB1558","ID":"PFB24","A_GRM":"3.84154","Map":[{"ItemResponseOID":"A49F8697-2B00-4D14-BB0F-203FCD85EFD1","StepOrder":"2","Threshold":"-1.4114"},{"ItemResponseOID":"22D526E8-8A2D-48C8-B1E8-1DF3C6AF966A","StepOrder":"3","Threshold":"-1.0859"},{"ItemResponseOID":"7D86406E-76B8-4D49-A9EE-BA18DBCD03CD","StepOrder":"4","Threshold":"-0.7406"},{"ItemResponseOID":"0FEB5B7A-B689-4D9C-99A9-FCB1C046BD20","StepOrder":"5","Threshold":"-0.1289"}]},{"FormItemOID":"806C5501-C7EF-448C-A2C5-8F36AAB10C3F","ID":"PFA3","A_GRM":"2.94958","Map":[{"ItemResponseOID":"FEEA77CC-8777-4503-AE37-6C229BF50A14","StepOrder":"2","Threshold":"-2.2500"},{"ItemResponseOID":"B833AFBC-C44D-4EC1-935F-FC4D1A5895DB","StepOrder":"3","Threshold":"-1.2635"},{"ItemResponseOID":"577209BC-C3FE-496D-BF87-D089447571D0","StepOrder":"4","Threshold":"-0.5630"},{"ItemResponseOID":"0534BDBA-9A8D-4720-A130-D26E1ADFC5A1","StepOrder":"5","Threshold":"0.0290"}]},{"FormItemOID":"83815F73-3B12-42A8-A5AC-83ACA74BDD7C","ID":"PFA51","A_GRM":"3.01039","Map":[{"ItemResponseOID":"165E0C2B-BEB6-4925-8EA5-A98A5D0CDF50","StepOrder":"2","Threshold":"-3.6017"},{"ItemResponseOID":"D3327894-0668-4763-9B7C-E460D6A0B1D6","StepOrder":"3","Threshold":"-3.1182"},{"ItemResponseOID":"D424CBC0-E586-4552-85CA-E6ACFB837827","StepOrder":"4","Threshold":"-2.5559"},{"ItemResponseOID":"41DABB64-87C0-4480-B7C9-926E963A1E7A","StepOrder":"5","Threshold":"-2.0231"}]},{"FormItemOID":"8D24F5EA-4D64-4969-8091-42261DC7C0A3","ID":"PFA12","A_GRM":"3.45638","Map":[{"ItemResponseOID":"B7CCBFAD-DB32-41DC-9882-3E9F2F7447AA","StepOrder":"2","Threshold":"-2.7039"},{"ItemResponseOID":"6C3B4308-D950-4BC3-9942-48D65456279A","StepOrder":"3","Threshold":"-2.0429"},{"ItemResponseOID":"05B381A1-5522-43D1-A74A-02F94118723E","StepOrder":"4","Threshold":"-1.5200"},{"ItemResponseOID":"FB59BFAE-52D8-4FF9-B14F-74EACFD56DA2","StepOrder":"5","Threshold":"-0.7504"}]},{"FormItemOID":"920F88C9-8E05-409F-A644-C8545C2FD9E9","ID":"PFA55","A_GRM":"3.57801","Map":[{"ItemResponseOID":"427A540C-80CE-464F-8936-B3AC56CFFB8D","StepOrder":"2","Threshold":"-3.3451"},{"ItemResponseOID":"712050C5-CCEC-4C60-AA13-72D892816BD0","StepOrder":"3","Threshold":"-2.6545"},{"ItemResponseOID":"820467F3-0E42-453C-B4E3-2092230D3565","StepOrder":"4","Threshold":"-2.0725"},{"ItemResponseOID":"4E281A4A-A34A-4695-830E-093BB87BB702","StepOrder":"5","Threshold":"-1.4805"}]},{"FormItemOID":"97ACE075-582C-4E89-AA6E-9A3C7F8F68A5","ID":"PFA1","A_GRM":"3.31447","Map":[{"ItemResponseOID":"1D4E82C2-016F-4958-8F96-7D5C2330B5A5","StepOrder":"2","Threshold":"-1.1155"},{"ItemResponseOID":"4620B932-0660-4C5F-BDAB-659E7646DC27","StepOrder":"3","Threshold":"-0.5038"},{"ItemResponseOID":"BC7A3E7A-2037-4371-862C-3B91C945FE54","StepOrder":"4","Threshold":"0.1276"},{"ItemResponseOID":"02990179-80AB-4FE9-83FB-A4AD23BDF91D","StepOrder":"5","Threshold":"0.6012"}]},{"FormItemOID":"9805843F-1D12-4A5E-8709-1403DCAA9388","ID":"PFC45","A_GRM":"3.11175","Map":[{"ItemResponseOID":"8E68F40B-4EE8-4899-9DA7-527BC93F23F4","StepOrder":"2","Threshold":"-3.1084"},{"ItemResponseOID":"E2B68919-6C67-40EE-A980-E04D20226955","StepOrder":"3","Threshold":"-2.7828"},{"ItemResponseOID":"F3BE9D33-7391-47AB-AA6F-2475E4F259E5","StepOrder":"4","Threshold":"-2.2106"},{"ItemResponseOID":"EE2A272D-19E1-4F7F-B660-2EB8FBD41F8F","StepOrder":"5","Threshold":"-1.4608"}]},{"FormItemOID":"9BA90A8E-FA47-44F6-99F1-C986EBA8069F","ID":"PFC46","A_GRM":"3.47665","Map":[{"ItemResponseOID":"73191F12-B937-401C-A354-093A60F3B0E9","StepOrder":"2","Threshold":"-3.3649"},{"ItemResponseOID":"3C675C42-11CF-451B-A1C4-4B93E00BB473","StepOrder":"3","Threshold":"-2.8617"},{"ItemResponseOID":"021385C1-FCC0-476D-8136-04C68DFFBDBC","StepOrder":"4","Threshold":"-2.2796"},{"ItemResponseOID":"CDD72D9B-A4C1-4D90-AA40-07222CD11A8E","StepOrder":"5","Threshold":"-1.5496"}]},{"FormItemOID":"9EF9BF56-D354-45CD-A9D1-4533265C9A44","ID":"PFA16","A_GRM":"3.36515","Map":[{"ItemResponseOID":"5FA7CD4A-AB50-48A9-9981-64AC0BE8085F","StepOrder":"2","Threshold":"-3.1380"},{"ItemResponseOID":"BC24AE35-D0ED-42C7-AD2D-72374F59674F","StepOrder":"3","Threshold":"-2.5559"},{"ItemResponseOID":"C412ECA0-258F-4912-90F7-D684F95D6046","StepOrder":"4","Threshold":"-1.9146"},{"ItemResponseOID":"4D21FDCC-93A7-4B22-B164-3098B0686600","StepOrder":"5","Threshold":"-1.2437"}]},{"FormItemOID":"A4615030-FC07-468B-B842-ABF48F32EFF5","ID":"PFA34","A_GRM":"2.16910","Map":[{"ItemResponseOID":"1405BDEE-8104-45D1-80C5-0865381C35E2","StepOrder":"2","Threshold":"-2.5460"},{"ItemResponseOID":"CF1AAB95-95EE-4DBF-BA1E-18EBA27DD12A","StepOrder":"3","Threshold":"-2.0133"},{"ItemResponseOID":"BE824AA2-AFB9-420F-AC18-AC77D2D582BA","StepOrder":"4","Threshold":"-1.4114"},{"ItemResponseOID":"A76C6202-66A4-47CA-8975-9C4DB0BF2773","StepOrder":"5","Threshold":"-0.5433"}]},{"FormItemOID":"A7EAD153-A072-471F-88AF-3CBE40F7301D","ID":"PFC36","A_GRM":"4.45984","Map":[{"ItemResponseOID":"3488F83C-3C99-4FC5-843C-2B0EE7DE991D","StepOrder":"2","Threshold":"-1.4312"},{"ItemResponseOID":"CF84339F-07A9-4BB2-8559-754EBF8E5F57","StepOrder":"3","Threshold":"-1.0069"},{"ItemResponseOID":"0BB84659-4C44-4027-961E-BC7BDBE2920C","StepOrder":"4","Threshold":"-0.5926"},{"ItemResponseOID":"045A7041-A18F-470A-84D6-607CD8F359DB","StepOrder":"5","Threshold":"-0.2275"}]},{"FormItemOID":"B5A0B087-47D8-45E9-A09A-8D007B36B241","ID":"PFB22","A_GRM":"3.11175","Map":[{"ItemResponseOID":"AE9BBD44-88D5-48C1-B666-D26360DC65E3","StepOrder":"2","Threshold":"-3.6214"},{"ItemResponseOID":"01820193-395C-4C71-82E5-8E27CB4B7EAE","StepOrder":"3","Threshold":"-2.7828"},{"ItemResponseOID":"4E50A8D9-5994-457B-96B2-58C879D1D513","StepOrder":"4","Threshold":"-2.2895"},{"ItemResponseOID":"5ED840C5-C3EB-49A8-890E-B1A5FE104292","StepOrder":"5","Threshold":"-1.5989"}]},{"FormItemOID":"B5D51345-782E-467A-8F69-1B0C0FE8B236","ID":"PFA38","A_GRM":"2.80767","Map":[{"ItemResponseOID":"4AAD5DFC-F44D-4FAA-93B6-FB490AAFA9DD","StepOrder":"2","Threshold":"-3.0294"},{"ItemResponseOID":"78904C12-9347-4D1D-AA1B-FD417B23EB87","StepOrder":"3","Threshold":"-2.5066"},{"ItemResponseOID":"4ECD348E-1402-4A06-9513-F81E090881E5","StepOrder":"4","Threshold":"-1.9442"},{"ItemResponseOID":"AEC7EDED-4D03-4022-B574-A298D4BE7E3D","StepOrder":"5","Threshold":"-1.3917"}]},{"FormItemOID":"E5499C44-98B7-456E-AD4B-3787859B3D47","ID":"PFB26","A_GRM":"3.32461","Map":[{"ItemResponseOID":"8CE0A2D5-9C3C-4007-B44C-E3C6881DF445","StepOrder":"2","Threshold":"-3.1676"},{"ItemResponseOID":"1834B63D-97CB-4EF5-A290-1BE362916606","StepOrder":"3","Threshold":"-2.8815"},{"ItemResponseOID":"A1AC5CEF-3B4A-44E8-B7F4-8B470D1A3268","StepOrder":"4","Threshold":"-2.3388"},{"ItemResponseOID":"4E7ED73E-5558-4438-BD13-2E31E64501A9","StepOrder":"5","Threshold":"-1.7567"}]},{"FormItemOID":"E7F364F7-B3CC-4B7A-9FD7-E36B1C7D18D0","ID":"PFA56","A_GRM":"3.20298","Map":[{"ItemResponseOID":"B1F99173-0AEE-46E4-BDDC-C1E22BFE0B0F","StepOrder":"2","Threshold":"-3.5721"},{"ItemResponseOID":"18A5B322-1B9E-4635-8975-9F0D75CA21D2","StepOrder":"3","Threshold":"-2.6841"},{"ItemResponseOID":"CB91FDAE-FA7A-48D5-AF69-55B4F6EB2E4A","StepOrder":"4","Threshold":"-1.9442"},{"ItemResponseOID":"B307B107-69F6-4957-A3DC-FD0CFD410A4C","StepOrder":"5","Threshold":"-1.0661"}]}]}
