{"FormOID":"32FDB758-FB1B-492D-8C73-F2CF6C8A653B","Form":"Six-item anxiety short form from the PROMIS-43 Profile","Properties":[{"MinNumItems":"6"},{"MaxNumItems":"6"},{"IRTModel":"0"},{"SelectionMethod":"1"},{"MinTheta":"-4.00"},{"MaxTheta":"4.00"},{"ThetaIncrement":"0.1000"},{"MaxStdErr":"0.30"},{"SelectionGroupSize":"1"},{"LogisticScaling":"1.0000"},{"DistMean":"0.00"},{"DistStdDev":"1.00"},{"FirstItem":""},{"CalibrationSample":"Promis Wave 1"},{"SetSelectionMethod":"Instance"}],"Items":[{"FormItemOID":"1D13AA5E-BDE8-49E7-A41F-D4A3E5B3A650","ID":"EDANX53","A_GRM":"3.65611","Map":[{"ItemResponseOID":"DE3CB4B4-D3EC-42DA-A7E7-945846A97422","StepOrder":"1","Threshold":"-0.2318"},{"ItemResponseOID":"66359C6C-EAB5-4C89-8036-08FD3C4F6212","StepOrder":"2","Threshold":"0.5952"},{"ItemResponseOID":"00D750E8-DF64-4A3B-AD5E-2C8246A0703C","StepOrder":"3","Threshold":"1.5635"},{"ItemResponseOID":"20585BA8-A193-4BBD-AA97-C898C807FA74","StepOrder":"4","Threshold":"2.4991"}]},{"FormItemOID":"2118F1B9-0BC0-48E2-A779-FC68BAC2789D","ID":"EDANX01","A_GRM":"3.60215","Map":[{"ItemResponseOID":"D0741335-DFB5-4F17-9892-6BA11CDD3312","StepOrder":"1","Threshold":"0.3416"},{"ItemResponseOID":"A4EA3FD4-D4C5-4C65-B9E2-70BFA6346DC7","StepOrder":"2","Threshold":"1.0895"},{"ItemResponseOID":"24AB01F1-62AD-4FA3-BBE9-6E652EE3F56F","StepOrder":"3","Threshold":"1.9601"},{"ItemResponseOID":"A3906B7E-0E1D-4119-B358-798F6C593A91","StepOrder":"4","Threshold":"2.6987"}]},{"FormItemOID":"316201DF-EE3D-43BF-8E34-94C119201BA4","ID":"EDANX07","A_GRM":"3.55093","Map":[{"ItemResponseOID":"A9FB3BC1-9913-4936-B1AA-3DBF4698A8A6","StepOrder":"1","Threshold":"0.5394"},{"ItemResponseOID":"B1687871-EBA7-479A-B72D-9BD479C81950","StepOrder":"2","Threshold":"1.0460"},{"ItemResponseOID":"47A78179-FF4E-40D8-A26E-CE005C187947","StepOrder":"3","Threshold":"1.8650"},{"ItemResponseOID":"450F2947-F0D1-4AB6-BB73-2B96DA216671","StepOrder":"4","Threshold":"2.3847"}]},{"FormItemOID":"38EC95CD-78BD-4E54-BA47-F411A848093A","ID":"EDANX41","A_GRM":"3.65951","Map":[{"ItemResponseOID":"0C2C5C91-B661-4FFB-80E7-B1A559C15629","StepOrder":"1","Threshold":"0.3644"},{"ItemResponseOID":"9B76548D-611C-4A1F-8C97-6C152C3787B1","StepOrder":"2","Threshold":"1.0338"},{"ItemResponseOID":"C9693C59-0A23-4C57-9A98-1C71EB1332B7","StepOrder":"3","Threshold":"1.7805"},{"ItemResponseOID":"D47A801D-DC78-43CB-995E-AA56ECD568FB","StepOrder":"4","Threshold":"2.6212"}]},{"FormItemOID":"5B987F38-1BCB-4030-A1DC-CCC3A822DA26","ID":"EDANX46","A_GRM":"3.39814","Map":[{"ItemResponseOID":"9ACC1391-F25B-4856-BCFA-B95070D0965D","StepOrder":"1","Threshold":"-0.2166"},{"ItemResponseOID":"F0026390-64E9-4F54-A1BA-B106FCF7E192","StepOrder":"2","Threshold":"0.6321"},{"ItemResponseOID":"09231FA5-74EA-404D-BC3A-2A35DA4DCC4F","StepOrder":"3","Threshold":"1.6444"},{"ItemResponseOID":"1B677BC8-B64B-46E7-84E7-D5EDCF02F492","StepOrder":"4","Threshold":"2.7312"}]},{"FormItemOID":"ACFF1BD8-BCB6-47AC-9B98-3DC9ABAC3022","ID":"EDANX40","A_GRM":"3.88320","Map":[{"ItemResponseOID":"39644A65-1B6C-4321-9EFD-52B9D0DE8A98","StepOrder":"1","Threshold":"0.4859"},{"ItemResponseOID":"50631087-B055-44D9-9FA5-8C78FB79179B","StepOrder":"2","Threshold":"1.2632"},{"ItemResponseOID":"66F7CB4C-D10F-4AB5-9E67-1612BA86A028","StepOrder":"3","Threshold":"2.1111"},{"ItemResponseOID":"C798C8A4-0816-4420-9AD0-E64104B352FD","StepOrder":"4","Threshold":"2.8985"}]}]}
