{"FormOID":"383F9DBC-EE0F-4168-927C-0CACDA438C6F","Form":"Eight-item fatigue short form from the PROMIS-57 Profile","Properties":[{"MinNumItems":"8"},{"MaxNumItems":"8"},{"IRTModel":"0"},{"SelectionMethod":"1"},{"MinTheta":"-4.00"},{"MaxTheta":"4.00"},{"ThetaIncrement":"0.1000"},{"MaxStdErr":"0.30"},{"SelectionGroupSize":"1"},{"LogisticScaling":"1.0000"},{"DistMean":"0.00"},{"DistStdDev":"1.00"},{"FirstItem":""},{"CalibrationSample":"Promis Wave 1"},{"SetSelectionMethod":"Instance"}],"Items":[{"FormItemOID":"10B858FB-2FED-417B-9EA0-804761A596E2","ID":"FATIMP3","A_GRM":"4.77251","Map":[{"ItemResponseOID":"9B2357B5-F8F8-4E02-AC7E-948F844F26E9","StepOrder":"1","Threshold":"-0.6329"},{"ItemResponseOID":"1F5B1B62-3DE1-4206-B7FA-C2C1BECFEE46","StepOrder":"2","Threshold":"0.1258"},{"ItemResponseOID":"427DCA37-F988-4A20-9E9C-8E1944D7F68A","StepOrder":"3","Threshold":"1.0389"},{"ItemResponseOID":"FFA3ECCA-1480-4CD3-8F37-3C6C213626DA","StepOrder":"4","Threshold":"1.9415"}]},{"FormItemOID":"2BCBD7DB-B327-4CDD-8F53-6B275C7CF105","ID":"FATEXP41","A_GRM":"4.32191","Map":[{"ItemResponseOID":"7971447C-E5DA-492F-A8F4-4B0C3463E3C1","StepOrder":"1","Threshold":"-0.5302"},{"ItemResponseOID":"06584A71-321C-4DA2-AB04-0EFCA31A7FAA","StepOrder":"2","Threshold":"0.4511"},{"ItemResponseOID":"EF6F6305-7AFE-4C8F-944C-02077D25F94F","StepOrder":"3","Threshold":"1.1503"},{"ItemResponseOID":"A482F07D-91DC-43C6-A424-28830864EA80","StepOrder":"4","Threshold":"2.0368"}]},{"FormItemOID":"3DC867D7-3FA3-46CE-A566-535E370399B4","ID":"An3","A_GRM":"4.34709","Map":[{"ItemResponseOID":"4B8887FA-E4CB-4917-AC29-44C6589CC520","StepOrder":"1","Threshold":"-0.3111"},{"ItemResponseOID":"0A40C2B7-7E55-4503-BDBE-E217035119C9","StepOrder":"2","Threshold":"0.5041"},{"ItemResponseOID":"46A0F41F-139F-470F-B814-8910B13CA741","StepOrder":"3","Threshold":"1.1796"},{"ItemResponseOID":"C777E620-0CC9-44CC-AE85-730A0B65FF7B","StepOrder":"4","Threshold":"1.9585"}]},{"FormItemOID":"80E0E5F6-196B-4190-A508-EF8AF040193F","ID":"FATIMP16","A_GRM":"3.86264","Map":[{"ItemResponseOID":"98E15A4E-24A3-4A29-9B0A-859F1FD7A240","StepOrder":"1","Threshold":"-0.3853"},{"ItemResponseOID":"A933B2D0-3E12-4B27-BECE-CD31E44A63A9","StepOrder":"2","Threshold":"0.4560"},{"ItemResponseOID":"C8992AF3-724C-45B7-92C2-2ECC0F14BA0E","StepOrder":"3","Threshold":"1.3312"},{"ItemResponseOID":"07DA8711-6B56-485C-92B3-3B1CFF5D15FF","StepOrder":"4","Threshold":"2.2382"}]},{"FormItemOID":"8F6C7D0F-02A6-4849-B0B1-71076E4E1455","ID":"FATEXP35","A_GRM":"4.22759","Map":[{"ItemResponseOID":"3CF79806-55CD-4140-97E8-ADF3FEDE70B3","StepOrder":"1","Threshold":"-0.5079"},{"ItemResponseOID":"468D83FC-AC6A-4514-9CF0-523C3192F2AD","StepOrder":"2","Threshold":"0.3959"},{"ItemResponseOID":"2EAE911E-AD95-49F0-A50B-E3D10893250F","StepOrder":"3","Threshold":"1.0696"},{"ItemResponseOID":"638B6F94-23E8-4BAA-A055-EE7EE9274791","StepOrder":"4","Threshold":"1.8718"}]},{"FormItemOID":"CADA197E-80DB-415A-B265-A19D820F4C85","ID":"FATIMP49","A_GRM":"4.02223","Map":[{"ItemResponseOID":"44D183EB-21F8-4CEA-B1CA-57631321C47B","StepOrder":"1","Threshold":"-0.1864"},{"ItemResponseOID":"C6D311D1-F6EF-4B42-9358-DAEF3C5F2835","StepOrder":"2","Threshold":"0.6670"},{"ItemResponseOID":"98575280-C7AD-4F33-A196-1EFBF454FE1C","StepOrder":"3","Threshold":"1.3071"},{"ItemResponseOID":"E08D7270-DB5E-4ED0-85F4-C62D0149819E","StepOrder":"4","Threshold":"2.0529"}]},{"FormItemOID":"F6F78823-AE37-409C-BC59-C3029FBBBFAD","ID":"FATEXP40","A_GRM":"4.17556","Map":[{"ItemResponseOID":"753ACF56-870B-4FB9-955B-F8A8D43A883E","StepOrder":"1","Threshold":"-0.8828"},{"ItemResponseOID":"13678431-C37F-49A4-A09A-B2DB4272F6F6","StepOrder":"2","Threshold":"0.3275"},{"ItemResponseOID":"73CE5B58-1F7C-4F23-B93A-547B0D585DDF","StepOrder":"3","Threshold":"1.2048"},{"ItemResponseOID":"FC2678CE-2E04-4A3F-9870-471E37722E33","StepOrder":"4","Threshold":"2.1884"}]},{"FormItemOID":"FBFE03E8-4D4C-4951-9806-6AFBC1681210","ID":"HI7","A_GRM":"4.32034","Map":[{"ItemResponseOID":"6F008CEA-B582-47A3-9E10-A2DA43542D6F","StepOrder":"1","Threshold":"-1.1444"},{"ItemResponseOID":"74C85214-D60C-403E-9F35-A7166799F1B2","StepOrder":"2","Threshold":"0.0806"},{"ItemResponseOID":"DC3A21D1-6C82-48D4-8C33-609D6E38F79F","StepOrder":"3","Threshold":"0.9561"},{"ItemResponseOID":"DA7A1C85-70F8-45B0-B2DF-BBC1620C757D","StepOrder":"4","Threshold":"1.7720"}]}]}
