{"FormOID":"3A90D004-B7C0-45A2-9F15-8F3D0A5DB624","Form":"PROMIS 6-item Social Emotional Support Short Form","Properties":[{"MinNumItems":"6"},{"MaxNumItems":"6"},{"IRTModel":"0"},{"SelectionMethod":"1"},{"MinTheta":"-4.00"},{"MaxTheta":"4.00"},{"ThetaIncrement":"0.1000"},{"MaxStdErr":"0.30"},{"SelectionGroupSize":"1"},{"LogisticScaling":"1.0000"},{"DistMean":"0.00"},{"DistStdDev":"1.00"},{"FirstItem":""},{"CalibrationSample":"Social Supplement"},{"SetSelectionMethod":"Instance"}],"Items":[{"FormItemOID":"1D9E1D8A-6AAF-4FD7-B932-6EE3BBFE6C65","ID":"SSE-CaPS6","A_GRM":"5.00456","Map":[{"ItemResponseOID":"EE60570F-5C94-4036-94A5-2F71BDA4034A","StepOrder":"1","Threshold":"-1.5987"},{"ItemResponseOID":"169B832C-2DB7-472E-A8A6-786E10141CE8","StepOrder":"2","Threshold":"-1.0770"},{"ItemResponseOID":"BF0F0115-0AD6-4F00-BB21-0719E08A2D00","StepOrder":"3","Threshold":"-0.4634"},{"ItemResponseOID":"B3FE5953-075C-48D3-9E1F-76A5576A8C5F","StepOrder":"4","Threshold":"0.2217"}]},{"FormItemOID":"25E30DB6-B804-45FB-B2F3-0F445354BD33","ID":"SS12x","A_GRM":"3.76044","Map":[{"ItemResponseOID":"5253888D-C107-4C08-AB74-BBBA9E3F0DDE","StepOrder":"1","Threshold":"-1.9498"},{"ItemResponseOID":"314C76DB-620A-46E7-813C-0DEAE178BB1A","StepOrder":"2","Threshold":"-1.2936"},{"ItemResponseOID":"A8722D4F-0A8B-4152-A71D-B3B154DD71DB","StepOrder":"3","Threshold":"-0.5477"},{"ItemResponseOID":"3ACB287F-11A5-4AD9-A180-DFCC4479A3D6","StepOrder":"4","Threshold":"0.2991"}]},{"FormItemOID":"285C963D-849D-42C9-AD4C-1DC954787FD8","ID":"FSE31059x2","A_GRM":"5.68075","Map":[{"ItemResponseOID":"48188E4B-98FA-4ED0-87F5-14181CCD97B5","StepOrder":"1","Threshold":"-1.6363"},{"ItemResponseOID":"15F25857-F92D-4F27-A6CB-3B749D9D2997","StepOrder":"2","Threshold":"-1.0192"},{"ItemResponseOID":"A30E7A15-ABDB-4803-A4D3-3CA0F4730517","StepOrder":"3","Threshold":"-0.4502"},{"ItemResponseOID":"C1527160-DC80-4EE0-977D-548436C37A83","StepOrder":"4","Threshold":"0.2279"}]},{"FormItemOID":"C0D51440-27E6-4DE1-A4F4-041031FA35ED","ID":"SSQ3x2","A_GRM":"4.42773","Map":[{"ItemResponseOID":"AF6ED08D-45AA-45A7-8303-6D2F403007EE","StepOrder":"1","Threshold":"-1.8454"},{"ItemResponseOID":"5FB4E819-FDA1-4228-BB38-C8AF01BD704F","StepOrder":"2","Threshold":"-1.1174"},{"ItemResponseOID":"010FF61D-7E81-40E4-90FB-CBF520C4C6CC","StepOrder":"3","Threshold":"-0.4471"},{"ItemResponseOID":"14F03C52-9A2A-43D4-B5AC-4806BA092DB0","StepOrder":"4","Threshold":"0.3194"}]},{"FormItemOID":"D05EE7A7-6350-43BF-84F5-CB05C6BF9771","ID":"FSE31069x2","A_GRM":"4.38844","Map":[{"ItemResponseOID":"E2F07FD0-040E-4D1C-90F0-A3AE733B6C2A","StepOrder":"1","Threshold":"-1.8340"},{"ItemResponseOID":"CA78C5C7-89D5-41E8-A737-6BDF90C5BAE9","StepOrder":"2","Threshold":"-1.1945"},{"ItemResponseOID":"76454CDE-7921-4991-996B-868DCBE21125","StepOrder":"3","Threshold":"-0.3903"},{"ItemResponseOID":"8E6E85C0-BD00-4351-B84B-37FA4A8E7F82","StepOrder":"4","Threshold":"0.5488"}]},{"FormItemOID":"E627B87D-ADC1-471F-9BC2-50F7A74287DE","ID":"FSE31053x2","A_GRM":"5.23395","Map":[{"ItemResponseOID":"EC5A64E5-ACAD-4364-A49E-BFD9055FC4BD","StepOrder":"1","Threshold":"-1.8827"},{"ItemResponseOID":"99651B01-8983-4D2C-8FA9-927FDA8720C6","StepOrder":"2","Threshold":"-1.2382"},{"ItemResponseOID":"DA56E6EA-9511-454E-8D87-8277D1717B84","StepOrder":"3","Threshold":"-0.5505"},{"ItemResponseOID":"629E46F7-64C5-4371-AFA8-22653E36C1EA","StepOrder":"4","Threshold":"0.2688"}]}]}
