{"FormOID":"3F7BD7BF-DD2D-46F3-B6C6-769BAB07A1F1","Form":"Emotional Distress - Depression short form from Wave 1 testing.","Properties":[{"MinNumItems":"8"},{"MaxNumItems":"8"},{"IRTModel":"0"},{"SelectionMethod":"1"},{"MinTheta":"-4.00"},{"MaxTheta":"4.00"},{"ThetaIncrement":"0.1000"},{"MaxStdErr":"0.30"},{"SelectionGroupSize":"1"},{"LogisticScaling":"1.0000"},{"DistMean":"0.00"},{"DistStdDev":"1.00"},{"FirstItem":""},{"CalibrationSample":"Promis Wave 1"},{"SetSelectionMethod":"Instance"}],"Items":[{"FormItemOID":"04962145-EF15-4CE6-A328-DCE31036FAEE","ID":"EDDEP29","A_GRM":"4.34292","Map":[{"ItemResponseOID":"AE781F5A-DE9D-4C22-B502-30F1D43FCF7F","StepOrder":"1","Threshold":"-0.1173"},{"ItemResponseOID":"544A4D5A-F999-4721-93AB-E8EC21B005F1","StepOrder":"2","Threshold":"0.5977"},{"ItemResponseOID":"AE2C2BE0-75AF-48A7-8BB7-49053D9C4E3F","StepOrder":"3","Threshold":"1.4282"},{"ItemResponseOID":"B11DEA3A-2677-4ACF-B6BB-732A2797E2B8","StepOrder":"4","Threshold":"2.2725"}]},{"FormItemOID":"1E7FA63A-0879-4A4F-9F8E-9953830E4DC2","ID":"EDDEP06","A_GRM":"4.14476","Map":[{"ItemResponseOID":"DF1D2926-7EC5-4D2C-8DAE-1CBD59C9631F","StepOrder":"1","Threshold":"0.3501"},{"ItemResponseOID":"94449CEF-9B99-47DC-ACD0-1C3DE73EF8DD","StepOrder":"2","Threshold":"0.9153"},{"ItemResponseOID":"9AE63077-F724-4BE3-B55C-950CCE791142","StepOrder":"3","Threshold":"1.6782"},{"ItemResponseOID":"8DF6F381-73F4-498B-AA85-7A744AA734CE","StepOrder":"4","Threshold":"2.4705"}]},{"FormItemOID":"24F8D26C-E9D4-4FB4-A43D-F50A7388BE79","ID":"EDDEP17","A_GRM":"3.27403","Map":[{"ItemResponseOID":"B87177A6-5557-4FCA-9C41-4CDFC2E86B93","StepOrder":"1","Threshold":"-0.4985"},{"ItemResponseOID":"B0F80135-F6FE-454C-9380-2B784DACA5B9","StepOrder":"2","Threshold":"0.4059"},{"ItemResponseOID":"EFF5F1C3-4BCA-4A0B-BE6B-5CF032CE41A8","StepOrder":"3","Threshold":"1.4131"},{"ItemResponseOID":"8006845F-B9ED-41B8-B4F6-CF6A470458A1","StepOrder":"4","Threshold":"2.3755"}]},{"FormItemOID":"4F0744C4-7587-4406-AD6F-87230C44D709","ID":"EDDEP05","A_GRM":"3.93174","Map":[{"ItemResponseOID":"F2947F65-A309-4A99-9E1C-DBDEFCE3099B","StepOrder":"1","Threshold":"0.3049"},{"ItemResponseOID":"7D6D4AEF-1C8E-4457-B025-CC3B796BA7E7","StepOrder":"2","Threshold":"0.9131"},{"ItemResponseOID":"E6DA8920-7243-448D-AB20-425D9A0123D5","StepOrder":"3","Threshold":"1.5935"},{"ItemResponseOID":"C661BF5C-27B7-4F61-81A3-2433BA087FA5","StepOrder":"4","Threshold":"2.4117"}]},{"FormItemOID":"54E833F5-F027-4449-8CE0-D6C4EE67B0A6","ID":"EDDEP04","A_GRM":"4.26142","Map":[{"ItemResponseOID":"F2A95610-7ADC-414E-8B2B-F169983F9D55","StepOrder":"1","Threshold":"0.4011"},{"ItemResponseOID":"06F4943E-2624-487D-9EA2-AD14A472DDC2","StepOrder":"2","Threshold":"0.9757"},{"ItemResponseOID":"597829F6-2001-4085-89DB-092191DB633B","StepOrder":"3","Threshold":"1.6963"},{"ItemResponseOID":"563E7962-D0B0-4F72-B561-3BAC4C7AB921","StepOrder":"4","Threshold":"2.4441"}]},{"FormItemOID":"69C2DD62-1A6C-4B7D-A41D-6DBF27922411","ID":"EDDEP41","A_GRM":"4.45416","Map":[{"ItemResponseOID":"846D17F1-8C49-45D3-AE78-153531091607","StepOrder":"1","Threshold":"0.5584"},{"ItemResponseOID":"DABDFCC0-0AE8-41D0-A795-340C1DF1AA34","StepOrder":"2","Threshold":"1.0742"},{"ItemResponseOID":"C00638DC-AABA-4666-B484-1BD59F8C2E15","StepOrder":"3","Threshold":"1.7793"},{"ItemResponseOID":"23601941-DD98-4831-A8FB-462984D4EA50","StepOrder":"4","Threshold":"2.5301"}]},{"FormItemOID":"B70E4B08-2BC5-4988-94F3-DBFCB592CBAA","ID":"EDDEP22","A_GRM":"3.97003","Map":[{"ItemResponseOID":"8A87C8B0-9B68-449A-AC12-94770938C858","StepOrder":"1","Threshold":"0.2038"},{"ItemResponseOID":"695B9086-CEE3-47A5-988E-DE3EAF2259B9","StepOrder":"2","Threshold":"0.7955"},{"ItemResponseOID":"4D860D5A-EF33-4E19-96F9-A95F061E7F8F","StepOrder":"3","Threshold":"1.6487"},{"ItemResponseOID":"23D527AD-2B22-444E-BE1E-C038DAF98A15","StepOrder":"4","Threshold":"2.2955"}]},{"FormItemOID":"C3A25F01-9E54-47E9-8846-012404DE2B6F","ID":"EDDEP36","A_GRM":"3.48301","Map":[{"ItemResponseOID":"022EFD95-1635-43A2-92F6-1DF32B55AFA2","StepOrder":"1","Threshold":"-0.5359"},{"ItemResponseOID":"B00C544F-F6BC-4B8F-A6D2-04CE67D7AF6A","StepOrder":"2","Threshold":"0.3476"},{"ItemResponseOID":"5D51C85A-125A-4499-94DD-7DD7E26F8F4D","StepOrder":"3","Threshold":"1.3468"},{"ItemResponseOID":"D1240CD0-9E78-4085-96F5-881A2A461C71","StepOrder":"4","Threshold":"2.3548"}]}]}
