{"FormOID":"425D9AC5-3549-49C6-8100-46DCC027129B","Form":"Sensations ranging from tiredness to an overwhelming, debilitating and sustained sense of exhaustion that decreases one???s capacity for physical, functional, social and mental activities.","Properties":[{"MinNumItems":"4"},{"MaxNumItems":"12"},{"IRTModel":"0"},{"SelectionMethod":"1"},{"MinTheta":"-4.00"},{"MaxTheta":"4.00"},{"ThetaIncrement":"0.1000"},{"MaxStdErr":"0.30"},{"SelectionGroupSize":"1"},{"LogisticScaling":"1.0000"},{"DistMean":"0.00"},{"DistStdDev":"1.00"},{"FirstItem":""},{"CalibrationSample":"Wave 1A"},{"SetSelectionMethod":"FormDefault"}],"Items":[{"FormItemOID":"03B688CE-F71C-4E8E-9F37-F55DB29E8A1D","ID":"NQFTG16","A_GRM":"3.13259","Map":[{"ItemResponseOID":"FDAB6C46-735C-468F-8FB2-611861302536","StepOrder":"1","Threshold":"-0.6647"},{"ItemResponseOID":"0DFF7F55-2FFE-415D-8AAD-6C0B61C13553","StepOrder":"2","Threshold":"0.0435"},{"ItemResponseOID":"42D874A8-D9EA-45C2-8611-4CFE923ABB28","StepOrder":"3","Threshold":"0.8894"},{"ItemResponseOID":"FFB6CC1A-1522-4E20-9DEE-F5B34FDD1C40","StepOrder":"4","Threshold":"1.6880"}]},{"FormItemOID":"258049E9-2F3C-44A3-AC7F-6F86C40F5DD1","ID":"NQFTG06","A_GRM":"4.24433","Map":[{"ItemResponseOID":"6FC92F44-04F5-4400-859F-D65241BB553E","StepOrder":"1","Threshold":"-0.9616"},{"ItemResponseOID":"5A86676A-93B8-4190-BCAA-BA155C9882F8","StepOrder":"2","Threshold":"-0.2507"},{"ItemResponseOID":"AC33F2F6-38FF-47B2-948B-CD841B7F7B06","StepOrder":"3","Threshold":"0.6647"},{"ItemResponseOID":"567C8E1A-A988-422A-A698-E59AFBC7CD5F","StepOrder":"4","Threshold":"1.6671"}]},{"FormItemOID":"37E5177D-F60F-4566-92CA-C9623737AD6E","ID":"NQFTG01","A_GRM":"2.71903","Map":[{"ItemResponseOID":"4A9539EF-7C39-4AC0-A191-98139C863C5C","StepOrder":"1","Threshold":"-0.6824"},{"ItemResponseOID":"6CB52A77-68B0-4E73-992A-A3203B83D851","StepOrder":"2","Threshold":"0.0030"},{"ItemResponseOID":"3E573D2E-FFC8-43AE-BDFD-68B398E5D147","StepOrder":"3","Threshold":"0.9387"},{"ItemResponseOID":"90DAB852-6F91-4585-ABD2-FC95E272E1D6","StepOrder":"4","Threshold":"1.8593"}]},{"FormItemOID":"3CB2D1DA-F2A3-451E-85A5-492CD911F8C9","ID":"NQFTG20","A_GRM":"3.15038","Map":[{"ItemResponseOID":"CEC5B7FD-D7FF-4A99-AE39-562E29C17A4D","StepOrder":"1","Threshold":"-0.3644"},{"ItemResponseOID":"3032EEE4-C3C5-4EE7-80D6-18EE8383743A","StepOrder":"2","Threshold":"0.2649"},{"ItemResponseOID":"92FAA81A-54E6-4F1C-BE5C-C87819C73C52","StepOrder":"3","Threshold":"1.0437"},{"ItemResponseOID":"9DEAA013-5B6F-4D1B-9B88-30AACDBC461D","StepOrder":"4","Threshold":"2.0103"}]},{"FormItemOID":"458ED5E1-E260-46A0-824D-0EFA2D7BEABB","ID":"NQFTG03","A_GRM":"1.88783","Map":[{"ItemResponseOID":"794B8F03-8743-481D-8303-9DB626526AEE","StepOrder":"1","Threshold":"-1.2046"},{"ItemResponseOID":"668D1ACB-A804-47B9-AAEB-239D44694E37","StepOrder":"2","Threshold":"-0.4079"},{"ItemResponseOID":"612FCAD3-C217-436F-A7F2-EBE45153C1D5","StepOrder":"3","Threshold":"0.8369"},{"ItemResponseOID":"B9EA727D-07B0-46D2-A868-FBF9FE2DAD9A","StepOrder":"4","Threshold":"1.8845"}]},{"FormItemOID":"4CDE092D-308C-4E55-BFBE-16F0E0E41D8C","ID":"NQFTG05","A_GRM":"3.73878","Map":[{"ItemResponseOID":"7D53BB93-61B7-4372-B46B-890E00244AA7","StepOrder":"1","Threshold":"-1.0477"},{"ItemResponseOID":"35B67BEB-150F-44DF-97D5-458F49912F79","StepOrder":"2","Threshold":"-0.2963"},{"ItemResponseOID":"E3E858EE-B4E9-4E00-A1A5-8DD867064ECC","StepOrder":"3","Threshold":"0.7967"},{"ItemResponseOID":"DECE301B-1F55-4708-8239-7A39A64F7095","StepOrder":"4","Threshold":"1.9179"}]},{"FormItemOID":"622F01EF-D82B-4142-9F52-717B88C22310","ID":"NQFTG18","A_GRM":"3.28957","Map":[{"ItemResponseOID":"0F4563FE-7797-4EB8-A778-981329B37FE3","StepOrder":"1","Threshold":"-0.2825"},{"ItemResponseOID":"1E6B78EC-71C1-441C-A859-5B1C8AD98194","StepOrder":"2","Threshold":"0.3586"},{"ItemResponseOID":"7DDF4BDE-E92E-423D-880D-7557676525E2","StepOrder":"3","Threshold":"1.0424"},{"ItemResponseOID":"4F594F02-7913-446F-97C7-0D7A4327CB60","StepOrder":"4","Threshold":"1.8479"}]},{"FormItemOID":"68303B00-01DA-41E7-BB5E-B20FE6EBF0A5","ID":"NQFTG11","A_GRM":"4.57819","Map":[{"ItemResponseOID":"C359F5FC-19AC-4A68-9AC7-2919FBCCAFBD","StepOrder":"1","Threshold":"-1.1769"},{"ItemResponseOID":"7C99E810-2235-448F-82AB-FE5382F27700","StepOrder":"2","Threshold":"-0.4209"},{"ItemResponseOID":"EC9EABB1-21C2-4055-9C73-D8B38A65AF78","StepOrder":"3","Threshold":"0.3346"},{"ItemResponseOID":"303BE6D6-C133-4739-B87E-EC13428ACAD9","StepOrder":"4","Threshold":"1.2972"}]},{"FormItemOID":"885EF1BC-6A4A-4D82-9B89-1E1A6D901AA1","ID":"NQFTG13","A_GRM":"4.68427","Map":[{"ItemResponseOID":"7A619F14-B1E7-49A0-A2B4-9B9C0120E64C","StepOrder":"1","Threshold":"-0.9271"},{"ItemResponseOID":"24B463DD-75A9-4497-B08A-97E0F26CE337","StepOrder":"2","Threshold":"-0.2550"},{"ItemResponseOID":"DEF54652-4EEF-409E-BBB5-2BD8DAF2B0FA","StepOrder":"3","Threshold":"0.5969"},{"ItemResponseOID":"79624B7E-D867-477C-9437-AD55AE4362D9","StepOrder":"4","Threshold":"1.4212"}]},{"FormItemOID":"92FD1D89-2E94-49B4-87D6-E4D7C1E8180C","ID":"NQFTG14","A_GRM":"3.99133","Map":[{"ItemResponseOID":"0E4CA63E-8EF9-4FB3-96B0-47512A37D5F7","StepOrder":"1","Threshold":"-1.6421"},{"ItemResponseOID":"9C9FC6DE-9BDF-475B-8811-935F648DDA71","StepOrder":"2","Threshold":"-0.7370"},{"ItemResponseOID":"34E3A340-2577-49A0-855A-634F1613AA15","StepOrder":"3","Threshold":"0.3109"},{"ItemResponseOID":"50651CC7-33D3-4269-B3C6-3C33B7E0686E","StepOrder":"4","Threshold":"1.3436"}]},{"FormItemOID":"9609E3FC-0A39-4278-928B-B65406F51792","ID":"NQFTG02","A_GRM":"3.60876","Map":[{"ItemResponseOID":"C1A0D81B-2B1E-4EF3-8B9D-AF1BE6234A50","StepOrder":"1","Threshold":"-0.7494"},{"ItemResponseOID":"448AC28C-A35D-42B5-B714-9F10A7E5B103","StepOrder":"2","Threshold":"-0.1345"},{"ItemResponseOID":"1A4E9FAC-6AD3-4F2E-BAFE-5FAB161BA263","StepOrder":"3","Threshold":"0.7531"},{"ItemResponseOID":"ACFE5FE7-492C-4A25-9906-15142C3E43F8","StepOrder":"4","Threshold":"1.9085"}]},{"FormItemOID":"986C2F90-A860-439D-8E20-BBEB69200817","ID":"NQFTG04","A_GRM":"3.84357","Map":[{"ItemResponseOID":"102E96AB-8B11-4A1A-953A-7DC2253FE3F8","StepOrder":"1","Threshold":"-0.9201"},{"ItemResponseOID":"63CF2C37-6BF2-4C64-9490-A17F4007F56A","StepOrder":"2","Threshold":"-0.2490"},{"ItemResponseOID":"CB7D8701-DD3F-42D5-8511-6DFCF8947F9B","StepOrder":"3","Threshold":"0.8250"},{"ItemResponseOID":"D854ED9A-241F-4556-8E5A-33D4E513734F","StepOrder":"4","Threshold":"1.8828"}]},{"FormItemOID":"BC9CA69A-B150-453D-BCB3-B7102E1EA651","ID":"NQFTG08","A_GRM":"2.97454","Map":[{"ItemResponseOID":"47173E61-1F29-4D3A-AF93-E505A24801A5","StepOrder":"1","Threshold":"-0.6841"},{"ItemResponseOID":"0A893841-AE25-4FB4-8CCD-6F8305D27C21","StepOrder":"2","Threshold":"-0.0853"},{"ItemResponseOID":"2A8553E3-B9A6-4ED6-8146-2769404BAD93","StepOrder":"3","Threshold":"0.6893"},{"ItemResponseOID":"62EB6345-7343-4000-8D01-C300D32CAC78","StepOrder":"4","Threshold":"1.5742"}]},{"FormItemOID":"C4E7702B-038C-424A-85BD-BF9D7233747E","ID":"NQFTG10","A_GRM":"4.14659","Map":[{"ItemResponseOID":"63893C49-8C4E-44D2-9ED9-B7B904AE6E23","StepOrder":"1","Threshold":"-0.7203"},{"ItemResponseOID":"C99B3014-E99E-416A-83F0-387601CF4671","StepOrder":"2","Threshold":"-0.2442"},{"ItemResponseOID":"17D674A8-EE87-45FC-8398-E78296546A4A","StepOrder":"3","Threshold":"0.4339"},{"ItemResponseOID":"934F1C8C-A8A9-44F9-B5AC-6584122FE609","StepOrder":"4","Threshold":"1.1719"}]},{"FormItemOID":"D33A61EA-B922-46BD-B99E-BDB945489105","ID":"NQFTG12","A_GRM":"3.52273","Map":[{"ItemResponseOID":"A8307A6C-98E2-4FCC-9F93-4B27EAB9BA75","StepOrder":"1","Threshold":"-1.1087"},{"ItemResponseOID":"EBB0F680-3CA0-42D2-923E-661265CC9BE7","StepOrder":"2","Threshold":"-0.3817"},{"ItemResponseOID":"D90C820A-88F2-42D1-A5EB-DCFBC7106BBC","StepOrder":"3","Threshold":"0.6168"},{"ItemResponseOID":"F99FE744-E026-42D5-A63B-098F1309E8AC","StepOrder":"4","Threshold":"1.4201"}]},{"FormItemOID":"E2732986-5994-4132-8891-3D8197B68EA3","ID":"NQFTG07","A_GRM":"3.94218","Map":[{"ItemResponseOID":"5D0BC2C5-5469-4DD5-A83E-445207BCD3AA","StepOrder":"1","Threshold":"-0.6045"},{"ItemResponseOID":"DEB0A247-1FAB-48DB-BEEF-C9E0EB767EF0","StepOrder":"2","Threshold":"0.0461"},{"ItemResponseOID":"73712B0C-30A8-48C4-BF74-4680479A48DA","StepOrder":"3","Threshold":"0.9439"},{"ItemResponseOID":"90E408C5-C708-4FE3-AE3A-E55A45330A31","StepOrder":"4","Threshold":"1.9105"}]},{"FormItemOID":"EB402E2D-5DF8-4FDF-B783-21BCE3C5C594","ID":"NQFTG09","A_GRM":"2.71085","Map":[{"ItemResponseOID":"E7B7F1FB-BBB0-4DEE-BBE2-451C60649E80","StepOrder":"1","Threshold":"-0.1995"},{"ItemResponseOID":"E27F8C06-B3EA-4CC0-B5E5-C6BAB1075A9B","StepOrder":"2","Threshold":"0.6916"},{"ItemResponseOID":"3B1B19BD-A23B-46C9-8535-5AE236B8F06F","StepOrder":"3","Threshold":"1.8149"},{"ItemResponseOID":"5DB1615A-A9E3-420E-BD21-1B886CC0A9DA","StepOrder":"4","Threshold":"2.7211"}]},{"FormItemOID":"EB6DD29F-E19E-4B54-8DDB-6A52F532F1A0","ID":"NQFTG17","A_GRM":"3.30362","Map":[{"ItemResponseOID":"02631AEB-B9A0-46CF-A868-8EAD2DB39414","StepOrder":"1","Threshold":"-0.2687"},{"ItemResponseOID":"C5C08F99-60AF-4FCC-A0AE-536AA54EE42B","StepOrder":"2","Threshold":"0.3564"},{"ItemResponseOID":"4955C1D6-E478-41BB-A594-41C18B489C93","StepOrder":"3","Threshold":"1.2033"},{"ItemResponseOID":"9953BA49-4075-415F-B94C-8CAE4CBC55F8","StepOrder":"4","Threshold":"2.0878"}]},{"FormItemOID":"EF63F732-C72B-43F9-923B-72A71E7DDA0A","ID":"NQFTG15","A_GRM":"4.52634","Map":[{"ItemResponseOID":"3D899925-1117-4CD0-8387-CF3DEA1470A8","StepOrder":"1","Threshold":"-1.3033"},{"ItemResponseOID":"AA4FC83B-5F83-41EE-8A62-6B55B2FB8D8F","StepOrder":"2","Threshold":"-0.4729"},{"ItemResponseOID":"0D04E452-1026-428B-979F-C9EDFAACC9A8","StepOrder":"3","Threshold":"0.4058"},{"ItemResponseOID":"3114F514-4662-4190-957E-E0DB155298C7","StepOrder":"4","Threshold":"1.3654"}]}]}
