{"FormOID":"48AA3E5F-CDE6-4FAE-819A-D65992D539C6","Form":"PROMIS Instrumental Support Bank Version 2","Properties":[{"MinNumItems":"4"},{"MaxNumItems":"12"},{"IRTModel":"0"},{"SelectionMethod":"1"},{"MinTheta":"-4.00"},{"MaxTheta":"4.00"},{"ThetaIncrement":"0.1000"},{"MaxStdErr":"0.30"},{"SelectionGroupSize":"1"},{"LogisticScaling":"1.0000"},{"DistMean":"0.00"},{"DistStdDev":"1.00"},{"FirstItem":""},{"CalibrationSample":"Social Supplement"},{"SetSelectionMethod":"FormDefault"}],"Items":[{"FormItemOID":"0E08CDF8-16C6-4680-A5FC-AC9AB8B11387","ID":"SS9","A_GRM":"3.18521","Map":[{"ItemResponseOID":"BD1F1575-47BC-4CED-930A-65ECE2A2AE5F","StepOrder":"1","Threshold":"-1.0071"},{"ItemResponseOID":"30CC3B07-ED7F-43DF-90E3-A6551CA9CE99","StepOrder":"2","Threshold":"-0.4850"},{"ItemResponseOID":"C3BF0320-10FC-470B-8254-8A8BBBCB9E45","StepOrder":"3","Threshold":"0.0222"},{"ItemResponseOID":"6AE6B283-C77D-449B-8D71-8A1D29376917","StepOrder":"4","Threshold":"0.7116"}]},{"FormItemOID":"369BA44F-0B30-46DB-B087-417051B9FA74","ID":"INS-CaPS6","A_GRM":"2.63783","Map":[{"ItemResponseOID":"9060C03C-0E3C-43A3-AAE6-47014002B8C6","StepOrder":"1","Threshold":"-1.9234"},{"ItemResponseOID":"6DD74E34-667C-424A-9868-D73D4233F127","StepOrder":"2","Threshold":"-1.2515"},{"ItemResponseOID":"3DCB4A0C-1C75-4EA2-8484-2AE19A7FA4DD","StepOrder":"3","Threshold":"-0.4260"},{"ItemResponseOID":"4DAC777D-5381-42D9-8A2E-8C2162317C9E","StepOrder":"4","Threshold":"0.5300"}]},{"FormItemOID":"38F907D7-6C22-4CE7-A4B6-E062B8F7DF57","ID":"SS8","A_GRM":"3.91025","Map":[{"ItemResponseOID":"2858FC12-9D67-4C4B-B361-799CBABF1CFE","StepOrder":"1","Threshold":"-1.4387"},{"ItemResponseOID":"882354F9-CF3E-4E96-B292-9AE90CAE6320","StepOrder":"2","Threshold":"-1.0932"},{"ItemResponseOID":"7F243ECF-78F7-48B0-B6BE-D21F6A82EA6F","StepOrder":"3","Threshold":"-0.5207"},{"ItemResponseOID":"6F334AE0-1B53-4CC9-9AD6-1CD55DD2BBED","StepOrder":"4","Threshold":"0.1742"}]},{"FormItemOID":"3F197A4F-6417-4F59-B092-B9E3455F68E8","ID":"CCC31051x3","A_GRM":"4.09581","Map":[{"ItemResponseOID":"F03B4A57-D428-41DE-AB96-71D6A88A7537","StepOrder":"1","Threshold":"-1.8555"},{"ItemResponseOID":"E5B745C5-B12D-4F51-9438-BDB4D73FBD6D","StepOrder":"2","Threshold":"-1.1385"},{"ItemResponseOID":"3D0B7D86-2EC8-4103-8C1E-E56186C58109","StepOrder":"3","Threshold":"-0.4572"},{"ItemResponseOID":"F3940701-B01C-41B5-902F-348211D403CF","StepOrder":"4","Threshold":"0.3808"}]},{"FormItemOID":"41445FC0-3FA0-4DC2-B9DF-43427EF04B03","ID":"CCC31062x","A_GRM":"3.37645","Map":[{"ItemResponseOID":"237FAB56-874B-40B3-B3AE-D3CB5B4902FC","StepOrder":"1","Threshold":"-1.2153"},{"ItemResponseOID":"5CDB2F20-759E-4E2D-A58B-521A6D066198","StepOrder":"2","Threshold":"-0.7147"},{"ItemResponseOID":"780BDA22-444B-46EF-9A00-617AAFE592AD","StepOrder":"3","Threshold":"-0.2234"},{"ItemResponseOID":"9DE9E3E3-159B-440E-A44F-F83A460C3F82","StepOrder":"4","Threshold":"0.5093"}]},{"FormItemOID":"4D26D75C-E534-47A2-A7D8-9FB4EAF10088","ID":"CCC31052x","A_GRM":"4.43878","Map":[{"ItemResponseOID":"7DF5EFF5-1FA1-4FC4-A87A-A5234904C139","StepOrder":"1","Threshold":"-1.2537"},{"ItemResponseOID":"90575207-4FFE-40C7-B678-D904D3B17F42","StepOrder":"2","Threshold":"-0.8036"},{"ItemResponseOID":"45572842-6CFC-4787-8BCC-1027E7CD3B66","StepOrder":"3","Threshold":"-0.3463"},{"ItemResponseOID":"9CE60677-1A67-4040-93D8-3982DD0FC6A2","StepOrder":"4","Threshold":"0.3750"}]},{"FormItemOID":"54BA6FB8-33DA-45C0-B09B-064E03234D00","ID":"INS-CaPS1","A_GRM":"3.58272","Map":[{"ItemResponseOID":"73B9C424-298A-4876-B8AC-13B0E3149F0E","StepOrder":"1","Threshold":"-1.5854"},{"ItemResponseOID":"0991F167-5D30-4247-9C02-DA90AD492BA7","StepOrder":"2","Threshold":"-1.0731"},{"ItemResponseOID":"FB584315-4672-41FC-BFE1-DEBA3BB80808","StepOrder":"3","Threshold":"-0.5249"},{"ItemResponseOID":"17A0A0F3-2807-4E44-B1F8-697CDE64D2F0","StepOrder":"4","Threshold":"0.2787"}]},{"FormItemOID":"6CE1BE4A-70A6-475F-BAD3-8EE27D107E6A","ID":"CCC31055x","A_GRM":"4.21559","Map":[{"ItemResponseOID":"92341103-7674-49F2-8681-F0D3738BB792","StepOrder":"1","Threshold":"-1.5832"},{"ItemResponseOID":"C5226A2B-0E6A-4FDA-8E2D-AAB319BA074E","StepOrder":"2","Threshold":"-1.1107"},{"ItemResponseOID":"9F2452B6-CC8D-4F76-8287-5CAB048FF391","StepOrder":"3","Threshold":"-0.5415"},{"ItemResponseOID":"251B87D3-D4E7-46CD-AC41-C81D2B1F3E33","StepOrder":"4","Threshold":"0.1595"}]},{"FormItemOID":"982FE831-FF24-4120-A56F-8106F45EAF13","ID":"INS-CaPS2","A_GRM":"3.57454","Map":[{"ItemResponseOID":"9CD891FF-18A2-4E52-AA68-B891E6000E7B","StepOrder":"1","Threshold":"-1.3233"},{"ItemResponseOID":"DA80DE70-FC42-4A2B-BCE7-7C31635E225F","StepOrder":"2","Threshold":"-0.7014"},{"ItemResponseOID":"E0BD4772-256D-4868-AD1F-2950A7A5289C","StepOrder":"3","Threshold":"-0.1342"},{"ItemResponseOID":"25DB7F1C-6313-4566-BB88-1AF5A0B5A5CB","StepOrder":"4","Threshold":"0.6194"}]},{"FormItemOID":"AAA6D3F9-ABD3-42A7-8DE1-2A1A99AE4931","ID":"SS6","A_GRM":"3.93160","Map":[{"ItemResponseOID":"02EC329B-88FB-46D0-8CB2-BFF64768C11D","StepOrder":"1","Threshold":"-1.3992"},{"ItemResponseOID":"C10FC2B2-38EA-436F-B9F7-46CAC84530A6","StepOrder":"2","Threshold":"-0.9113"},{"ItemResponseOID":"BFD7C383-7747-4DA1-ACBB-6B6A40783D94","StepOrder":"3","Threshold":"-0.2531"},{"ItemResponseOID":"D6824E3A-536F-4058-A5AB-374D834E6955","StepOrder":"4","Threshold":"0.5287"}]},{"FormItemOID":"DAF7211F-BBFD-4772-9D6B-4DC39030F8E9","ID":"CCC31065x","A_GRM":"4.20553","Map":[{"ItemResponseOID":"B4ED5F81-023E-4657-A0D4-6FC23E810CA7","StepOrder":"1","Threshold":"-1.2351"},{"ItemResponseOID":"782949E7-82AF-4A4C-BA9F-D581A5D3A8F3","StepOrder":"2","Threshold":"-0.6932"},{"ItemResponseOID":"26F0C319-5E4E-437C-9EA7-071CF9AFDB37","StepOrder":"3","Threshold":"-0.1307"},{"ItemResponseOID":"70B87E24-1912-40F4-A2E1-80A4F3726260","StepOrder":"4","Threshold":"0.5580"}]}]}
