{"FormOID":"497134D3-3E1E-465B-B660-FE310554FDAB","Form":"Lower Extremity (Mobility): One's ability to carry out various activities involving the trunk region and increasing degrees of bodily movement, ambulation, balance or endurance.","Properties":[{"MinNumItems":"8"},{"MaxNumItems":"8"},{"IRTModel":"0"},{"SelectionMethod":"1"},{"MinTheta":"-4.00"},{"MaxTheta":"4.00"},{"ThetaIncrement":"0.1000"},{"MaxStdErr":"0.30"},{"SelectionGroupSize":"1"},{"LogisticScaling":"1.0000"},{"DistMean":"0.00"},{"DistStdDev":"1.00"},{"FirstItem":""},{"CalibrationSample":"Wave 1B+Wave 2"},{"SetSelectionMethod":"Instance"}],"Items":[{"FormItemOID":"07358E32-DC8A-4450-8F8A-A0E5F5E61D71","ID":"PFA12","A_GRM":"2.78257","Map":[{"ItemResponseOID":"5C27C2D7-D5F3-493C-A5B7-FB4A61CB9D76","StepOrder":"1","Threshold":"-2.6718"},{"ItemResponseOID":"57872AFA-55BB-41D7-939D-6DCDBF071391","StepOrder":"2","Threshold":"-1.8577"},{"ItemResponseOID":"7615DAFA-2EBC-4C75-8BCD-98BAF1B3F13C","StepOrder":"3","Threshold":"-1.2100"},{"ItemResponseOID":"9463C556-8629-4286-839F-0A4CCFEFF0CC","StepOrder":"4","Threshold":"-0.3680"}]},{"FormItemOID":"22677754-1D73-4FA5-902B-0B2AE020AB30","ID":"PFC45","A_GRM":"3.63447","Map":[{"ItemResponseOID":"C75C5535-226A-44EF-9DA5-6429632DCA5D","StepOrder":"1","Threshold":"-3.0368"},{"ItemResponseOID":"8DD6D16A-55FD-4ADE-A8FC-B8321D8CC89C","StepOrder":"2","Threshold":"-2.4581"},{"ItemResponseOID":"646FEA65-F08F-4859-A054-F29D77F4D3DA","StepOrder":"3","Threshold":"-1.8141"},{"ItemResponseOID":"AA15D018-28AF-46C4-9BB7-64AB3436AE53","StepOrder":"4","Threshold":"-1.2255"}]},{"FormItemOID":"31410E16-9E0A-4C87-B1AC-2911FD4D1D94","ID":"PFA45","A_GRM":"3.44662","Map":[{"ItemResponseOID":"F0ECB401-59ED-4186-B2A7-FE07431B26F4","StepOrder":"1","Threshold":"-2.8857"},{"ItemResponseOID":"2D2037B5-D123-423F-8F22-3A037A3F4A7C","StepOrder":"2","Threshold":"-2.3290"},{"ItemResponseOID":"C125ED54-877C-45B2-BC98-082B1C78EE6D","StepOrder":"3","Threshold":"-1.7590"},{"ItemResponseOID":"AC0D392E-892D-45C1-814B-5795054FC9EB","StepOrder":"4","Threshold":"-1.1942"}]},{"FormItemOID":"3448055B-00A6-472C-98E4-410CCD9C833D","ID":"PFA30","A_GRM":"3.88692","Map":[{"ItemResponseOID":"3D4582FA-05DD-414A-A420-0AF7830AE243","StepOrder":"1","Threshold":"-2.4376"},{"ItemResponseOID":"944EA7F6-DA83-416D-9CCF-B6E31F971ACE","StepOrder":"2","Threshold":"-1.9262"},{"ItemResponseOID":"26CF7417-A4AA-4802-8974-791785C268AA","StepOrder":"3","Threshold":"-1.4248"},{"ItemResponseOID":"5A505A5D-14B3-4A35-B05E-00031DC500C3","StepOrder":"4","Threshold":"-0.8002"}]},{"FormItemOID":"88B9EED3-B740-4CDD-A14A-1D141DBEE306","ID":"PFA53","A_GRM":"3.02184","Map":[{"ItemResponseOID":"58436E54-7597-427A-9561-C6D194A23AD8","StepOrder":"1","Threshold":"-2.2624"},{"ItemResponseOID":"0C3DF6EE-1F82-43E5-A6B9-58DFDCD8E134","StepOrder":"2","Threshold":"-1.8848"},{"ItemResponseOID":"295315F7-309C-45DA-A939-6FC5FDE4291E","StepOrder":"3","Threshold":"-1.3617"},{"ItemResponseOID":"BEA74881-04BC-461B-9190-4857662222A7","StepOrder":"4","Threshold":"-0.7902"}]},{"FormItemOID":"ADE059D4-1E69-4165-A00C-F7986557171C","ID":"PFA31","A_GRM":"3.26352","Map":[{"ItemResponseOID":"9954165C-862E-4859-8891-DD422850FA6F","StepOrder":"1","Threshold":"-1.7060"},{"ItemResponseOID":"C7778191-A2C4-4C9F-A83E-20AF9E76D1B8","StepOrder":"2","Threshold":"-1.2468"},{"ItemResponseOID":"D2C6A403-3D0C-46C4-AD7E-87814DD685CE","StepOrder":"3","Threshold":"-0.7970"},{"ItemResponseOID":"33CE53A0-436B-486B-91BF-3D64D787490D","StepOrder":"4","Threshold":"-0.1764"}]},{"FormItemOID":"D6AA7B33-FCBF-48DE-8FAD-BAEA5739EC98","ID":"PFA23","A_GRM":"2.92633","Map":[{"ItemResponseOID":"3C42962F-C311-405D-B309-BB0E70EBD92A","StepOrder":"1","Threshold":"-1.8295"},{"ItemResponseOID":"0BEE8B74-CF4B-4AF3-B8ED-59F99AA84FDA","StepOrder":"2","Threshold":"-1.5422"},{"ItemResponseOID":"748DB757-54DE-4CA0-9AC3-B6E5345343DE","StepOrder":"3","Threshold":"-1.1846"},{"ItemResponseOID":"CF4ACFBA-04E9-466D-896E-4C4495920177","StepOrder":"4","Threshold":"-0.6634"}]},{"FormItemOID":"E33C5BA9-AB1A-4B7A-A2A1-056C1636AC9D","ID":"PFA56","A_GRM":"3.29853","Map":[{"ItemResponseOID":"4CC8BAD8-6F10-4600-B3B9-D365ACFF2671","StepOrder":"1","Threshold":"-3.0487"},{"ItemResponseOID":"C9F37699-D295-41DF-9147-72E82C7D23C2","StepOrder":"2","Threshold":"-2.2931"},{"ItemResponseOID":"93E426F9-0D6B-43FD-B504-5C7B69FE5D57","StepOrder":"3","Threshold":"-1.4669"},{"ItemResponseOID":"B49ACE74-B0A1-4823-86B9-7CF92CC9312D","StepOrder":"4","Threshold":"-0.6731"}]}]}
