{"FormOID":"4AA1FF60-4E7A-452F-BC07-F29427843C83","Form":"PROMIS pediatric 8-item short form for upper extremity dexterity","Properties":[{"MinNumItems":"8"},{"MaxNumItems":"8"},{"IRTModel":"0"},{"SelectionMethod":"1"},{"MinTheta":"-4.00"},{"MaxTheta":"4.00"},{"ThetaIncrement":"0.1000"},{"MaxStdErr":"0.30"},{"SelectionGroupSize":"1"},{"LogisticScaling":"1.0000"},{"DistMean":"0.00"},{"DistStdDev":"1.00"},{"FirstItem":""},{"CalibrationSample":"PROMIS Pediatric"},{"SetSelectionMethod":"Instance"}],"Items":[{"FormItemOID":"1CD135C9-C32C-4A25-8830-60A64D732EB9","ID":"4130R1","A_GRM":"2.24730","Map":[{"ItemResponseOID":"1508E048-0968-4D26-8BF4-20CD154898F0","StepOrder":"0","Threshold":"-2.9335"},{"ItemResponseOID":"43B9AA41-D9E4-4E0E-9E4E-5EFAC8EB04DA","StepOrder":"1","Threshold":"-2.5025"},{"ItemResponseOID":"2B75C715-32B3-4122-A634-D4B2F7BA5E6D","StepOrder":"2","Threshold":"-1.9155"},{"ItemResponseOID":"DFBCB00B-0BE8-430B-9647-8ABEFBF46AA7","StepOrder":"3","Threshold":"-0.6950"}]},{"FormItemOID":"2B0C884C-89C4-489A-820C-67C61DD04A56","ID":"2671R1","A_GRM":"1.67307","Map":[{"ItemResponseOID":"C2854C0E-E105-42B1-A4DB-A5D2B27CD2D6","StepOrder":"0","Threshold":"-3.8527"},{"ItemResponseOID":"41958A51-F244-4874-8703-FB6A83DFB22F","StepOrder":"1","Threshold":"-2.9685"},{"ItemResponseOID":"6060FE73-BBA5-41FD-B874-F631F339F684","StepOrder":"2","Threshold":"-2.2635"},{"ItemResponseOID":"46FBF6CE-6319-4BAD-AFE8-1290A6C03EBB","StepOrder":"3","Threshold":"-0.7547"}]},{"FormItemOID":"641EAFED-3244-4BFE-8EF8-E0E7945670B6","ID":"4143R1","A_GRM":"2.52642","Map":[{"ItemResponseOID":"7F090D21-8C94-4A97-870F-761A151170FA","StepOrder":"0","Threshold":"-2.8978"},{"ItemResponseOID":"F50ECADA-6C56-4BA6-A31D-170B2DB9C03F","StepOrder":"1","Threshold":"-2.7595"},{"ItemResponseOID":"15F0BA4A-8ED5-406E-BB5E-E5273EC6E011","StepOrder":"2","Threshold":"-2.3844"},{"ItemResponseOID":"12F13D4A-F8AA-4B57-8F02-EB121839F5D3","StepOrder":"3","Threshold":"-1.5102"}]},{"FormItemOID":"6FED7D38-C98A-4EA8-918F-B8CBA0D7977A","ID":"4109R1","A_GRM":"2.46062","Map":[{"ItemResponseOID":"6DEFF650-2DF9-445B-8F09-CEA45231D707","StepOrder":"0","Threshold":"-2.8893"},{"ItemResponseOID":"9738B08D-AEEC-4B77-9FC7-46E5EDA3263D","StepOrder":"1","Threshold":"-2.7520"},{"ItemResponseOID":"E7058312-ED96-43B7-8FA6-1B634DA1B27F","StepOrder":"2","Threshold":"-2.1830"},{"ItemResponseOID":"68220903-83BB-48E8-9FF3-BDAD431B71D2","StepOrder":"3","Threshold":"-1.4899"}]},{"FormItemOID":"B633510F-9B4F-4F41-A5BE-AC322A263448","ID":"3880R2","A_GRM":"2.33000","Map":[{"ItemResponseOID":"40E335F5-A70B-421B-B41C-CC0B17C9E726","StepOrder":"1","Threshold":"-3.2700"},{"ItemResponseOID":"9B4C80CC-75E0-4B8C-8ABC-1F77B0A36EA9","StepOrder":"2","Threshold":"-2.5100"},{"ItemResponseOID":"4258E016-2B72-4855-AE7A-D8D8270D4777","StepOrder":"3","Threshold":"-1.6200"}]},{"FormItemOID":"E2916F29-FE94-499D-8369-0570B54EC452","ID":"4112R1","A_GRM":"1.88968","Map":[{"ItemResponseOID":"17B72D78-EF2A-4FD9-8C63-A2B7674EFD82","StepOrder":"0","Threshold":"-3.6505"},{"ItemResponseOID":"6C0F66C6-E92C-41FF-9394-7857061FB7CD","StepOrder":"1","Threshold":"-2.9514"},{"ItemResponseOID":"3AAB3058-AB7A-42BD-99D8-284CA2D61A87","StepOrder":"2","Threshold":"-2.4003"},{"ItemResponseOID":"AD4BBEBB-0DB8-46CD-A435-BF2A79616D73","StepOrder":"3","Threshold":"-1.2243"}]},{"FormItemOID":"EBEB1860-BAB7-479F-B4ED-EF766D6FA17C","ID":"2657bR1","A_GRM":"2.54271","Map":[{"ItemResponseOID":"C42BD076-3348-4C43-9FAD-180C7CAB8633","StepOrder":"0","Threshold":"-3.9312"},{"ItemResponseOID":"2C8D3187-23A1-4012-8B81-B78490C01E71","StepOrder":"1","Threshold":"-3.2263"},{"ItemResponseOID":"DB85D310-2F08-465B-9D7A-52C5D81DABF1","StepOrder":"2","Threshold":"-2.8958"},{"ItemResponseOID":"C62619BF-71DA-4B47-9FF7-11A0A5661327","StepOrder":"3","Threshold":"-1.8397"}]},{"FormItemOID":"F1CDAEF9-2382-4B58-B7D1-E5C5FE2EF440","ID":"3881R1","A_GRM":"2.67000","Map":[{"ItemResponseOID":"3EE9B180-BC82-4E75-B67E-491418EE9CF4","StepOrder":"1","Threshold":"-3.3600"},{"ItemResponseOID":"3FB13808-E302-4741-819A-C831F68C4F95","StepOrder":"2","Threshold":"-2.4700"},{"ItemResponseOID":"4F7A4763-3D2D-4141-8C12-1555C0AAFC94","StepOrder":"3","Threshold":"-1.7700"}]}]}
