{"FormOID":"597A9B24-5B5C-487D-9606-451355DC6E3D","Form":"Four-item depression short form from the PROMIS-29 Profile","Properties":[{"MinNumItems":"4"},{"MaxNumItems":"4"},{"IRTModel":"0"},{"SelectionMethod":"1"},{"MinTheta":"-4.00"},{"MaxTheta":"4.00"},{"ThetaIncrement":"0.1000"},{"MaxStdErr":"0.30"},{"SelectionGroupSize":"1"},{"LogisticScaling":"1.0000"},{"DistMean":"0.00"},{"DistStdDev":"1.00"},{"FirstItem":""},{"CalibrationSample":"Promis Wave 1"},{"SetSelectionMethod":"Instance"}],"Items":[{"FormItemOID":"35A33A73-E72E-4D16-AACE-35E21C7C5823","ID":"EDDEP06","A_GRM":"4.14476","Map":[{"ItemResponseOID":"633F5CB5-610F-48E3-B1BC-E4CDF50C6B62","StepOrder":"1","Threshold":"0.3501"},{"ItemResponseOID":"1D9BB843-B58E-4D18-A086-F5D753EA1EB8","StepOrder":"2","Threshold":"0.9153"},{"ItemResponseOID":"D4015D25-D103-4AD7-BB9E-16CE64A71DED","StepOrder":"3","Threshold":"1.6782"},{"ItemResponseOID":"11A8E0FE-F6D8-4310-84AC-0F989934C77A","StepOrder":"4","Threshold":"2.4705"}]},{"FormItemOID":"820862DC-FE52-41E6-8B11-1C371C8AACE5","ID":"EDDEP04","A_GRM":"4.26142","Map":[{"ItemResponseOID":"33F9B8DF-BCD2-42E2-8A28-BE40A56EE565","StepOrder":"1","Threshold":"0.4011"},{"ItemResponseOID":"D0144274-1C47-4FA0-BEF2-213287A3B213","StepOrder":"2","Threshold":"0.9757"},{"ItemResponseOID":"B26B1549-6D63-4A03-9345-7BD2B5F28231","StepOrder":"3","Threshold":"1.6963"},{"ItemResponseOID":"8DE7304C-B630-4ADF-BB78-E3A6325A1349","StepOrder":"4","Threshold":"2.4441"}]},{"FormItemOID":"8717BB62-8548-4E9D-94E6-350D79353797","ID":"EDDEP41","A_GRM":"4.45416","Map":[{"ItemResponseOID":"E06BC4CC-5466-4EFC-A902-A38948075669","StepOrder":"1","Threshold":"0.5584"},{"ItemResponseOID":"D15E8A07-F712-4490-A635-2B5E69E0EA40","StepOrder":"2","Threshold":"1.0742"},{"ItemResponseOID":"61C05CD8-692C-49A3-881A-5F189333395B","StepOrder":"3","Threshold":"1.7793"},{"ItemResponseOID":"1F4CE4CD-5CBA-435A-9A02-9070FF856D53","StepOrder":"4","Threshold":"2.5301"}]},{"FormItemOID":"D3A85BA2-09D6-4AAB-81A4-A79158E047AE","ID":"EDDEP29","A_GRM":"4.34292","Map":[{"ItemResponseOID":"B3E8F545-2B02-4662-8084-5FD41E9F56B4","StepOrder":"1","Threshold":"-0.1173"},{"ItemResponseOID":"1D05ED15-A6DA-4FA1-A613-FC2792204EE4","StepOrder":"2","Threshold":"0.5977"},{"ItemResponseOID":"DC3053C7-3AD9-4A0A-9095-A4239041EF77","StepOrder":"3","Threshold":"1.4282"},{"ItemResponseOID":"1A02F60C-664B-4502-A249-D32E1BF4DF80","StepOrder":"4","Threshold":"2.2725"}]}]}
