{"FormOID":"5FAF7608-6175-4B89-A410-1E88D157E903","Form":"PROMIS Bank v1.0 ??? Applied Cog Abilities","Properties":[{"MinNumItems":"4"},{"MaxNumItems":"12"},{"IRTModel":"0"},{"SelectionMethod":"1"},{"MinTheta":"-4.00"},{"MaxTheta":"4.00"},{"ThetaIncrement":"0.1000"},{"MaxStdErr":"0.30"},{"SelectionGroupSize":"1"},{"LogisticScaling":"1.0000"},{"DistMean":"0.00"},{"DistStdDev":"1.00"},{"FirstItem":"00000000-0000-0000-0000-000000000000"},{"CalibrationSample":"Cancer Suppliment Calibration"},{"SetSelectionMethod":"FormDefault"}],"Items":[{"FormItemOID":"00569671-40BA-4C60-8FBA-C684C8B96784","ID":"PC45_2","A_GRM":"4.59306","Map":[{"ItemResponseOID":"D75B29A0-952D-424C-A5FA-CE8A81B4DE6C","StepOrder":"1","Threshold":"-1.2163"},{"ItemResponseOID":"F207541F-EBDE-496D-83CB-9B20254D4326","StepOrder":"2","Threshold":"-0.8521"},{"ItemResponseOID":"0F0E3379-7183-4C4E-A379-75FD4E2E3590","StepOrder":"3","Threshold":"-0.2092"},{"ItemResponseOID":"6FDF67C2-F717-4DC1-B5AD-301A2D3E9F81","StepOrder":"4","Threshold":"0.5497"}]},{"FormItemOID":"012B915B-6DE5-4854-8E04-C855F2453D5F","ID":"PC4","A_GRM":"5.30061","Map":[{"ItemResponseOID":"0922471D-0057-49B2-919B-288213F4B89C","StepOrder":"1","Threshold":"-1.5450"},{"ItemResponseOID":"D9FA50C9-18CB-478D-AF6A-05FF5BEB7E4E","StepOrder":"2","Threshold":"-1.1405"},{"ItemResponseOID":"2F622FDA-2763-4F19-ACCF-89C40D216620","StepOrder":"3","Threshold":"-0.4653"},{"ItemResponseOID":"80CC122D-88C6-42D5-A73A-12C078D7268E","StepOrder":"4","Threshold":"0.2582"}]},{"FormItemOID":"1B524250-B7B4-4C14-A057-D3BA64F75BC8","ID":"PC-CaPS5","A_GRM":"4.76814","Map":[{"ItemResponseOID":"764E2DC7-105A-4F9E-A7DA-5E89601066E8","StepOrder":"1","Threshold":"-2.0757"},{"ItemResponseOID":"34F1A88B-E3E4-4850-9960-70C548ED4ED4","StepOrder":"2","Threshold":"-1.1797"},{"ItemResponseOID":"7F82BBEA-2854-4739-BE82-5C91B1DD052A","StepOrder":"3","Threshold":"-0.4205"},{"ItemResponseOID":"67D2FEE1-080F-45F4-B23D-F9DA5BF585F0","StepOrder":"4","Threshold":"0.3339"}]},{"FormItemOID":"1BD6B64C-F586-44C8-A8E1-86DD1002F498","ID":"PC46_2","A_GRM":"4.59152","Map":[{"ItemResponseOID":"C0607D68-1E23-4E10-BB81-77C89743C867","StepOrder":"1","Threshold":"-1.4844"},{"ItemResponseOID":"429593B9-7999-437A-B790-0F3EB3D9285F","StepOrder":"2","Threshold":"-1.0055"},{"ItemResponseOID":"565B7D87-05F9-44C4-A259-B490FD03503F","StepOrder":"3","Threshold":"-0.3016"},{"ItemResponseOID":"00AD2917-F4F3-4485-AE39-B2D4BF132270","StepOrder":"4","Threshold":"0.4416"}]},{"FormItemOID":"22342654-F8D9-49A8-8816-3C3309FA5A09","ID":"PC6","A_GRM":"5.18421","Map":[{"ItemResponseOID":"1F09958B-626F-4381-BD20-E4EDE8A9FB9A","StepOrder":"1","Threshold":"-1.9058"},{"ItemResponseOID":"8010F29F-5245-4CE2-B48B-D501677A2480","StepOrder":"2","Threshold":"-1.1007"},{"ItemResponseOID":"274EED52-8FB3-4F10-94CD-8AE481B23D6F","StepOrder":"3","Threshold":"-0.3265"},{"ItemResponseOID":"7A9662D5-5CB3-4E89-AA13-166256F0BD70","StepOrder":"4","Threshold":"0.3917"}]},{"FormItemOID":"334777B9-D114-483D-9BDE-060D2A07AE08","ID":"PC-CaPS24","A_GRM":"4.27281","Map":[{"ItemResponseOID":"CA0784FA-5314-4149-9EE7-7997B612729E","StepOrder":"1","Threshold":"-1.3058"},{"ItemResponseOID":"49E17B8D-884E-4ACC-9E0E-A98EF01EACEF","StepOrder":"2","Threshold":"-0.7605"},{"ItemResponseOID":"FB416542-EFAD-4D06-82DE-F3E6C6DBDA3B","StepOrder":"3","Threshold":"-0.2039"},{"ItemResponseOID":"B6FF135E-EA4F-4AA3-8FCA-3EA669FAC05C","StepOrder":"4","Threshold":"0.5095"}]},{"FormItemOID":"3C3415CA-FE85-475D-A020-B7A6288E29D2","ID":"PC-CaPS9","A_GRM":"2.74575","Map":[{"ItemResponseOID":"68EE7091-9B3F-495E-8C49-5954D1621676","StepOrder":"1","Threshold":"-1.3917"},{"ItemResponseOID":"ECE559B8-6586-4AE7-99EA-6F5B2CE85F4C","StepOrder":"2","Threshold":"-0.8499"},{"ItemResponseOID":"72E79A81-8414-431F-91E9-622425872BF7","StepOrder":"3","Threshold":"-0.1622"},{"ItemResponseOID":"307DA17B-7BDB-4A5A-9998-731301CB8F51","StepOrder":"4","Threshold":"0.7598"}]},{"FormItemOID":"530BA3DF-4B5A-4EE4-B197-87CA8F87D106","ID":"PC-CaPS4","A_GRM":"5.29233","Map":[{"ItemResponseOID":"BF54549E-6517-4461-9241-A6E4BB4360B3","StepOrder":"1","Threshold":"-1.3941"},{"ItemResponseOID":"8009E397-5183-4572-8A14-CC6437EAB4D2","StepOrder":"2","Threshold":"-0.9941"},{"ItemResponseOID":"6D366E13-D937-491F-9052-20FECDDA6532","StepOrder":"3","Threshold":"-0.3049"},{"ItemResponseOID":"3D17EEFC-7CC9-42D5-9BBF-5FDB7FD0ECAA","StepOrder":"4","Threshold":"0.4380"}]},{"FormItemOID":"5D6841D8-8B32-4095-9F6E-75F3EB737323","ID":"PC20","A_GRM":"2.74917","Map":[{"ItemResponseOID":"BAE67A4B-1BC8-4041-9F40-8712953B6041","StepOrder":"1","Threshold":"-2.0807"},{"ItemResponseOID":"F31A7CBC-E68B-4BEC-836B-827B4DBDECC6","StepOrder":"2","Threshold":"-1.2088"},{"ItemResponseOID":"6AEC8052-DAC0-486E-96FA-6B3F180AD30C","StepOrder":"3","Threshold":"-0.2204"},{"ItemResponseOID":"1DB5B926-7212-4D30-85FC-AC0D003709C4","StepOrder":"4","Threshold":"0.7694"}]},{"FormItemOID":"5E0246CE-F6B1-4636-8DB5-85C7195A7977","ID":"PC-CaPS11","A_GRM":"2.82457","Map":[{"ItemResponseOID":"4CCCF4B2-A3D0-44FE-A110-1318707DBFA6","StepOrder":"1","Threshold":"-2.0181"},{"ItemResponseOID":"F3F38201-AAAC-437F-96DD-374B575122F3","StepOrder":"2","Threshold":"-1.4262"},{"ItemResponseOID":"BC89C6E9-994C-458D-ABA1-62E5D561BD7B","StepOrder":"3","Threshold":"-0.6483"},{"ItemResponseOID":"278C3E39-76AB-4E40-A096-15FEBAAEDD62","StepOrder":"4","Threshold":"0.2791"}]},{"FormItemOID":"5E086BE0-5EF4-4172-B4B2-28EC28B5A307","ID":"PC-CaPS13","A_GRM":"4.54939","Map":[{"ItemResponseOID":"CEDD8467-D8DD-42B3-989B-7715E4B9D12A","StepOrder":"1","Threshold":"-1.3649"},{"ItemResponseOID":"0E64AADB-AD39-4F94-8C83-10A13CF1028A","StepOrder":"2","Threshold":"-0.9828"},{"ItemResponseOID":"6FB0D378-2F95-4EF9-8D83-80E49D78833C","StepOrder":"3","Threshold":"-0.3106"},{"ItemResponseOID":"37D0C575-CE82-4063-AC73-432D536FC08F","StepOrder":"4","Threshold":"0.3857"}]},{"FormItemOID":"5F922E31-4B8B-49EC-8EF1-B8315485066A","ID":"PC-CaPS16","A_GRM":"4.21996","Map":[{"ItemResponseOID":"A6D80F3D-DAA2-4F4A-9A19-E1DC627FB345","StepOrder":"1","Threshold":"-1.4433"},{"ItemResponseOID":"115FC8BE-2026-46DD-8B0C-B7793C6F6CF7","StepOrder":"2","Threshold":"-0.9189"},{"ItemResponseOID":"3D8B17DC-50E0-49D6-95D6-E4AF2B805125","StepOrder":"3","Threshold":"-0.3378"},{"ItemResponseOID":"EB2000E7-C785-4181-A96E-00A65A4220D6","StepOrder":"4","Threshold":"0.4218"}]},{"FormItemOID":"69D58B1B-C3E3-4F28-8467-84D9458B855D","ID":"PC-CaPS2","A_GRM":"5.03819","Map":[{"ItemResponseOID":"FBF87934-36A2-4359-9A6A-426BB2ACE9B5","StepOrder":"1","Threshold":"-1.5732"},{"ItemResponseOID":"63C06FE0-614C-4989-8FD2-27C3F25EB20B","StepOrder":"2","Threshold":"-1.0231"},{"ItemResponseOID":"E5755314-A780-4AAD-8FCD-0330157C3B4A","StepOrder":"3","Threshold":"-0.4067"},{"ItemResponseOID":"BC097EB0-66D2-4783-B164-68B08D94D24D","StepOrder":"4","Threshold":"0.2796"}]},{"FormItemOID":"702FED14-E986-415B-9D08-519749B1A4E4","ID":"PC44_2","A_GRM":"4.46652","Map":[{"ItemResponseOID":"3BFE6F92-1A06-4F2A-A12F-7AFB3E73A002","StepOrder":"1","Threshold":"-1.1795"},{"ItemResponseOID":"10041C43-C1FA-43F8-9709-9DB4143BB5EE","StepOrder":"2","Threshold":"-0.7908"},{"ItemResponseOID":"6573C7C4-462F-48BF-840E-A77CFC0DD342","StepOrder":"3","Threshold":"-0.1935"},{"ItemResponseOID":"471115A9-E056-4D66-A2F7-322FCC47CDBD","StepOrder":"4","Threshold":"0.5067"}]},{"FormItemOID":"73AF95CC-6CB4-405C-88E6-E0F6011CC1EA","ID":"PC-CaPS21","A_GRM":"2.79507","Map":[{"ItemResponseOID":"801D4298-07C3-49E4-8746-F054AE11F495","StepOrder":"1","Threshold":"-1.6791"},{"ItemResponseOID":"DD7C0E39-EFE9-4D53-9838-6A0FEBCE37DF","StepOrder":"2","Threshold":"-1.3948"},{"ItemResponseOID":"DAA3E940-7A33-42FB-8112-2CCB46071B3A","StepOrder":"3","Threshold":"-0.8031"},{"ItemResponseOID":"881FF5DB-935A-4D52-B11A-668EF0A4F04E","StepOrder":"4","Threshold":"0.0128"}]},{"FormItemOID":"7FAC02FE-7AF0-411B-B010-7ECD96BC0328","ID":"PC29_2","A_GRM":"4.92607","Map":[{"ItemResponseOID":"01750995-16EB-4AEE-9890-521578C1AD53","StepOrder":"1","Threshold":"-1.4215"},{"ItemResponseOID":"9371620B-CC18-4BF2-B923-F5862EEBF299","StepOrder":"2","Threshold":"-0.9694"},{"ItemResponseOID":"0AB8E850-9B3D-445D-ACE4-F233F75361B2","StepOrder":"3","Threshold":"-0.3496"},{"ItemResponseOID":"B4797C73-8FF0-4109-BF8C-76F013894F7C","StepOrder":"4","Threshold":"0.4165"}]},{"FormItemOID":"81360822-534C-4307-AD0E-AA8A9E8783D1","ID":"PC-CaPS17","A_GRM":"3.04817","Map":[{"ItemResponseOID":"57FEBB7B-47ED-4635-83A8-A641F6056DAC","StepOrder":"1","Threshold":"-1.5548"},{"ItemResponseOID":"1A7A21D0-9019-4C44-94B1-1C52A9485BF0","StepOrder":"2","Threshold":"-0.8455"},{"ItemResponseOID":"8AA28127-6321-4917-BA21-7FC17877CA85","StepOrder":"3","Threshold":"-0.1746"},{"ItemResponseOID":"E437F721-6A9F-4D96-ACF1-FDBF83BEA569","StepOrder":"4","Threshold":"0.6321"}]},{"FormItemOID":"87885286-BB24-48AD-9229-E2D8CFDDF242","ID":"PC-CaPS7","A_GRM":"2.32093","Map":[{"ItemResponseOID":"171D6B7E-C7E2-4AEB-BDAF-92996D59F0B4","StepOrder":"1","Threshold":"-1.6846"},{"ItemResponseOID":"E53C851F-5023-42D9-B65F-8580CA1936A1","StepOrder":"2","Threshold":"-1.1581"},{"ItemResponseOID":"81F4C153-FECD-468F-A9EE-4563D7113BFB","StepOrder":"3","Threshold":"-0.5056"},{"ItemResponseOID":"D2B62D68-7043-4F55-B49E-BF36046AC5C7","StepOrder":"4","Threshold":"0.3117"}]},{"FormItemOID":"92E0A5B5-E9B3-476C-B30F-421DA47468DC","ID":"PC-CaPS23","A_GRM":"4.77325","Map":[{"ItemResponseOID":"C6F3EA6B-A336-41AE-9E3D-C6B0CE4A8E9F","StepOrder":"1","Threshold":"-1.3634"},{"ItemResponseOID":"E95F53CE-19FD-43E1-BC01-D974497BEB66","StepOrder":"2","Threshold":"-0.9824"},{"ItemResponseOID":"493EE6B9-151F-4314-B3C5-A0000359CC3B","StepOrder":"3","Threshold":"-0.2745"},{"ItemResponseOID":"4D516197-C0B3-4A85-8AED-85FC5182D55B","StepOrder":"4","Threshold":"0.3963"}]},{"FormItemOID":"93B12C3B-2DFD-4372-8259-193A4ABF4985","ID":"PC43_2","A_GRM":"5.22086","Map":[{"ItemResponseOID":"3A59A6BC-D76A-4D88-A80E-BD346D2A2BEA","StepOrder":"1","Threshold":"-1.2466"},{"ItemResponseOID":"8515CB0E-0928-43E6-B620-4F6F8B031C23","StepOrder":"2","Threshold":"-0.9054"},{"ItemResponseOID":"B5E13B98-48F8-407D-B9DF-16427F120F77","StepOrder":"3","Threshold":"-0.2232"},{"ItemResponseOID":"BBE9501C-7EBF-4F51-A10D-69876FAFA466","StepOrder":"4","Threshold":"0.4819"}]},{"FormItemOID":"9D5E9FDA-635B-416F-A9E5-1356CA5976BC","ID":"PC27","A_GRM":"2.86724","Map":[{"ItemResponseOID":"BD8B9ADC-CC11-4414-A7C3-CF15B5AC544F","StepOrder":"1","Threshold":"-2.0155"},{"ItemResponseOID":"8884B3BC-3AB6-4100-ADD8-288D3DEED9C4","StepOrder":"2","Threshold":"-1.3048"},{"ItemResponseOID":"8E588DEF-93BC-4311-B1E0-274A04BDAB32","StepOrder":"3","Threshold":"-0.5902"},{"ItemResponseOID":"33B55CC7-8332-433B-BC05-7D033F4C2DA0","StepOrder":"4","Threshold":"0.2213"}]},{"FormItemOID":"A52B5949-62E4-4303-8C28-3DCA317AA96F","ID":"PC-CaPS3","A_GRM":"5.22487","Map":[{"ItemResponseOID":"7C7984CE-6A17-4275-B1F5-DD78DDEDA1B3","StepOrder":"1","Threshold":"-1.3871"},{"ItemResponseOID":"CCCD6C19-1CF5-4C5E-B8EA-4C6396A6C488","StepOrder":"2","Threshold":"-0.9931"},{"ItemResponseOID":"334FDC5C-F4E8-4A61-9519-2F76DBB5DD02","StepOrder":"3","Threshold":"-0.3390"},{"ItemResponseOID":"D58085CC-B6C5-4F07-B909-8DA536823C58","StepOrder":"4","Threshold":"0.3329"}]},{"FormItemOID":"A9C32030-34DB-4523-8D39-1B76E3217AC2","ID":"PC-CaPS14","A_GRM":"4.34521","Map":[{"ItemResponseOID":"427B1073-2FD7-4D3F-A1D7-CDE6C7CE04EE","StepOrder":"1","Threshold":"-1.2693"},{"ItemResponseOID":"1E277465-591B-4996-AF60-11D6DF256EA9","StepOrder":"2","Threshold":"-0.8569"},{"ItemResponseOID":"34064E41-AF6B-485D-847E-E8C100E99A51","StepOrder":"3","Threshold":"-0.2194"},{"ItemResponseOID":"E651A7D9-7DD4-4306-BADB-F097EBAB48B7","StepOrder":"4","Threshold":"0.5758"}]},{"FormItemOID":"B45BFF54-3526-427F-B406-430049F66050","ID":"PC-CaPS6","A_GRM":"5.33924","Map":[{"ItemResponseOID":"D232B08E-F303-48C9-9EDB-8E59286A076A","StepOrder":"1","Threshold":"-1.6278"},{"ItemResponseOID":"C8D5ABAF-A53E-4A89-9CFC-9FC870E0DA80","StepOrder":"2","Threshold":"-1.1195"},{"ItemResponseOID":"4669BD95-135C-40FA-9904-F20186B2098C","StepOrder":"3","Threshold":"-0.3971"},{"ItemResponseOID":"32DCBA15-9389-409C-BC29-02C1B415DF47","StepOrder":"4","Threshold":"0.4024"}]},{"FormItemOID":"B713D6BB-F66E-4320-9496-5AC84F278F2B","ID":"PC24","A_GRM":"2.17550","Map":[{"ItemResponseOID":"DE1367DC-61CB-493F-933B-DD9839AF41C1","StepOrder":"1","Threshold":"-2.0924"},{"ItemResponseOID":"CAEA373E-ECC3-4C08-BA76-50E74F7542A7","StepOrder":"2","Threshold":"-1.3912"},{"ItemResponseOID":"4DA3153A-049D-41FD-9184-ADF9BEB6C66A","StepOrder":"3","Threshold":"-0.6327"},{"ItemResponseOID":"6BBBA35B-6921-4E32-992C-1421F0CED4C3","StepOrder":"4","Threshold":"0.4545"}]},{"FormItemOID":"C8A21CFF-9761-4611-AE65-B668ADD009E6","ID":"PC47_2","A_GRM":"3.96230","Map":[{"ItemResponseOID":"CD02BD99-6F41-4FFA-8F89-54DAD76337C3","StepOrder":"1","Threshold":"-1.5299"},{"ItemResponseOID":"63C64B58-E093-488B-BF66-FB2C695E2D01","StepOrder":"2","Threshold":"-0.9995"},{"ItemResponseOID":"5A55E9ED-A5ED-4C4F-887F-F0F4864D1354","StepOrder":"3","Threshold":"-0.2587"},{"ItemResponseOID":"689FE2E7-6664-4B1E-949C-45945C3CD2F6","StepOrder":"4","Threshold":"0.5190"}]},{"FormItemOID":"D1995994-EB1D-4768-B4CF-2B37A27CC369","ID":"PC-CaPS20","A_GRM":"2.61923","Map":[{"ItemResponseOID":"C2516449-1A71-4445-872B-B07C28259980","StepOrder":"1","Threshold":"-1.8436"},{"ItemResponseOID":"8FA30532-63DC-4F80-BC3B-E759C4243A6B","StepOrder":"2","Threshold":"-1.6025"},{"ItemResponseOID":"B94A70C9-4680-49F7-888B-93E08D2DBC3F","StepOrder":"3","Threshold":"-1.1939"},{"ItemResponseOID":"9E451F97-8103-4BD8-92EE-649747233448","StepOrder":"4","Threshold":"-0.4478"}]},{"FormItemOID":"D6CCD1CF-B250-4764-8AF7-906387B65027","ID":"PC-CaPS22","A_GRM":"3.29227","Map":[{"ItemResponseOID":"53C6D6B4-844E-4792-A876-B9F038E9B74A","StepOrder":"1","Threshold":"-1.3404"},{"ItemResponseOID":"6D980E14-1BFF-442D-8D59-5D7D15C22B60","StepOrder":"2","Threshold":"-0.7795"},{"ItemResponseOID":"5E1FB2B5-8942-484C-932B-4905369D1CA6","StepOrder":"3","Threshold":"-0.0720"},{"ItemResponseOID":"902DFDC8-F579-4365-A8EA-06BF6D05C346","StepOrder":"4","Threshold":"0.6767"}]},{"FormItemOID":"D90D069F-2963-4EFC-9012-924009AB2E38","ID":"PC-CaPS1","A_GRM":"5.13076","Map":[{"ItemResponseOID":"9AE2101B-99D2-447B-8915-B7FEAA728DBD","StepOrder":"1","Threshold":"-1.7025"},{"ItemResponseOID":"466A097E-7981-4FCF-8B78-F3AF704CA16E","StepOrder":"2","Threshold":"-1.1271"},{"ItemResponseOID":"C60B5E1A-B47D-4081-8815-8D5930C3DDA5","StepOrder":"3","Threshold":"-0.5026"},{"ItemResponseOID":"E81F543E-F0B3-4467-8504-E018B6BE6B96","StepOrder":"4","Threshold":"0.2647"}]},{"FormItemOID":"E4FB1180-536C-4997-A604-F885408675C1","ID":"PC-CaPS19","A_GRM":"4.33258","Map":[{"ItemResponseOID":"F693771F-491D-4E1F-9C79-292D3E6BBA40","StepOrder":"1","Threshold":"-1.3266"},{"ItemResponseOID":"ADB25A15-A13D-4739-AA6A-0BA6D86C69C9","StepOrder":"2","Threshold":"-0.9258"},{"ItemResponseOID":"2907A472-A540-4ABC-BE5D-10FF282F9E0E","StepOrder":"3","Threshold":"-0.3313"},{"ItemResponseOID":"F609980C-8031-4696-9DAB-38D5D0FD4D15","StepOrder":"4","Threshold":"0.3881"}]},{"FormItemOID":"E90F6543-A880-4F27-AF05-EDAFCEA1E7A2","ID":"PC-CaPS12","A_GRM":"2.52008","Map":[{"ItemResponseOID":"F3EE063B-F26E-41FD-9029-30465DF0A69E","StepOrder":"1","Threshold":"-1.9625"},{"ItemResponseOID":"27E5D9AF-07D1-4B69-94E6-710EE7910DE0","StepOrder":"2","Threshold":"-1.4960"},{"ItemResponseOID":"C7632AD2-2ED5-44FA-BB15-811FBD7B19CB","StepOrder":"3","Threshold":"-0.8791"},{"ItemResponseOID":"29AEA3EA-1BEE-4904-90AD-F89FE45612FD","StepOrder":"4","Threshold":"0.0861"}]},{"FormItemOID":"F3F06814-43F4-4A64-86E6-B49DD6A0482D","ID":"PC-CaPS8","A_GRM":"2.06388","Map":[{"ItemResponseOID":"E5581917-2DA7-4C8F-BF80-63878BEE45F4","StepOrder":"1","Threshold":"-2.2736"},{"ItemResponseOID":"4FD3D41B-DC39-44D8-8C40-FCFF70C6B50B","StepOrder":"2","Threshold":"-1.5089"},{"ItemResponseOID":"737E6A13-8BC6-42FF-9CC1-6AB14E182ABF","StepOrder":"3","Threshold":"-0.7527"},{"ItemResponseOID":"0F6F5F4A-88EC-4AD6-A48E-F5FF59EFF39B","StepOrder":"4","Threshold":"0.2629"}]},{"FormItemOID":"F64599A7-AE08-41A8-AF74-CF6620C8A149","ID":"PC-CaPS10","A_GRM":"2.41150","Map":[{"ItemResponseOID":"9E010F2C-3D2E-416E-8380-EB3DE8F608D6","StepOrder":"1","Threshold":"-1.6593"},{"ItemResponseOID":"F6F47661-6746-4C72-B6CD-82505E286DE3","StepOrder":"2","Threshold":"-0.9042"},{"ItemResponseOID":"B096DF47-D509-45BA-A790-A7C054775E4C","StepOrder":"3","Threshold":"-0.1756"},{"ItemResponseOID":"38270134-69CD-4931-A32D-C1CCE027BE83","StepOrder":"4","Threshold":"0.6864"}]}]}
