{"FormOID":"61FBB80F-418E-4B5A-A254-04DA64F11B97","Form":"Sensations ranging from tiredness to an overwhelming, debilitating and sustained sense of exhaustion that decreases one???s capacity for physical, functional, social and mental activities.","Properties":[{"MinNumItems":"8"},{"MaxNumItems":"8"},{"IRTModel":"0"},{"SelectionMethod":"1"},{"MinTheta":"-4.00"},{"MaxTheta":"4.00"},{"ThetaIncrement":"0.1000"},{"MaxStdErr":"0.30"},{"SelectionGroupSize":"1"},{"LogisticScaling":"1.0000"},{"DistMean":"0.00"},{"DistStdDev":"1.00"},{"FirstItem":""},{"CalibrationSample":"Wave 1A"},{"SetSelectionMethod":"Instance"}],"Items":[{"FormItemOID":"1464EC36-434A-4D6E-AA27-B70D65A1F413","ID":"NQFTG02","A_GRM":"3.60876","Map":[{"ItemResponseOID":"D4E11414-2A8A-4D9C-857E-A163AE38607D","StepOrder":"1","Threshold":"-0.7494"},{"ItemResponseOID":"6F3AFC3B-CA91-4FF6-B5E3-0458CBB950A2","StepOrder":"2","Threshold":"-0.1345"},{"ItemResponseOID":"A989F687-695D-4C28-9F55-6D28BC1C4093","StepOrder":"3","Threshold":"0.7531"},{"ItemResponseOID":"E096F045-28E3-475A-99B4-1081F916BDA1","StepOrder":"4","Threshold":"1.9085"}]},{"FormItemOID":"771BCBFA-AD53-48FB-AE38-6802D96C5B4E","ID":"NQFTG14","A_GRM":"3.99133","Map":[{"ItemResponseOID":"AA255341-6ECF-48C6-8158-382AF12B0E6B","StepOrder":"1","Threshold":"-1.6421"},{"ItemResponseOID":"7DB614B9-472D-41AC-9BE9-F6657C9A0417","StepOrder":"2","Threshold":"-0.7370"},{"ItemResponseOID":"C0D9B33B-3ED0-47AF-9663-C6C4F33CB446","StepOrder":"3","Threshold":"0.3109"},{"ItemResponseOID":"37872A5B-D6D2-4960-96C5-48371CCBE9B0","StepOrder":"4","Threshold":"1.3436"}]},{"FormItemOID":"84532A67-8E81-4512-BD76-C9383566FDA1","ID":"NQFTG06","A_GRM":"4.24433","Map":[{"ItemResponseOID":"843101F3-CF6B-485B-A85C-6FF12FC19B71","StepOrder":"1","Threshold":"-0.9616"},{"ItemResponseOID":"79C5EE57-7513-468D-8F0C-94372B3212A6","StepOrder":"2","Threshold":"-0.2507"},{"ItemResponseOID":"4F941B71-4021-4595-93CF-D3A9C86E0B61","StepOrder":"3","Threshold":"0.6647"},{"ItemResponseOID":"862D1174-CF4E-497D-8F47-30EC2B5551C8","StepOrder":"4","Threshold":"1.6671"}]},{"FormItemOID":"8FF263E4-0E25-49B6-95EB-C093193069F6","ID":"NQFTG11","A_GRM":"4.57819","Map":[{"ItemResponseOID":"C5D91F25-04C5-42FE-877E-D171864E9D03","StepOrder":"1","Threshold":"-1.1769"},{"ItemResponseOID":"0230BA7C-556C-45A7-A8D2-A40157AF8FBB","StepOrder":"2","Threshold":"-0.4209"},{"ItemResponseOID":"E85F147C-56F6-4DA3-BBCE-B9AA5548E90E","StepOrder":"3","Threshold":"0.3346"},{"ItemResponseOID":"A663D6EF-2380-484F-81DD-71124BE23329","StepOrder":"4","Threshold":"1.2972"}]},{"FormItemOID":"B7091739-7733-419F-9FFD-C7B955276AE2","ID":"NQFTG13","A_GRM":"4.68427","Map":[{"ItemResponseOID":"04151553-0629-4614-A890-219387F2F210","StepOrder":"1","Threshold":"-0.9271"},{"ItemResponseOID":"E762B1D3-E584-4C1C-A60F-7FE00C6EC256","StepOrder":"2","Threshold":"-0.2550"},{"ItemResponseOID":"FD9BF39D-7566-44D9-BB80-F75164979105","StepOrder":"3","Threshold":"0.5969"},{"ItemResponseOID":"2A2AD9A5-BD76-47C2-A86C-8F6D87A22746","StepOrder":"4","Threshold":"1.4212"}]},{"FormItemOID":"C512A63B-3428-45FF-8EB0-DE8E488F83F7","ID":"NQFTG15","A_GRM":"4.52634","Map":[{"ItemResponseOID":"72CD2686-D449-4E47-A68A-DDE73EA5B2A8","StepOrder":"1","Threshold":"-1.3033"},{"ItemResponseOID":"F562886C-11F2-4D07-A33C-8D6F4D1EC726","StepOrder":"2","Threshold":"-0.4729"},{"ItemResponseOID":"23A95385-D8D9-4928-842B-CDCF0E79BDD5","StepOrder":"3","Threshold":"0.4058"},{"ItemResponseOID":"AE0023C5-91EA-4D1A-A2DC-CE106A5B4493","StepOrder":"4","Threshold":"1.3654"}]},{"FormItemOID":"D4E876F8-D5FA-4072-A756-4CBE9FAFEA19","ID":"NQFTG07","A_GRM":"3.94218","Map":[{"ItemResponseOID":"36736F19-A8D9-499C-81C5-D95C5301207E","StepOrder":"1","Threshold":"-0.6045"},{"ItemResponseOID":"EBB9658F-C6B3-478E-9342-E6EEE4A03B58","StepOrder":"2","Threshold":"0.0461"},{"ItemResponseOID":"E9915392-50D5-4A9E-9358-BB3AE722CA97","StepOrder":"3","Threshold":"0.9439"},{"ItemResponseOID":"A2B759E2-A4E4-4D91-BB7C-240E40543292","StepOrder":"4","Threshold":"1.9105"}]},{"FormItemOID":"FEC2D5EC-F041-44B1-AC73-3433DA05C831","ID":"NQFTG10","A_GRM":"4.14659","Map":[{"ItemResponseOID":"3296BA2E-B38C-4F4D-8B76-5A10EF25F62B","StepOrder":"1","Threshold":"-0.7203"},{"ItemResponseOID":"BFABFA81-C659-4AE7-852D-B7DF0CAA595A","StepOrder":"2","Threshold":"-0.2442"},{"ItemResponseOID":"F8668FD1-49B0-4216-8A9C-FDDD73400122","StepOrder":"3","Threshold":"0.4339"},{"ItemResponseOID":"4CE78939-EB48-4EBC-AA89-6AC91FBA2C64","StepOrder":"4","Threshold":"1.1719"}]}]}
