{"FormOID":"6801219C-05D0-491D-A9DD-F54D54B265BB","Form":"PROMIS-Ca Bank v1.0 ??? Fatigue","Properties":[{"MinNumItems":"4"},{"MaxNumItems":"12"},{"IRTModel":"0"},{"SelectionMethod":"1"},{"MinTheta":"-4.00"},{"MaxTheta":"4.00"},{"ThetaIncrement":"0.1000"},{"MaxStdErr":"0.30"},{"SelectionGroupSize":"1"},{"LogisticScaling":"1.0000"},{"DistMean":"0.00"},{"DistStdDev":"1.00"},{"FirstItem":""},{"CalibrationSample":"Cancer"},{"SetSelectionMethod":"Instance"}],"Items":[{"FormItemOID":"00E58149-4510-45A2-BD39-7A9AB6ED9EA0","ID":"FATEXP36","A_GRM":"3.83184","Map":[{"ItemResponseOID":"91F02103-3AB0-424C-B0E7-7BDF64DD958D","StepOrder":"1","Threshold":"-0.6051"},{"ItemResponseOID":"91DEB5B6-AAAF-4D96-8299-F51D766115F7","StepOrder":"2","Threshold":"0.4513"},{"ItemResponseOID":"06F6E29C-DAD8-434F-B77E-2A5B22C3218F","StepOrder":"3","Threshold":"1.1959"},{"ItemResponseOID":"EC738108-BEDD-4E33-BB57-571ABCD61F0E","StepOrder":"4","Threshold":"2.1420"}]},{"FormItemOID":"064947DF-D694-4C77-98CB-62B212820230","ID":"FATIMP19","A_GRM":"3.41109","Map":[{"ItemResponseOID":"D21C0F76-C4D1-485F-889A-4E9B05FA5D6D","StepOrder":"1","Threshold":"-0.5124"},{"ItemResponseOID":"78C9259A-C04F-4514-881B-EDF7DB740A36","StepOrder":"2","Threshold":"0.2993"},{"ItemResponseOID":"E7DBBD05-5060-4719-949C-F4404E8B6BAD","StepOrder":"3","Threshold":"1.1489"},{"ItemResponseOID":"CED65245-11DE-4999-9CB7-E48D643D827A","StepOrder":"4","Threshold":"2.2027"}]},{"FormItemOID":"0A38EF80-2E2E-4EA0-8605-474C903A7748","ID":"FATEXP24","A_GRM":"2.10594","Map":[{"ItemResponseOID":"6ED20039-4723-43D2-9824-625830109F34","StepOrder":"1","Threshold":"-0.6373"},{"ItemResponseOID":"3831CD28-5495-473D-B807-DB7460A75BCE","StepOrder":"2","Threshold":"0.5112"},{"ItemResponseOID":"8B53C6E6-037A-40F9-AC64-6464DDD22648","StepOrder":"3","Threshold":"1.5269"},{"ItemResponseOID":"F488734E-1493-45D1-A5BD-7F0CFAD7D430","StepOrder":"4","Threshold":"2.4256"}]},{"FormItemOID":"0A9965A3-AB5D-421B-B477-553F1D948478","ID":"FATIMP29","A_GRM":"3.08762","Map":[{"ItemResponseOID":"EB1E2B1A-121C-4D2E-B7DA-51AFEF1C43B5","StepOrder":"1","Threshold":"-0.0452"},{"ItemResponseOID":"B727EBEA-D92D-42BE-AFB8-852360F372F4","StepOrder":"2","Threshold":"0.6972"},{"ItemResponseOID":"414D61B8-405D-4A1B-856E-0A103AF278B8","StepOrder":"3","Threshold":"1.5538"},{"ItemResponseOID":"D0061DFA-A691-450B-A705-72C271EA4F5B","StepOrder":"4","Threshold":"2.6029"}]},{"FormItemOID":"0C28EB05-9DD1-4B61-9E15-E60A5F5AD38C","ID":"FATIMP40","A_GRM":"1.17441","Map":[{"ItemResponseOID":"421DF7B7-A4B3-4320-99A5-213AAE4FE2A8","StepOrder":"1","Threshold":"-2.4817"},{"ItemResponseOID":"2D9FF6A8-7D7B-402E-A0C6-92936016854D","StepOrder":"2","Threshold":"-0.8409"},{"ItemResponseOID":"AFC6AD9E-D60A-41CB-8C5A-846D877C0550","StepOrder":"3","Threshold":"0.3359"},{"ItemResponseOID":"21F73080-0856-4D68-9E97-860F0E59B964","StepOrder":"4","Threshold":"1.4922"}]},{"FormItemOID":"0DC3FE00-6EC3-4B25-A66A-C4D1A136ACD5","ID":"FATEXP20","A_GRM":"3.25088","Map":[{"ItemResponseOID":"0E1C249E-6268-4D71-AA90-605F5AAC0A25","StepOrder":"1","Threshold":"-1.6209"},{"ItemResponseOID":"E48B3FE4-281C-48DC-BA80-90DAE18CDA8C","StepOrder":"2","Threshold":"-0.4778"},{"ItemResponseOID":"08CB4C67-E1BF-4789-AFFA-9244DF0C3774","StepOrder":"3","Threshold":"0.7291"},{"ItemResponseOID":"5B5EEAEB-87A0-4056-A213-7D280736367C","StepOrder":"4","Threshold":"1.7908"}]},{"FormItemOID":"0DFA1C32-2211-47BA-BBDA-D18A0BB45322","ID":"FATIMP13","A_GRM":"3.50878","Map":[{"ItemResponseOID":"ABB82A02-25AD-4735-8611-492CED418258","StepOrder":"1","Threshold":"-0.3688"},{"ItemResponseOID":"41A25748-3CCA-4549-8BFB-EE39B36402FF","StepOrder":"2","Threshold":"0.4449"},{"ItemResponseOID":"8F9CFB96-E9AE-4CF6-9D14-97CFAFDAC37B","StepOrder":"3","Threshold":"1.3314"},{"ItemResponseOID":"AF51BCDB-E0A1-4459-8ECA-6ABC2D43D323","StepOrder":"4","Threshold":"2.4636"}]},{"FormItemOID":"16CD4107-74E4-4690-8945-0683ECB8395C","ID":"FATIMP22","A_GRM":"3.12672","Map":[{"ItemResponseOID":"C91BED2B-D296-4B60-A4FA-4CEAD96436DF","StepOrder":"1","Threshold":"-0.2396"},{"ItemResponseOID":"138D221E-E4A3-48D8-8E6E-77693E80E5A3","StepOrder":"2","Threshold":"0.6493"},{"ItemResponseOID":"A41F7454-7B80-47EC-8178-8255A7544350","StepOrder":"3","Threshold":"1.6027"},{"ItemResponseOID":"0628EC93-6BDB-4293-BFAD-ABE8A8571844","StepOrder":"4","Threshold":"2.6150"}]},{"FormItemOID":"16F89EB9-4414-4F9C-A412-8C199BB9415E","ID":"FATEXP34","A_GRM":"3.87115","Map":[{"ItemResponseOID":"564F1C08-E6F4-47F0-9B3D-F30DD3B69631","StepOrder":"1","Threshold":"-1.1000"},{"ItemResponseOID":"A522CB55-233C-4ACB-B14B-16BB0587ACEF","StepOrder":"2","Threshold":"0.2340"},{"ItemResponseOID":"F8D2CE65-9947-4E70-A4CB-E098DD8B836D","StepOrder":"3","Threshold":"1.0103"},{"ItemResponseOID":"5C8801FE-0B87-4690-9134-A795E598A46B","StepOrder":"4","Threshold":"1.9985"}]},{"FormItemOID":"204AFF07-BAAA-40D8-91A4-B17CDD0E1D89","ID":"FATIMP6","A_GRM":"2.97303","Map":[{"ItemResponseOID":"B26750FA-69B3-4D33-BEB1-8653A4541AA9","StepOrder":"1","Threshold":"-0.3346"},{"ItemResponseOID":"A7F85055-DB3D-4C35-8E76-1A8132F783B5","StepOrder":"2","Threshold":"0.5598"},{"ItemResponseOID":"7964A607-EBFE-4C5E-A1C1-3A3A0AF5B8C4","StepOrder":"3","Threshold":"1.5240"},{"ItemResponseOID":"E0636877-40AE-4C30-866C-39D70FDD352F","StepOrder":"4","Threshold":"2.4336"}]},{"FormItemOID":"2193D1F9-A127-4391-9243-1B3420CAA557","ID":"FATEXP22","A_GRM":"3.89996","Map":[{"ItemResponseOID":"0023FCC4-BE91-469F-B173-3B5B18FAB827","StepOrder":"1","Threshold":"-0.8100"},{"ItemResponseOID":"00B09CCE-2278-48EC-BE07-08B1B54D608B","StepOrder":"2","Threshold":"0.1248"},{"ItemResponseOID":"4A20699E-7585-4BB3-8E24-375760336E18","StepOrder":"3","Threshold":"0.9957"},{"ItemResponseOID":"CDDC2503-38AF-4299-B866-2F280EB615E3","StepOrder":"4","Threshold":"1.8786"}]},{"FormItemOID":"28ACD358-4FCE-4F35-A8DF-3E4F9A3A305F","ID":"FATIMP9","A_GRM":"3.48196","Map":[{"ItemResponseOID":"C9772736-F05C-4215-9702-730CC7B374F9","StepOrder":"1","Threshold":"-0.0397"},{"ItemResponseOID":"2B29E5EC-3A6D-4484-A5BD-695632AC2B3C","StepOrder":"2","Threshold":"0.7032"},{"ItemResponseOID":"5C72934A-E22C-49F3-AC1C-C8098DA93714","StepOrder":"3","Threshold":"1.4657"},{"ItemResponseOID":"1C1D2B72-85DF-4726-A869-F82A5E58595A","StepOrder":"4","Threshold":"2.4086"}]},{"FormItemOID":"2E211622-2BA9-4483-B5AD-FFE60065018F","ID":"FATIMP16","A_GRM":"3.86264","Map":[{"ItemResponseOID":"06B887C1-0376-4F77-B4D2-CDA42B9CB663","StepOrder":"1","Threshold":"-0.3853"},{"ItemResponseOID":"7E3C2352-F057-4A63-A908-2BC3AB9626D2","StepOrder":"2","Threshold":"0.4560"},{"ItemResponseOID":"EA00812F-C916-4B5A-B140-BD035051F66C","StepOrder":"3","Threshold":"1.3312"},{"ItemResponseOID":"C4A49474-7A83-4D8C-BA1D-731172DADA0C","StepOrder":"4","Threshold":"2.2382"}]},{"FormItemOID":"2E29C12D-63BE-46D7-B83A-8CEF190E0E83","ID":"FATEXP6","A_GRM":"2.84463","Map":[{"ItemResponseOID":"223A16DC-C309-4C13-BE17-D13DCF332998","StepOrder":"1","Threshold":"-0.6571"},{"ItemResponseOID":"89647421-C3FA-4968-A2CE-A1762BA1769B","StepOrder":"2","Threshold":"0.2417"},{"ItemResponseOID":"3A035988-ED2E-4C55-A8AF-54E0A7A08288","StepOrder":"3","Threshold":"1.2979"},{"ItemResponseOID":"B33F9A1D-9B05-4EB1-B33E-E80CE7AE570E","StepOrder":"4","Threshold":"2.3841"}]},{"FormItemOID":"356C8992-1A44-44EE-B22C-88419CCC255A","ID":"FATIMP26","A_GRM":"3.10719","Map":[{"ItemResponseOID":"BFF04C82-ABC8-4EB4-9EFF-F12F644F61B2","StepOrder":"1","Threshold":"-0.0232"},{"ItemResponseOID":"7152BF35-5943-4E5A-8429-A0DE3B6F9945","StepOrder":"2","Threshold":"0.7968"},{"ItemResponseOID":"E65EBF5F-9D33-4F2A-8BBE-4E3310ACA12C","StepOrder":"3","Threshold":"1.7414"},{"ItemResponseOID":"BCB494A7-2AF1-4CC7-B1E2-07FCD3A42DC4","StepOrder":"4","Threshold":"2.5924"}]},{"FormItemOID":"3894ACCA-B159-4D5D-A6F1-BDD9C90A7385","ID":"FATIMP47","A_GRM":"3.67958","Map":[{"ItemResponseOID":"8964C4E6-32A5-4091-99AB-A73A7CE58F1F","StepOrder":"1","Threshold":"-0.3228"},{"ItemResponseOID":"73767685-A8C8-48BC-BC6E-DEFECF04CA83","StepOrder":"2","Threshold":"0.4792"},{"ItemResponseOID":"B98F2555-80E8-4ACA-B260-EECEB836534F","StepOrder":"3","Threshold":"1.0985"},{"ItemResponseOID":"A1006943-C771-4F8F-B82E-45B1A2386021","StepOrder":"4","Threshold":"1.9192"}]},{"FormItemOID":"397118A0-7240-4C9B-9134-977F508AFE60","ID":"FATEXP2","A_GRM":"3.42126","Map":[{"ItemResponseOID":"5F04FD16-0E59-4767-BA9C-CC5285DDB03D","StepOrder":"1","Threshold":"-0.9160"},{"ItemResponseOID":"748211D0-099C-49A0-96FC-01F2915C9CAA","StepOrder":"2","Threshold":"0.0375"},{"ItemResponseOID":"BE46DE1C-15FD-471F-9D0B-EBDA0C441655","StepOrder":"3","Threshold":"1.0090"},{"ItemResponseOID":"03CB94E6-AD4F-40F5-B8FF-21B6CC5F9820","StepOrder":"4","Threshold":"2.0319"}]},{"FormItemOID":"4904DD12-32C8-43E9-9BF7-6EED9A637B8D","ID":"FATEXP48","A_GRM":"3.50940","Map":[{"ItemResponseOID":"8BD0A6DA-021B-441A-BE91-B0D08CCA3CCC","StepOrder":"1","Threshold":"-0.9245"},{"ItemResponseOID":"BA63D287-8A7D-415F-93DD-AA7E8D1E2131","StepOrder":"2","Threshold":"-0.0283"},{"ItemResponseOID":"6EEE9AE9-5306-4D50-AC38-790AFB0C6EBE","StepOrder":"3","Threshold":"0.8654"},{"ItemResponseOID":"F03A483D-A5AE-4176-AB56-0C516D44BCB7","StepOrder":"4","Threshold":"1.8096"}]},{"FormItemOID":"4A9BD3AD-2BD2-420C-99FB-0CAC0989F4FA","ID":"FATEXP42","A_GRM":"1.44166","Map":[{"ItemResponseOID":"AE5909C5-C217-478C-A769-B1B47261AF16","StepOrder":"1","Threshold":"-1.2597"},{"ItemResponseOID":"CFC329FD-3306-419F-9CDE-111CD1C7CC7C","StepOrder":"2","Threshold":"0.7827"},{"ItemResponseOID":"A9AAB8D5-993D-43F5-978D-A6873BF063E7","StepOrder":"3","Threshold":"1.9513"},{"ItemResponseOID":"A6D7E930-CEF6-49E1-8B71-393A205664DD","StepOrder":"4","Threshold":"3.5124"}]},{"FormItemOID":"4F60A8BE-F4BD-4D67-87F0-1040FB2A41AF","ID":"FATEXP50","A_GRM":"1.90938","Map":[{"ItemResponseOID":"8E40AE85-19CE-4EB7-81ED-242C567F4294","StepOrder":"1","Threshold":"-0.3414"},{"ItemResponseOID":"494D587F-C714-4B1B-9304-55AE5E0F5E64","StepOrder":"2","Threshold":"0.9826"},{"ItemResponseOID":"4B40CEC6-90C3-448B-AA33-CD93FDDA2218","StepOrder":"3","Threshold":"1.9454"},{"ItemResponseOID":"33BB4D73-B308-4203-8B48-3B72BB77E3DA","StepOrder":"4","Threshold":"2.9094"}]},{"FormItemOID":"591F1772-3490-4956-8841-A5F5626C28BB","ID":"FATIMP15","A_GRM":"3.56379","Map":[{"ItemResponseOID":"82F87B0F-BAA6-4FE7-B1B3-5C4CBFA4CD88","StepOrder":"1","Threshold":"-0.4385"},{"ItemResponseOID":"4E6EBFF3-3C52-4224-BC9E-63FFFE734A90","StepOrder":"2","Threshold":"0.3694"},{"ItemResponseOID":"09C35DF2-1560-4C2E-B24D-F0EC693D8703","StepOrder":"3","Threshold":"1.1899"},{"ItemResponseOID":"0CFD9CF1-8069-434F-BEFF-0827E915CA96","StepOrder":"4","Threshold":"2.0214"}]},{"FormItemOID":"61B232A3-309D-4675-BFE9-07CDC535130A","ID":"FATIMP28","A_GRM":"2.80660","Map":[{"ItemResponseOID":"D6B9857D-D6A8-4874-B214-877FF89C8104","StepOrder":"1","Threshold":"0.5199"},{"ItemResponseOID":"94D27F62-5DE8-4C08-BB01-00AE2798BAC8","StepOrder":"2","Threshold":"1.3740"},{"ItemResponseOID":"437B8C83-8EFE-4818-BDCD-00593A0D2A16","StepOrder":"3","Threshold":"2.1931"},{"ItemResponseOID":"D064F079-769C-481A-85A4-33F9C8F3A91C","StepOrder":"4","Threshold":"2.9323"}]},{"FormItemOID":"62B97DB7-8C31-407D-90C7-65DCBC8C1AE0","ID":"FATIMP30","A_GRM":"2.96527","Map":[{"ItemResponseOID":"918A9672-D915-42D7-B463-6B2E610F4E77","StepOrder":"1","Threshold":"-0.1065"},{"ItemResponseOID":"594FCEDD-F63D-432C-AFBA-2ECB871CB15A","StepOrder":"2","Threshold":"0.8185"},{"ItemResponseOID":"161EF1EA-6698-4BD6-B3C5-46AA41AFA74B","StepOrder":"3","Threshold":"1.8163"},{"ItemResponseOID":"8FA38478-A7B9-41CB-B3EA-EC764646F2BE","StepOrder":"4","Threshold":"3.0505"}]},{"FormItemOID":"64FC3306-3F7A-4A2C-8691-A0AE1B863483","ID":"FATIMP34","A_GRM":"3.28678","Map":[{"ItemResponseOID":"47DE4E4D-AD84-4584-9537-2ECDE0358DE3","StepOrder":"1","Threshold":"0.0066"},{"ItemResponseOID":"DAC25352-6180-4E60-9D96-A53DCC77A090","StepOrder":"2","Threshold":"0.7634"},{"ItemResponseOID":"739E0AA2-CC5A-4204-8EB7-0413090E0DA3","StepOrder":"3","Threshold":"1.4442"},{"ItemResponseOID":"F3061DC3-CE7F-426A-AEAB-3285EDA58BD8","StepOrder":"4","Threshold":"2.2464"}]},{"FormItemOID":"652C036A-31CB-4348-87AF-A7818844386D","ID":"FATIMP18","A_GRM":"3.52595","Map":[{"ItemResponseOID":"22A64E36-9810-44D8-B2B0-C7DF4671D636","StepOrder":"1","Threshold":"-0.2240"},{"ItemResponseOID":"07968E9C-065A-4759-86E8-77067E7AF120","StepOrder":"2","Threshold":"0.5948"},{"ItemResponseOID":"27EDCAF1-76C8-4855-BF73-B2FC72BAB204","StepOrder":"3","Threshold":"1.3756"},{"ItemResponseOID":"B3BAFF20-6E3A-46E0-80DD-728690B0CBAE","StepOrder":"4","Threshold":"2.2690"}]},{"FormItemOID":"6962D6AD-49E9-437D-8197-31FFFC869804","ID":"FATIMP33","A_GRM":"3.09254","Map":[{"ItemResponseOID":"6A79D06D-2E50-4582-9939-6B805EA3B70A","StepOrder":"1","Threshold":"-0.5432"},{"ItemResponseOID":"F0A5D0F4-56B5-462D-AA31-F28F13AA35CD","StepOrder":"2","Threshold":"0.3259"},{"ItemResponseOID":"F4DD1188-90F7-47A1-818A-1CF4530824DB","StepOrder":"3","Threshold":"1.3544"},{"ItemResponseOID":"F4C995C1-087D-417E-A67D-D5CF83CBFFA4","StepOrder":"4","Threshold":"2.3236"}]},{"FormItemOID":"6997A596-F922-4507-9DEA-54A8DFCAB9D8","ID":"FATEXP19","A_GRM":"3.65446","Map":[{"ItemResponseOID":"82571305-D9ED-41B6-92ED-1828E4C89A0F","StepOrder":"1","Threshold":"-0.7880"},{"ItemResponseOID":"64AF5F3F-E35F-4067-8068-28DAB1E86778","StepOrder":"2","Threshold":"0.1715"},{"ItemResponseOID":"F3438B6F-27A2-4DA3-ACC5-0A8B4A6F24E2","StepOrder":"3","Threshold":"1.1299"},{"ItemResponseOID":"3D1A8CB5-23E8-44C3-92EB-5184C2224184","StepOrder":"4","Threshold":"2.1994"}]},{"FormItemOID":"6B72B09A-1EA1-49AB-8043-6CED1FA91451","ID":"FATEXP43","A_GRM":"3.80743","Map":[{"ItemResponseOID":"CD8183BC-ECB6-4DF7-BDEA-997A1CB61D13","StepOrder":"1","Threshold":"-0.7569"},{"ItemResponseOID":"590BE6A9-B14E-43A4-AC79-579D4B7D0209","StepOrder":"2","Threshold":"0.3415"},{"ItemResponseOID":"5B780ACD-5CB2-451B-B2EE-88A461BCED9C","StepOrder":"3","Threshold":"1.1897"},{"ItemResponseOID":"29D56442-762B-488C-A226-1C53E56E2DC4","StepOrder":"4","Threshold":"2.1345"}]},{"FormItemOID":"74A6270E-D32F-4A6F-A3F2-FBCC468875E6","ID":"FATEXP41","A_GRM":"4.32191","Map":[{"ItemResponseOID":"755B3D95-7EFF-4D4B-9293-E3E735CDD144","StepOrder":"1","Threshold":"-0.5302"},{"ItemResponseOID":"9D4DA6C8-1EC4-4475-9BEF-47F5C0CA0366","StepOrder":"2","Threshold":"0.4511"},{"ItemResponseOID":"1FAA9627-0EA7-4E1E-A25D-99001705E0B8","StepOrder":"3","Threshold":"1.1503"},{"ItemResponseOID":"13C31BDD-AC0D-4659-850A-9F64951D608E","StepOrder":"4","Threshold":"2.0368"}]},{"FormItemOID":"765E733D-1D38-4853-8512-DAEA1F3BA911","ID":"FATIMP56","A_GRM":"2.87279","Map":[{"ItemResponseOID":"AD239D34-0AF5-4FD6-BBE5-E41E71302242","StepOrder":"1","Threshold":"-0.2469"},{"ItemResponseOID":"53B9C268-3DDD-433C-93E7-3AFE81230F13","StepOrder":"2","Threshold":"0.5605"},{"ItemResponseOID":"F69632F3-274C-4B4B-BD30-08ACC18B2904","StepOrder":"3","Threshold":"1.4281"},{"ItemResponseOID":"98387988-EDF6-410E-9825-44A8987498E0","StepOrder":"4","Threshold":"2.3837"}]},{"FormItemOID":"78016FC9-9481-4211-8F4B-216301DDD919","ID":"FATIMP52","A_GRM":"3.11250","Map":[{"ItemResponseOID":"CFD8DF48-4ABB-4543-987C-7EDF19B911FE","StepOrder":"1","Threshold":"-0.3652"},{"ItemResponseOID":"DCBA14CB-95B1-441F-AA8B-E14546AF28BC","StepOrder":"2","Threshold":"0.6392"},{"ItemResponseOID":"1F057BDA-284F-4E0E-8C88-6040019C9190","StepOrder":"3","Threshold":"1.3814"},{"ItemResponseOID":"52EACED2-845D-4D18-80EF-076F7CCD919D","StepOrder":"4","Threshold":"2.3044"}]},{"FormItemOID":"804FB62B-0D07-435E-8B09-D10B9B46977C","ID":"FATEXP40","A_GRM":"4.17556","Map":[{"ItemResponseOID":"E8A1704F-2650-450E-9F00-A609E68677A1","StepOrder":"1","Threshold":"-0.8828"},{"ItemResponseOID":"C556CC40-764A-4EDD-A7BE-C57190C637EF","StepOrder":"2","Threshold":"0.3275"},{"ItemResponseOID":"CBC68C5A-1A1C-4785-8860-DF4956DE26CA","StepOrder":"3","Threshold":"1.2048"},{"ItemResponseOID":"D9735761-196B-40DA-932E-BEE19BAFF587","StepOrder":"4","Threshold":"2.1884"}]},{"FormItemOID":"8C489635-FF31-4AD1-9B7C-9D85BC2C782F","ID":"FATIMP25","A_GRM":"2.84088","Map":[{"ItemResponseOID":"CD8A57D2-306B-46D0-B9EF-516AA569F203","StepOrder":"1","Threshold":"0.2024"},{"ItemResponseOID":"871CE906-2FDB-4FFE-8F6A-28024008D98E","StepOrder":"2","Threshold":"1.1626"},{"ItemResponseOID":"E72D25D6-ED7C-4AE2-94C5-5DAA46530934","StepOrder":"3","Threshold":"2.2135"},{"ItemResponseOID":"6D7481D0-5E88-42F4-8AAF-7CB583197383","StepOrder":"4","Threshold":"2.9185"}]},{"FormItemOID":"90E885EE-01CE-4430-B5D3-38151AB75505","ID":"FATEXP18","A_GRM":"3.38925","Map":[{"ItemResponseOID":"D7789593-A1C6-4ED6-A483-FBBE664477A3","StepOrder":"1","Threshold":"-1.0135"},{"ItemResponseOID":"C3297D15-EC5B-4FC9-8B8B-B4CB4D155B36","StepOrder":"2","Threshold":"0.0387"},{"ItemResponseOID":"020957B1-EF14-43D0-BC7A-38E91F42A226","StepOrder":"3","Threshold":"1.0796"},{"ItemResponseOID":"6867C0AB-744C-4E5F-8B09-C40322DBFEC2","StepOrder":"4","Threshold":"2.1624"}]},{"FormItemOID":"92FF8A0C-5CB9-447C-81A4-284F2943EE94","ID":"FATEXP12","A_GRM":"2.96129","Map":[{"ItemResponseOID":"8AF81BF5-32F5-4BC4-877E-714406D34A62","StepOrder":"1","Threshold":"-0.5680"},{"ItemResponseOID":"A5B9D50B-1E51-4C75-A773-C7C5F0A2C281","StepOrder":"2","Threshold":"0.4993"},{"ItemResponseOID":"AE89E758-553E-4884-BC34-99F2D533C5DF","StepOrder":"3","Threshold":"1.2739"},{"ItemResponseOID":"2899B485-7CDB-4D6C-9C69-523669BC82CA","StepOrder":"4","Threshold":"2.2954"}]},{"FormItemOID":"930E0969-5F25-4314-BED9-23F33DBAC9E9","ID":"FATIMP3","A_GRM":"4.77251","Map":[{"ItemResponseOID":"C32296EE-290D-436F-981B-69D32DB90814","StepOrder":"1","Threshold":"-0.6329"},{"ItemResponseOID":"37F35875-82EB-4986-9E50-EBB8D5061573","StepOrder":"2","Threshold":"0.1258"},{"ItemResponseOID":"931DAA15-1DFC-4266-9C62-D7A04FDBA4E1","StepOrder":"3","Threshold":"1.0389"},{"ItemResponseOID":"A1F69ED4-75D6-4376-AD91-EA4339477AD3","StepOrder":"4","Threshold":"1.9415"}]},{"FormItemOID":"934130D6-8FC5-49B6-A446-7C9A829377E7","ID":"FATEXP16","A_GRM":"2.65053","Map":[{"ItemResponseOID":"C419E1D5-9384-4037-93BE-7943DDA69111","StepOrder":"1","Threshold":"-1.2739"},{"ItemResponseOID":"CD399323-C3EF-4694-A2A2-71822C843D40","StepOrder":"2","Threshold":"-0.0589"},{"ItemResponseOID":"7B662B39-DA96-4030-BDDA-B2E06BE4E1B5","StepOrder":"3","Threshold":"1.0910"},{"ItemResponseOID":"28C9A6B9-B686-4D0A-B09D-E1DBBF499B99","StepOrder":"4","Threshold":"2.2697"}]},{"FormItemOID":"9E3A4007-19AB-4D64-BE8F-0C2684B7AB5A","ID":"FATEXP45","A_GRM":"3.38777","Map":[{"ItemResponseOID":"63987CB3-15AB-44AE-B12E-61BE33795DF5","StepOrder":"1","Threshold":"-0.7113"},{"ItemResponseOID":"E3EAD0EC-297A-4C6F-B718-7A7F391F442F","StepOrder":"2","Threshold":"0.4086"},{"ItemResponseOID":"7379D0C5-E6AC-48F5-82B1-24805E4CFF01","StepOrder":"3","Threshold":"1.2168"},{"ItemResponseOID":"6D41362E-23D7-4E83-A902-8794434ED904","StepOrder":"4","Threshold":"2.3337"}]},{"FormItemOID":"9F139966-E4CB-409A-B680-866093F38B25","ID":"FATEXP56","A_GRM":"3.61692","Map":[{"ItemResponseOID":"8B0E4092-8BD6-4E22-9DCE-AC44C767D019","StepOrder":"1","Threshold":"-0.8786"},{"ItemResponseOID":"7DB7D719-3D36-41CA-85F9-3F006624C099","StepOrder":"2","Threshold":"0.3781"},{"ItemResponseOID":"BBD120BA-ED34-4340-B918-7DC0E6D688A5","StepOrder":"3","Threshold":"1.6589"},{"ItemResponseOID":"A3A4B292-EFEF-4317-A451-02514AC8DFD1","StepOrder":"4","Threshold":"2.6469"}]},{"FormItemOID":"A450C7D4-41A2-49B3-8D9F-E257B4A2CE45","ID":"FATEXP51","A_GRM":"3.71239","Map":[{"ItemResponseOID":"AE1376F8-BCA8-4FDE-A248-5390DA33AC52","StepOrder":"1","Threshold":"-0.8919"},{"ItemResponseOID":"3B5D7970-FEA5-49F0-BB7C-0B7A5B740D03","StepOrder":"2","Threshold":"0.3488"},{"ItemResponseOID":"FEBF29B8-3AA5-4C2B-B679-984589B5B197","StepOrder":"3","Threshold":"1.1088"},{"ItemResponseOID":"4072E00A-9C0C-4329-9951-A7311D5428CD","StepOrder":"4","Threshold":"2.0320"}]},{"FormItemOID":"B3BA1465-5557-4DEA-AA32-B98C359B2A4E","ID":"FATEXP26","A_GRM":"3.19291","Map":[{"ItemResponseOID":"D6FB270F-F60F-4D91-9E25-A73EC4931F93","StepOrder":"1","Threshold":"-0.3262"},{"ItemResponseOID":"56A40B3C-1DA4-4B25-B4B0-417086BFCAD6","StepOrder":"2","Threshold":"0.5795"},{"ItemResponseOID":"D455AF03-CF41-4E91-9DC1-0018DB625222","StepOrder":"3","Threshold":"1.3791"},{"ItemResponseOID":"97ACC4B2-4EC5-4843-A4FA-CA56410150DE","StepOrder":"4","Threshold":"2.3377"}]},{"FormItemOID":"B7240D78-C8A5-429F-B307-134C66B38EB2","ID":"FATIMP53","A_GRM":"2.40867","Map":[{"ItemResponseOID":"56A6C03A-79EB-42D7-9580-79A51C17824E","StepOrder":"1","Threshold":"-0.3316"},{"ItemResponseOID":"C38D97A3-2441-43DD-8A9A-06686B822F5F","StepOrder":"2","Threshold":"0.3922"},{"ItemResponseOID":"FBE0CFD4-27C9-4C7A-B333-9BB6F214E5C3","StepOrder":"3","Threshold":"1.2166"},{"ItemResponseOID":"13C534C1-05C4-438B-9210-2B84A286A2D7","StepOrder":"4","Threshold":"2.1705"}]},{"FormItemOID":"BB1B605D-1D7E-4DFF-9A42-F18EA6DF9DDE","ID":"FATIMP21","A_GRM":"2.11414","Map":[{"ItemResponseOID":"1CAB641E-78AD-4C70-A008-C4D9086D0CEB","StepOrder":"1","Threshold":"0.3825"},{"ItemResponseOID":"383EFCD1-2BCA-45B5-80FE-3ECFF8E543F6","StepOrder":"2","Threshold":"1.1347"},{"ItemResponseOID":"C4EF3859-B3F7-4C0A-8903-9E9C116ADB93","StepOrder":"3","Threshold":"2.0812"},{"ItemResponseOID":"919A4084-8678-4524-9746-A02710CE284B","StepOrder":"4","Threshold":"3.3136"}]},{"FormItemOID":"C301A216-5479-4AE2-B2B3-D8128C79F929","ID":"FATEXP28","A_GRM":"3.04369","Map":[{"ItemResponseOID":"81C19825-126C-4A42-8CA5-CF8C926474A1","StepOrder":"1","Threshold":"-0.1061"},{"ItemResponseOID":"2DDA4773-42F5-42C0-9239-812A2C81D39D","StepOrder":"2","Threshold":"0.7465"},{"ItemResponseOID":"EA37C7D5-1BC3-4C34-AB4B-21AF1EF61960","StepOrder":"3","Threshold":"1.5562"},{"ItemResponseOID":"FE84BC7A-C937-4F46-98FF-98F804E21BDB","StepOrder":"4","Threshold":"2.5225"}]},{"FormItemOID":"C5D6F742-658C-4E86-9FC2-4A8F99DD71F9","ID":"FATEXP5","A_GRM":"2.66150","Map":[{"ItemResponseOID":"E9BCFFB9-70E7-4C57-B8AC-59A37224FA1E","StepOrder":"1","Threshold":"-0.1122"},{"ItemResponseOID":"A2102CD3-40F0-4493-BD3C-AA148F06F79A","StepOrder":"2","Threshold":"0.8390"},{"ItemResponseOID":"0E15846B-F603-42A2-AF87-77E606DA4C95","StepOrder":"3","Threshold":"1.7173"},{"ItemResponseOID":"B760BD28-76F8-4DB1-B911-42714595A30C","StepOrder":"4","Threshold":"2.8349"}]},{"FormItemOID":"C6443F9E-07F5-4639-9386-679D0C15A2B1","ID":"FATIMP24","A_GRM":"3.81380","Map":[{"ItemResponseOID":"D2CA40F6-69D0-41F3-ABDA-033C9B5BBEDE","StepOrder":"1","Threshold":"-0.5023"},{"ItemResponseOID":"D9B7FF1B-AA66-42F9-B85F-6802B78CA2D4","StepOrder":"2","Threshold":"0.3279"},{"ItemResponseOID":"A0EE9325-7951-443E-8E9D-2CFCE9E03316","StepOrder":"3","Threshold":"1.2386"},{"ItemResponseOID":"E5C20A98-F9BB-4DA7-92AC-16826562B69C","StepOrder":"4","Threshold":"2.3405"}]},{"FormItemOID":"C756E436-872F-4AD0-B603-692B41C19AA8","ID":"FATIMP20","A_GRM":"3.32523","Map":[{"ItemResponseOID":"F755F82F-6C22-40DD-A078-70E3334F0616","StepOrder":"1","Threshold":"-0.6406"},{"ItemResponseOID":"E5336935-5E9A-4296-AA9A-C130A56B89E2","StepOrder":"2","Threshold":"0.2992"},{"ItemResponseOID":"B043C2D6-0370-4BC1-8A88-AF9AD8BCFB43","StepOrder":"3","Threshold":"1.2939"},{"ItemResponseOID":"2FDF7C67-A5E7-46A9-B998-66830E26D480","StepOrder":"4","Threshold":"2.2197"}]},{"FormItemOID":"C9388779-7021-479A-8832-C179C46D35B3","ID":"FATIMP11","A_GRM":"2.70549","Map":[{"ItemResponseOID":"A9DF843E-E3A2-4249-9957-1A2A1220DBAD","StepOrder":"1","Threshold":"-0.3095"},{"ItemResponseOID":"E579F05E-DA70-4DD8-84A7-CE3A0B7F499E","StepOrder":"2","Threshold":"0.5885"},{"ItemResponseOID":"1CAA5722-6915-4045-8A73-FD0322F23455","StepOrder":"3","Threshold":"1.5804"},{"ItemResponseOID":"19D6DA8B-FFF8-490A-B8EF-464BD80D4BA6","StepOrder":"4","Threshold":"2.6919"}]},{"FormItemOID":"CB9C789D-5C30-41A5-A8AD-7510C400D8E5","ID":"FATEXP21","A_GRM":"2.82861","Map":[{"ItemResponseOID":"A53EF2C1-5BDC-4928-AA14-231A77F17D4B","StepOrder":"1","Threshold":"-1.4322"},{"ItemResponseOID":"0773CCE8-7B82-4413-9533-8459B4D27668","StepOrder":"2","Threshold":"-0.3883"},{"ItemResponseOID":"22676CBF-04E4-45F0-98D2-D3BC5AF525BF","StepOrder":"3","Threshold":"0.3980"},{"ItemResponseOID":"BEC36E18-32C3-4C42-8536-208242ACCDFF","StepOrder":"4","Threshold":"1.3267"}]},{"FormItemOID":"CDF7DB76-2364-497B-B2B1-9F54BE581F77","ID":"FATEXP31","A_GRM":"2.11341","Map":[{"ItemResponseOID":"64960865-E5C2-43CF-A9DC-7E8AAD3B6AA6","StepOrder":"1","Threshold":"-1.7462"},{"ItemResponseOID":"39ACC5A3-75FE-4DDC-840F-40A7236D8F63","StepOrder":"2","Threshold":"-0.0893"},{"ItemResponseOID":"1FDC9D7F-4AFB-4C5B-96B9-CD728EDA2603","StepOrder":"3","Threshold":"1.0726"},{"ItemResponseOID":"A9A5AC19-1E32-4032-991E-E05F089F46CF","StepOrder":"4","Threshold":"2.3301"}]},{"FormItemOID":"D785B8BD-181B-4900-9362-4EE7E1303137","ID":"FATIMP8","A_GRM":"1.69742","Map":[{"ItemResponseOID":"930C53F1-7B12-4295-B3F4-D8F505E7199C","StepOrder":"1","Threshold":"-0.0752"},{"ItemResponseOID":"3ECFDE48-A298-4321-86BC-D5BAA4869C66","StepOrder":"2","Threshold":"1.0017"},{"ItemResponseOID":"37C2FDBD-E7B8-47D2-B129-1E0711D183D6","StepOrder":"3","Threshold":"2.2376"},{"ItemResponseOID":"85C5B569-A806-416B-AC33-0D6053A6096B","StepOrder":"4","Threshold":"3.6673"}]},{"FormItemOID":"E53E1224-BD4E-4835-872F-F6AA7241494F","ID":"FATIMP14","A_GRM":"3.17467","Map":[{"ItemResponseOID":"E23E0C65-BC3B-4123-AF46-5704A38E8E59","StepOrder":"1","Threshold":"-0.2100"},{"ItemResponseOID":"51F12057-B3FF-468D-B7B1-AED945781A02","StepOrder":"2","Threshold":"0.6442"},{"ItemResponseOID":"42C2276C-7303-4176-84F4-037DA2775FBC","StepOrder":"3","Threshold":"1.5737"},{"ItemResponseOID":"D71E74B9-E398-4C97-B6AB-4CF956A76E08","StepOrder":"4","Threshold":"2.6020"}]},{"FormItemOID":"FAF7A04E-6E10-4A5B-9FD9-E169E9D70A87","ID":"FATIMP2","A_GRM":"2.86203","Map":[{"ItemResponseOID":"5923EC9D-C1DB-41F8-B02C-D0B6B8C552CC","StepOrder":"1","Threshold":"-0.0478"},{"ItemResponseOID":"38EAE8EE-FD3B-445C-BAA1-D59319AC96C6","StepOrder":"2","Threshold":"0.8450"},{"ItemResponseOID":"5C299387-2521-40D1-98AE-9F4A9972A1A2","StepOrder":"3","Threshold":"1.5702"},{"ItemResponseOID":"0C95361E-8413-40CA-B606-D93C7053C909","StepOrder":"4","Threshold":"2.4288"}]},{"FormItemOID":"FB1B91D0-9EDD-45FD-A91A-E558B5CFE073","ID":"FATIMP17","A_GRM":"3.25917","Map":[{"ItemResponseOID":"8D64991C-966D-4190-B7F3-CD0C0D4D4B71","StepOrder":"1","Threshold":"-0.1303"},{"ItemResponseOID":"DF263D80-856B-46AA-A2D6-D2B0E572A2D8","StepOrder":"2","Threshold":"0.7757"},{"ItemResponseOID":"6B495B14-D19A-4BEA-A8B3-6B675A316784","StepOrder":"3","Threshold":"1.7017"},{"ItemResponseOID":"CD39F079-9530-4FF0-9C29-670F819DE799","StepOrder":"4","Threshold":"2.7313"}]}]}
