{"FormOID":"70991097-C29B-4D49-8F28-1026AA32C374","Form":"Four-item satisfaction with participation in social roles short form from the PROMIS-29 Profile","Properties":[{"MinNumItems":"4"},{"MaxNumItems":"4"},{"IRTModel":"0"},{"SelectionMethod":"1"},{"MinTheta":"-4.00"},{"MaxTheta":"4.00"},{"ThetaIncrement":"0.1000"},{"MaxStdErr":"0.30"},{"SelectionGroupSize":"1"},{"LogisticScaling":"1.0000"},{"DistMean":"0.00"},{"DistStdDev":"1.00"},{"FirstItem":""},{"CalibrationSample":"Promis Wave 1"},{"SetSelectionMethod":"Instance"}],"Items":[{"FormItemOID":"193F18E4-66EB-471F-9E78-1FA1E1BEC4F2","ID":"SRPSAT24","A_GRM":"4.68800","Map":[{"ItemResponseOID":"EA5A3EE0-FC44-4518-A4D5-71A5B8DB47D1","StepOrder":"1","Threshold":"-1.4330"},{"ItemResponseOID":"F7B343EE-6AFD-4335-883D-09288CAC78B7","StepOrder":"2","Threshold":"-0.9360"},{"ItemResponseOID":"9455DA73-0948-4490-8BE2-12C7BDA0910F","StepOrder":"3","Threshold":"-0.2880"},{"ItemResponseOID":"C5AF13A1-3957-46E4-95A6-17A57A8ED8B7","StepOrder":"4","Threshold":"0.5190"}]},{"FormItemOID":"2D57AA69-C5A1-489D-A17A-6161F45E74CB","ID":"SRPSAT47","A_GRM":"4.37700","Map":[{"ItemResponseOID":"D542AD7E-F970-48BE-B1CF-1FE236C199EA","StepOrder":"1","Threshold":"-1.4210"},{"ItemResponseOID":"996A9B6B-DCAB-48A5-9BBC-2BF7E8FB168D","StepOrder":"2","Threshold":"-0.8950"},{"ItemResponseOID":"24E4C9D6-F3B7-424D-9924-250A4E68A8B4","StepOrder":"3","Threshold":"-0.2150"},{"ItemResponseOID":"A6B37BAB-7939-4EFC-A81E-6463361EB8C8","StepOrder":"4","Threshold":"0.5700"}]},{"FormItemOID":"39206BC9-22BE-451D-91A8-5CAEED200459","ID":"SRPSAT49","A_GRM":"5.57700","Map":[{"ItemResponseOID":"AE591367-2030-44BB-9682-8274DC78BE85","StepOrder":"1","Threshold":"-1.5640"},{"ItemResponseOID":"240F3184-6339-41D9-9E34-1986A9D17B74","StepOrder":"2","Threshold":"-0.9200"},{"ItemResponseOID":"6F4CAD7F-09A1-4C32-837A-D1CA95344404","StepOrder":"3","Threshold":"-0.2180"},{"ItemResponseOID":"1903FF64-956C-48B7-B30E-EE60DD7AC767","StepOrder":"4","Threshold":"0.4580"}]},{"FormItemOID":"8B80AF83-ECBA-46DF-A099-6E4D2C9841A4","ID":"SRPSAT07","A_GRM":"4.42400","Map":[{"ItemResponseOID":"85754D28-B72F-4417-8231-A994510383E8","StepOrder":"1","Threshold":"-1.3380"},{"ItemResponseOID":"01FDC6FC-8087-4FE2-8F5F-AE200CB4CA4D","StepOrder":"2","Threshold":"-0.7990"},{"ItemResponseOID":"29F95455-F4BC-476A-9AD2-2573F417E987","StepOrder":"3","Threshold":"-0.1310"},{"ItemResponseOID":"A1B77A02-C4F2-47A0-9D3A-2DAE6ACAC486","StepOrder":"4","Threshold":"0.6750"}]}]}
