{"FormOID":"73CDF7AE-E1C2-4ADF-B9B3-335885F5BAC9","Form":"Version 1 Parent Proxy Fatigue Bank","Properties":[{"MinNumItems":"5"},{"MaxNumItems":"12"},{"IRTModel":"0"},{"SelectionMethod":"1"},{"MinTheta":"-4.00"},{"MaxTheta":"4.00"},{"ThetaIncrement":"0.1000"},{"MaxStdErr":"0.40"},{"SelectionGroupSize":"1"},{"LogisticScaling":"1.0000"},{"DistMean":"0.00"},{"DistStdDev":"1.00"},{"FirstItem":""},{"CalibrationSample":"Parent Proxy"},{"SetSelectionMethod":"Instance"}],"Items":[{"FormItemOID":"0886EEE9-138B-411E-BB30-4568C4FC08C4","ID":"Pf4fatigue12","A_GRM":"3.43000","Map":[{"ItemResponseOID":"DD306295-3B19-4923-9E66-B3FFE0BC9C03","StepOrder":"0","Threshold":"0.2100"},{"ItemResponseOID":"13C1FE60-820B-4713-AA8F-9F18F1FD026D","StepOrder":"1","Threshold":"1.0100"},{"ItemResponseOID":"83071BAF-7B3A-4FE7-A4C9-4D43BD24EBF0","StepOrder":"2","Threshold":"2.2300"},{"ItemResponseOID":"9C27BFCE-86E9-4583-8581-5BE862E06B08","StepOrder":"3","Threshold":"2.7200"}]},{"FormItemOID":"0DA94A2A-A0F7-42A9-802B-49048A9075DE","ID":"Pf4fatigue1","A_GRM":"2.00000","Map":[{"ItemResponseOID":"45A18B1E-8574-4673-AC2D-7E0697F1F226","StepOrder":"0","Threshold":"-0.6400"},{"ItemResponseOID":"D99F6BD0-FD3F-4DC8-BAD4-E087BD95E907","StepOrder":"1","Threshold":"0.6400"},{"ItemResponseOID":"DD7681D0-070D-4B8E-8391-C771657F45FD","StepOrder":"2","Threshold":"2.1200"},{"ItemResponseOID":"5E91E8C3-7686-4495-B1C2-9EE6A6475132","StepOrder":"3","Threshold":"2.9300"}]},{"FormItemOID":"4340102A-7169-454B-90DD-440F04E6F205","ID":"Pf3fatigue7","A_GRM":"3.10000","Map":[{"ItemResponseOID":"21D5382D-D993-4A3A-9BBA-0FEDA7330C55","StepOrder":"0","Threshold":"-0.3800"},{"ItemResponseOID":"3C6E394F-FDAB-4555-9E72-1079B58E1CD0","StepOrder":"1","Threshold":"0.7200"},{"ItemResponseOID":"4EADCCC0-BB42-4088-932E-DB996BF0B0D8","StepOrder":"2","Threshold":"1.8700"},{"ItemResponseOID":"48BD655F-1DF5-4154-98ED-95CEDE954BD5","StepOrder":"3","Threshold":"2.5900"}]},{"FormItemOID":"61142EB7-2A81-4250-AA7D-6395CBC76B12","ID":"Pf4fatigue4","A_GRM":"4.36000","Map":[{"ItemResponseOID":"DC3096A3-13DC-46FC-9DA7-FE0645EF3806","StepOrder":"0","Threshold":"-0.1000"},{"ItemResponseOID":"DB67E378-8AD3-4FEA-B0B5-19DCA47C0252","StepOrder":"1","Threshold":"0.9600"},{"ItemResponseOID":"62B1E586-4254-4EA9-8A1E-A009C10C68FC","StepOrder":"2","Threshold":"1.9800"},{"ItemResponseOID":"EB4114F7-1CB6-41D1-94BC-39F6491BE8FF","StepOrder":"3","Threshold":"2.9300"}]},{"FormItemOID":"61D5F8D6-132B-47DD-870A-4309CBEA0FE3","ID":"Pf4fatigue3","A_GRM":"2.61000","Map":[{"ItemResponseOID":"51E20C23-0D1A-4F44-8628-4913DB3DC2FE","StepOrder":"0","Threshold":"-0.6800"},{"ItemResponseOID":"5CAFC481-726D-4749-9DD9-3BC28120A238","StepOrder":"1","Threshold":"0.3600"},{"ItemResponseOID":"BF6E6FC7-6077-4C60-8220-187233D9B9BB","StepOrder":"2","Threshold":"1.5100"},{"ItemResponseOID":"3FE033A0-1F0F-4EC7-A868-A117D2253285","StepOrder":"3","Threshold":"2.3200"}]},{"FormItemOID":"6B8097AA-7C1F-43AF-BA23-3E8312307C1B","ID":"Pf3fatigue1","A_GRM":"2.13000","Map":[{"ItemResponseOID":"ED660CCD-C34B-45AC-B69A-8BEA407B621A","StepOrder":"0","Threshold":"-1.5300"},{"ItemResponseOID":"0300EA43-F349-42A2-9D74-8E8E02A3B36E","StepOrder":"1","Threshold":"-0.3200"},{"ItemResponseOID":"CC4A049B-CF51-4C1F-80E3-346502A2F55B","StepOrder":"2","Threshold":"1.2900"},{"ItemResponseOID":"0A27BBDA-F184-4269-B9F7-A799D6BE1EA4","StepOrder":"3","Threshold":"2.2900"}]},{"FormItemOID":"743656F3-4E84-4F3C-A90E-4D66BA545772","ID":"Pf4fatigue10","A_GRM":"1.81000","Map":[{"ItemResponseOID":"582D169B-4DC1-4F52-BA59-902ECB22F880","StepOrder":"0","Threshold":"0.3100"},{"ItemResponseOID":"2211CEE5-9390-441C-9236-6F3F46651BF2","StepOrder":"1","Threshold":"1.0700"},{"ItemResponseOID":"B9CF2A65-0D83-4F83-8C11-16E31E344590","StepOrder":"2","Threshold":"2.0600"},{"ItemResponseOID":"56059D74-A95A-4690-9BAE-5A1759F1C860","StepOrder":"3","Threshold":"2.5100"}]},{"FormItemOID":"8167DDAD-EC90-4781-9FAC-52362181820E","ID":"Pf3fatigue10","A_GRM":"1.94000","Map":[{"ItemResponseOID":"5A7922E4-A8A1-4044-B558-555AFA57E1FF","StepOrder":"0","Threshold":"0.2700"},{"ItemResponseOID":"7CA01702-070D-437D-845D-289F5D67530E","StepOrder":"1","Threshold":"1.3700"},{"ItemResponseOID":"0EFA49E3-91D2-472B-A61F-64A99EB449BB","StepOrder":"2","Threshold":"2.8200"},{"ItemResponseOID":"66DAA76A-94DC-471D-AB33-257F9EC39AC4","StepOrder":"3","Threshold":"4.0800"}]},{"FormItemOID":"86F8C2C8-E256-43DF-8C70-541286269AC5","ID":"Pf1fatigue3","A_GRM":"1.58000","Map":[{"ItemResponseOID":"01BB494C-5BC1-4B91-AF3F-05C9C454098F","StepOrder":"0","Threshold":"1.0800"},{"ItemResponseOID":"3849CACA-8E23-46CD-91B3-7850CEA552FF","StepOrder":"1","Threshold":"2.1400"},{"ItemResponseOID":"F4CC4306-70A7-4C23-B58A-603198786CCC","StepOrder":"2","Threshold":"3.4400"}]},{"FormItemOID":"8727CD08-99DB-40B2-A617-E9A04B69CF9E","ID":"Pf4fatigue5","A_GRM":"2.03000","Map":[{"ItemResponseOID":"CAE3A277-94B0-4F9C-8C3F-8FFF973E3F35","StepOrder":"0","Threshold":"0.6500"},{"ItemResponseOID":"28CB5CEB-2359-44CF-9707-AA1569DB90A2","StepOrder":"1","Threshold":"1.7900"},{"ItemResponseOID":"D09A3CE9-2C46-47B7-8235-D27E370226F3","StepOrder":"2","Threshold":"2.9800"}]},{"FormItemOID":"8E6207C6-8748-44D3-B300-44C11F695DCE","ID":"Pf2fatigue4","A_GRM":"2.13000","Map":[{"ItemResponseOID":"C9F66015-8738-49A3-8FA2-12421D1B8E86","StepOrder":"0","Threshold":"-0.5400"},{"ItemResponseOID":"D710C982-9598-4F69-9B50-86DD9BF967DA","StepOrder":"1","Threshold":"0.6600"},{"ItemResponseOID":"5CFDB4B2-4BDC-40E9-94AB-5365AA8CFEA5","StepOrder":"2","Threshold":"1.8200"},{"ItemResponseOID":"B3E37B18-DE01-4B95-873E-1A59FE38E97C","StepOrder":"3","Threshold":"2.4000"}]},{"FormItemOID":"8EA887E8-11B0-42A4-870B-F754EA4D7979","ID":"Pf3fatigue5","A_GRM":"2.73000","Map":[{"ItemResponseOID":"601FA24A-67C0-46F3-A047-87C60730AE79","StepOrder":"0","Threshold":"0.0600"},{"ItemResponseOID":"C40D7CB6-706B-4957-AF47-606855006AAA","StepOrder":"1","Threshold":"1.0300"},{"ItemResponseOID":"2B008468-20A4-4D2B-B9C6-67FAD8D74A14","StepOrder":"2","Threshold":"2.2200"},{"ItemResponseOID":"24DE588E-1259-4846-AEB4-93B54BC5DE4F","StepOrder":"3","Threshold":"2.9900"}]},{"FormItemOID":"9C764DD0-A82B-4066-A32C-E2A771330DEC","ID":"Pf2fatigue7","A_GRM":"1.97000","Map":[{"ItemResponseOID":"BB5DB2DD-A098-44DE-AB1C-90D374C62CEA","StepOrder":"0","Threshold":"0.3300"},{"ItemResponseOID":"824D9FAB-1699-40C7-A57B-F52DB7FA5271","StepOrder":"1","Threshold":"1.3900"},{"ItemResponseOID":"6224ABFB-36D9-4659-9F12-13052D3875EF","StepOrder":"2","Threshold":"2.5800"},{"ItemResponseOID":"0BBBE9B8-4177-4A49-B5F5-C593F5CAEA8C","StepOrder":"3","Threshold":"3.1200"}]},{"FormItemOID":"9D861CF2-1984-4622-9BEE-BFAC627C6CDE","ID":"Pf3fatigue4","A_GRM":"1.91000","Map":[{"ItemResponseOID":"83612802-5176-477F-9D0F-8D1991E6D140","StepOrder":"0","Threshold":"-0.1800"},{"ItemResponseOID":"BBAA3D97-E477-4685-8DBE-BBC120FD484E","StepOrder":"1","Threshold":"0.8900"},{"ItemResponseOID":"E8018D2F-E1AB-4FFF-B374-EE0E217CF6D7","StepOrder":"2","Threshold":"2.1300"},{"ItemResponseOID":"CFE56B7D-8C70-469F-A49A-C3DF8589794D","StepOrder":"3","Threshold":"2.8200"}]},{"FormItemOID":"A71C4481-7B41-43D1-97D0-B8A397B856DC","ID":"Pf1fatigue1","A_GRM":"1.46000","Map":[{"ItemResponseOID":"B424F521-7569-4A25-BA57-BDE6B109AFC6","StepOrder":"0","Threshold":"-0.1200"},{"ItemResponseOID":"4A6A8F48-1CDB-4F5A-9A9D-81FAB195DFD2","StepOrder":"1","Threshold":"0.9800"},{"ItemResponseOID":"0716C731-378D-42BF-BF7F-57675662CC60","StepOrder":"2","Threshold":"2.4800"},{"ItemResponseOID":"D22DEC84-A21A-4714-8398-6D3F68F252E3","StepOrder":"3","Threshold":"3.4500"}]},{"FormItemOID":"ADC169B3-B9CC-4803-BB46-FC83FB8EA9C2","ID":"Pf1fatigue5","A_GRM":"1.50000","Map":[{"ItemResponseOID":"31A878C0-5D60-404F-9A9D-2AB0F319BE2B","StepOrder":"0","Threshold":"-0.3700"},{"ItemResponseOID":"2FCA3BD8-6BB7-4E59-9F12-771E3910EEB8","StepOrder":"1","Threshold":"0.6200"},{"ItemResponseOID":"CAFD8667-5916-42AA-83C1-6F4282C1809B","StepOrder":"2","Threshold":"2.0300"},{"ItemResponseOID":"1D7ABF2D-CBD7-4E3E-828F-34C998FC2B80","StepOrder":"3","Threshold":"3.0900"}]},{"FormItemOID":"B25F1318-F290-424C-ACE8-DF8CC6BB0CF0","ID":"Pf2fatigue8","A_GRM":"2.67000","Map":[{"ItemResponseOID":"A9E56DEE-0DB2-4C48-8157-78C502E18180","StepOrder":"0","Threshold":"0.0200"},{"ItemResponseOID":"AB075251-EF6F-42D0-BC92-4FC8ACA5B8BB","StepOrder":"1","Threshold":"0.7500"},{"ItemResponseOID":"69DDE2A1-406F-46FE-B24A-770AD5D33E74","StepOrder":"2","Threshold":"1.6800"},{"ItemResponseOID":"BFD26CAB-28D2-42FD-ACF0-54C04437B448","StepOrder":"3","Threshold":"2.3000"}]},{"FormItemOID":"C3E0B365-CE5B-4A04-8C6F-FB9FAFB10A89","ID":"Pf3fatigue8","A_GRM":"2.48000","Map":[{"ItemResponseOID":"DDFA791D-FBF6-4C8C-BB0A-19DEDB47B11F","StepOrder":"0","Threshold":"-0.3100"},{"ItemResponseOID":"D8E45FE3-1942-4EAE-AE40-944E61436A44","StepOrder":"1","Threshold":"0.6200"},{"ItemResponseOID":"78AE780D-405C-4579-A2BA-16D245C2BEF8","StepOrder":"2","Threshold":"1.7200"},{"ItemResponseOID":"2A0EEB0C-37CB-48F2-89A6-CC4BC2C3F786","StepOrder":"3","Threshold":"2.4000"}]},{"FormItemOID":"D2F41981-2796-4D3D-B172-550D26DBF1F4","ID":"Pf4fatigue6","A_GRM":"1.15000","Map":[{"ItemResponseOID":"1FAD2471-0B16-4B35-82CA-3CED21889384","StepOrder":"0","Threshold":"0.5800"},{"ItemResponseOID":"48B47827-05BC-4E57-B040-D467BF013595","StepOrder":"1","Threshold":"1.9700"},{"ItemResponseOID":"22951672-CE1A-4211-A6C1-F34C27A7F027","StepOrder":"2","Threshold":"4.1500"},{"ItemResponseOID":"6D51BBE7-22EF-4839-83DD-1DB8C42F44D7","StepOrder":"3","Threshold":"5.7300"}]},{"FormItemOID":"D45AC440-D2E5-46AC-B25A-FD22BFD88BE0","ID":"Pf3fatigue12","A_GRM":"2.43000","Map":[{"ItemResponseOID":"3B1A4537-D437-40AD-AC45-F39ED1FE04EC","StepOrder":"0","Threshold":"-0.4600"},{"ItemResponseOID":"9816B5A9-1D6D-42D3-9842-597AB75B9704","StepOrder":"1","Threshold":"0.7600"},{"ItemResponseOID":"FDD271E2-82E8-40F8-B2A8-35FAB2CFBAD3","StepOrder":"2","Threshold":"1.8800"},{"ItemResponseOID":"494F1A95-317D-4E21-84E6-8707CDA7A82A","StepOrder":"3","Threshold":"2.6000"}]},{"FormItemOID":"E2229CF0-3364-4571-B5B3-12E5EF084395","ID":"Pf4fatigue11","A_GRM":"1.20000","Map":[{"ItemResponseOID":"4D162C03-DBE3-4B97-8908-EFCB988BBFFA","StepOrder":"0","Threshold":"-0.6500"},{"ItemResponseOID":"24B8FD52-6A86-4397-B759-0AD571016892","StepOrder":"1","Threshold":"0.5300"},{"ItemResponseOID":"30520D34-F32D-4549-A73B-5920A5D7FBD2","StepOrder":"2","Threshold":"2.2400"},{"ItemResponseOID":"2C070F32-4BB5-45F2-AF96-F6630C187897","StepOrder":"3","Threshold":"3.1800"}]},{"FormItemOID":"EA02459D-E59A-4595-B76C-5D3B3AAFCEBD","ID":"Pf4fatigue8","A_GRM":"2.75000","Map":[{"ItemResponseOID":"0140D200-B788-4108-ACFB-A69FC079EA97","StepOrder":"0","Threshold":"0.0600"},{"ItemResponseOID":"D8692138-E2B1-4C87-9745-BFC3CA224E64","StepOrder":"1","Threshold":"0.8700"},{"ItemResponseOID":"C3BD62CA-87AA-4FD7-85E4-8B4B15796A5B","StepOrder":"2","Threshold":"1.9600"},{"ItemResponseOID":"CC60B4BF-6DAB-4EB9-8652-DFB02D036306","StepOrder":"3","Threshold":"3.0500"}]},{"FormItemOID":"F1B8093C-2C79-435D-94A2-3F3684AD63DC","ID":"Pf3fatigue11","A_GRM":"1.82000","Map":[{"ItemResponseOID":"8FEA162A-1937-4352-B232-0A7A496DBE0F","StepOrder":"0","Threshold":"-0.8100"},{"ItemResponseOID":"78698AB1-AA9A-41FC-8FD7-71F0233A1E9F","StepOrder":"1","Threshold":"0.4400"},{"ItemResponseOID":"1738C080-DCF0-4724-A45E-1161708DDD21","StepOrder":"2","Threshold":"1.6600"},{"ItemResponseOID":"442C41AE-0BCF-4AA3-9AD7-1018C69052B7","StepOrder":"3","Threshold":"2.6400"}]}]}
