{"FormOID":"82A96E84-B1DF-4105-A901-658E25242EC4","Form":"Unpleasant thoughts and/or feelings related to fear (e.g., fearfulness, feelings of panic), helplessness, worry and hyperarousal (e.g., tension, nervousness, restlessness).","Properties":[{"MinNumItems":"4"},{"MaxNumItems":"12"},{"IRTModel":"0"},{"SelectionMethod":"1"},{"MinTheta":"-4.00"},{"MaxTheta":"4.00"},{"ThetaIncrement":"0.1000"},{"MaxStdErr":"0.30"},{"SelectionGroupSize":"1"},{"LogisticScaling":"1.0000"},{"DistMean":"0.00"},{"DistStdDev":"1.00"},{"FirstItem":""},{"CalibrationSample":"Wave 1B"},{"SetSelectionMethod":"FormDefault"}],"Items":[{"FormItemOID":"0043CA21-A0C7-43CD-A22A-99A2894E15AC","ID":"NQANX07","A_GRM":"3.00991","Map":[{"ItemResponseOID":"3A5DEB8D-29D3-4C1E-9F3E-CE4F726681CD","StepOrder":"1","Threshold":"-0.2979"},{"ItemResponseOID":"E8B9EDDC-788B-403C-A4A4-1A81EFF678CA","StepOrder":"2","Threshold":"0.3943"},{"ItemResponseOID":"87136686-8C46-4CE3-85CE-9FC71A536EEB","StepOrder":"3","Threshold":"1.1602"},{"ItemResponseOID":"C2DE4E69-D914-4F05-90DB-EE8208DAB558","StepOrder":"4","Threshold":"1.9086"}]},{"FormItemOID":"0AEC03E2-C4D2-489C-9617-34DE44985FD8","ID":"EDANX05","A_GRM":"3.05854","Map":[{"ItemResponseOID":"070B783F-677D-42CC-B948-457AD3EE87A0","StepOrder":"1","Threshold":"-0.7377"},{"ItemResponseOID":"3254F6A2-5E2B-4BC6-85D9-1131F50D039E","StepOrder":"2","Threshold":"0.0336"},{"ItemResponseOID":"AA6682B5-5CAF-4960-B039-63475A0E7AD5","StepOrder":"3","Threshold":"0.9391"},{"ItemResponseOID":"C61E46A3-9726-47B2-A49E-FBCB5007FEA6","StepOrder":"4","Threshold":"1.7192"}]},{"FormItemOID":"1FD8700D-1772-4A2F-8F60-FC16A9D2CE3C","ID":"EDANX54","A_GRM":"4.06713","Map":[{"ItemResponseOID":"4C8B5F2B-760F-4F3D-9FAB-0FB555938932","StepOrder":"1","Threshold":"-0.4382"},{"ItemResponseOID":"F2D8F990-79FC-4FD7-B72F-B3B3084FB7DC","StepOrder":"2","Threshold":"0.2261"},{"ItemResponseOID":"DCEC68FC-05AB-4562-9089-2CDA64BD4456","StepOrder":"3","Threshold":"1.0636"},{"ItemResponseOID":"BED9BBDE-9671-45F7-9F99-214DF71BA22A","StepOrder":"4","Threshold":"1.6983"}]},{"FormItemOID":"209E6D6A-CEBE-4393-B59B-95004E2F0340","ID":"EDANX48","A_GRM":"4.36415","Map":[{"ItemResponseOID":"07DD20B5-F810-4B3C-B7E8-02150E87E75E","StepOrder":"1","Threshold":"-0.3453"},{"ItemResponseOID":"B5B32BE8-E41A-4CFF-A9FF-96F0D27B2C4A","StepOrder":"2","Threshold":"0.4511"},{"ItemResponseOID":"1087168C-E6AC-4AAE-9687-5C2C73055603","StepOrder":"3","Threshold":"1.0694"},{"ItemResponseOID":"1B441B9D-9BD4-46FC-9EAB-992AB93A10EB","StepOrder":"4","Threshold":"1.6314"}]},{"FormItemOID":"4686248F-79B4-42C9-AE47-1C094A56BEC9","ID":"NQANX17","A_GRM":"2.46306","Map":[{"ItemResponseOID":"24D64678-A516-486B-81CD-39BFF3C88048","StepOrder":"1","Threshold":"0.7454"},{"ItemResponseOID":"DD2151AE-059E-4E4A-A82B-3643242ACEC6","StepOrder":"2","Threshold":"1.3098"},{"ItemResponseOID":"02ABB5F2-2BE6-460B-9701-1D5163DFC1F3","StepOrder":"3","Threshold":"2.0253"},{"ItemResponseOID":"56242004-993C-460D-9E56-218BFC1728F1","StepOrder":"4","Threshold":"2.5580"}]},{"FormItemOID":"4D84D65E-D326-4DEA-B29B-47098CDF4EAA","ID":"NQANX02","A_GRM":"2.33805","Map":[{"ItemResponseOID":"D7F14322-E2A5-43DF-8315-1748D251C661","StepOrder":"1","Threshold":"-0.7343"},{"ItemResponseOID":"60E850CD-762C-4B63-B38B-8B594E01D995","StepOrder":"2","Threshold":"0.1357"},{"ItemResponseOID":"9AF2E5B4-747A-4F4A-9DEC-7FAFDE558DB2","StepOrder":"3","Threshold":"0.8820"},{"ItemResponseOID":"F78C8080-177E-491E-82D4-A70B2AE382A3","StepOrder":"4","Threshold":"1.6937"}]},{"FormItemOID":"57603615-5006-46FF-AFDB-F34DDF2DBA75","ID":"EDANX51","A_GRM":"2.95388","Map":[{"ItemResponseOID":"3BE1F94B-4678-4B52-B8A9-ADFA1BE97AB2","StepOrder":"1","Threshold":"-0.4777"},{"ItemResponseOID":"02946730-1265-4DD1-8447-D7E90415CF2F","StepOrder":"2","Threshold":"0.2946"},{"ItemResponseOID":"48C2BB33-A2F8-43EB-80F8-0488F653FDAD","StepOrder":"3","Threshold":"1.0536"},{"ItemResponseOID":"93DB9456-14F5-4B08-99D6-CB0FD1FA5739","StepOrder":"4","Threshold":"1.8134"}]},{"FormItemOID":"59DFDF12-846C-4E50-87F8-3A7B7667746A","ID":"NQANX21","A_GRM":"1.63541","Map":[{"ItemResponseOID":"EE869963-F24B-48BB-9B0A-1F2EF31B3281","StepOrder":"1","Threshold":"-0.1843"},{"ItemResponseOID":"F6545084-86D9-45A8-AFEB-20E14DF3307B","StepOrder":"2","Threshold":"0.7256"},{"ItemResponseOID":"58F99E94-2613-4F31-BA94-473FAEE08A51","StepOrder":"3","Threshold":"1.5224"},{"ItemResponseOID":"E905F935-FA4E-445A-8EB3-54733267C63B","StepOrder":"4","Threshold":"2.2499"}]},{"FormItemOID":"7EC6CD96-1862-43F3-978C-BD3B5B65852B","ID":"EDANX55","A_GRM":"3.29960","Map":[{"ItemResponseOID":"759EF611-79BB-4577-A666-49D8F844EB4C","StepOrder":"1","Threshold":"-0.0276"},{"ItemResponseOID":"CDCF22D2-44F4-4A5B-B4A4-899BB11516B6","StepOrder":"2","Threshold":"0.6604"},{"ItemResponseOID":"A17F4EDC-9CDC-41F0-85BC-706A4FE0683D","StepOrder":"3","Threshold":"1.4124"},{"ItemResponseOID":"8C476C48-4EAF-43C5-AD46-4F05919BBA9C","StepOrder":"4","Threshold":"2.0035"}]},{"FormItemOID":"85461B4B-CE9F-49EF-B3CF-40EA6488D67E","ID":"EDANX30","A_GRM":"3.01128","Map":[{"ItemResponseOID":"5CF2ADA6-E614-400C-B66C-9567B3BD7BA9","StepOrder":"1","Threshold":"-0.8232"},{"ItemResponseOID":"8D935551-4EA5-497A-831E-6E19276CAE48","StepOrder":"2","Threshold":"0.0150"},{"ItemResponseOID":"A170FFCF-80CB-4449-A3FE-91EB18384B22","StepOrder":"3","Threshold":"0.8987"},{"ItemResponseOID":"9843C92C-D0AA-4F6A-959B-549BC4ABE98C","StepOrder":"4","Threshold":"1.5664"}]},{"FormItemOID":"85A89137-CFFB-4148-BDF0-649F56A663CF","ID":"EDANX27","A_GRM":"3.23614","Map":[{"ItemResponseOID":"CBA77653-4383-483F-86E1-9A2D590B482D","StepOrder":"1","Threshold":"-0.0085"},{"ItemResponseOID":"CD595893-88A3-42D0-AE96-BBDCA1FDD5D8","StepOrder":"2","Threshold":"0.6078"},{"ItemResponseOID":"EABBC58E-C6F9-4290-A733-57A2E4D6E8FB","StepOrder":"3","Threshold":"1.3955"},{"ItemResponseOID":"14EC0231-E641-4BCF-919E-D9DC5AFFFA9F","StepOrder":"4","Threshold":"2.0268"}]},{"FormItemOID":"898B2620-C93C-44B2-95A5-E35167EB5689","ID":"NQANX04","A_GRM":"1.39548","Map":[{"ItemResponseOID":"4E74C41F-2A99-4C6D-8DC3-47CB7E8809B4","StepOrder":"1","Threshold":"-1.0502"},{"ItemResponseOID":"9B6FCB97-D616-45D1-84FA-4521E2BAAEB4","StepOrder":"2","Threshold":"-0.0324"},{"ItemResponseOID":"56E8B9CA-DCEA-408F-B512-51860DC09F89","StepOrder":"3","Threshold":"1.1028"},{"ItemResponseOID":"E2DC57C7-1834-4DED-8DB8-8FABC9769E43","StepOrder":"4","Threshold":"2.1702"}]},{"FormItemOID":"8EFCC3D3-1575-45DF-893D-EBE4413D48F3","ID":"EDANX49","A_GRM":"1.52153","Map":[{"ItemResponseOID":"1243A822-1D04-42CD-850B-F7091FA4AB28","StepOrder":"1","Threshold":"-0.7661"},{"ItemResponseOID":"258E7535-671A-48D2-8EF5-3145503B47FA","StepOrder":"2","Threshold":"0.0650"},{"ItemResponseOID":"AB00DE20-99BC-4ADD-9085-C8F292520F45","StepOrder":"3","Threshold":"0.9806"},{"ItemResponseOID":"46472E7C-F815-44FD-8966-CD06F5A4B6DF","StepOrder":"4","Threshold":"1.8113"}]},{"FormItemOID":"90941458-2A71-4E19-BA1D-CCE11C8AE38D","ID":"EDANX46","A_GRM":"4.29395","Map":[{"ItemResponseOID":"A2778381-E244-4A4E-BA4F-F2B063229E03","StepOrder":"1","Threshold":"-0.3869"},{"ItemResponseOID":"2F1C2829-2CEE-45AD-A88C-A66FD375A650","StepOrder":"2","Threshold":"0.3746"},{"ItemResponseOID":"3F9FCCD6-3BA4-4D7F-BD9C-CA0B1314A311","StepOrder":"3","Threshold":"1.0974"},{"ItemResponseOID":"48F4F8AD-9166-479D-90D3-D99A3F9327BF","StepOrder":"4","Threshold":"1.7660"}]},{"FormItemOID":"A1E7B714-F8DE-460B-8D49-FA7EE0DB801F","ID":"EDANX20","A_GRM":"2.07768","Map":[{"ItemResponseOID":"8B40486F-D5AD-4339-8A46-9B61D73F03AF","StepOrder":"1","Threshold":"-0.2514"},{"ItemResponseOID":"1EE810F5-5FEA-47D0-A025-DD8E7EBA1740","StepOrder":"2","Threshold":"0.6111"},{"ItemResponseOID":"7462C760-31E1-4DED-8316-40ECFE008F19","StepOrder":"3","Threshold":"1.4756"},{"ItemResponseOID":"4ABCCC8F-0B3A-498A-BB18-FF1EAB4B0F15","StepOrder":"4","Threshold":"2.2568"}]},{"FormItemOID":"B43100BA-4333-4AF0-BD68-0CC351CEAC68","ID":"EDANX26","A_GRM":"2.96216","Map":[{"ItemResponseOID":"9B769F70-49B0-49D6-9555-7275CEE55849","StepOrder":"1","Threshold":"-0.2670"},{"ItemResponseOID":"A9AAA9E4-D724-4F84-BB54-761621FAC843","StepOrder":"2","Threshold":"0.4300"},{"ItemResponseOID":"1D2FC2D6-ABDE-4D32-B9FF-0DE566552DF5","StepOrder":"3","Threshold":"1.2885"},{"ItemResponseOID":"78120B79-50A7-4542-B63A-445817F9349B","StepOrder":"4","Threshold":"1.9618"}]},{"FormItemOID":"C4FC8F1C-BA62-4EEC-978C-326ED7BE83B7","ID":"NQANX18","A_GRM":"1.64134","Map":[{"ItemResponseOID":"AAE63CF6-E3DA-42B8-A145-42E8B92D74D6","StepOrder":"1","Threshold":"0.4759"},{"ItemResponseOID":"FCF9671D-1442-413B-A94B-18B6B180F35B","StepOrder":"2","Threshold":"1.2325"},{"ItemResponseOID":"9FB9C424-A6AD-4092-95DA-14E03E7135EE","StepOrder":"3","Threshold":"2.3264"},{"ItemResponseOID":"08B80C5B-23FF-4EE2-BB71-9C877EE4D566","StepOrder":"4","Threshold":"2.8897"}]},{"FormItemOID":"D0F6390F-1CCE-486C-988C-819ED73DE578","ID":"EDANX41","A_GRM":"3.99181","Map":[{"ItemResponseOID":"40636788-E3DE-498A-9B3B-D32458279479","StepOrder":"1","Threshold":"0.1026"},{"ItemResponseOID":"783C1702-D779-4633-9727-83661D529B4D","StepOrder":"2","Threshold":"0.6641"},{"ItemResponseOID":"95436765-43C6-4473-87FF-7BE1875F75FB","StepOrder":"3","Threshold":"1.2992"},{"ItemResponseOID":"3022DE88-59F6-4394-BC66-F60027789035","StepOrder":"4","Threshold":"1.9074"}]},{"FormItemOID":"DAF0C971-957C-4CF8-9F02-766C12F7901F","ID":"EDANX53","A_GRM":"5.52022","Map":[{"ItemResponseOID":"2476592E-E08E-47DC-ADCB-D051F3E57EE0","StepOrder":"1","Threshold":"-0.3203"},{"ItemResponseOID":"1DEDE35F-AA27-427A-9333-8EF0C4032557","StepOrder":"2","Threshold":"0.4249"},{"ItemResponseOID":"25D0CE13-3783-431D-BA2A-02DFBEF38B08","StepOrder":"3","Threshold":"1.0894"},{"ItemResponseOID":"AE88C873-AF28-470C-A9FA-0DAA43B581E3","StepOrder":"4","Threshold":"1.7105"}]},{"FormItemOID":"E1B04006-01EC-4D7A-B46D-A6DD6D4F9B68","ID":"EDANX18","A_GRM":"3.44614","Map":[{"ItemResponseOID":"25728A97-05F0-4CE9-87DE-B8CE8EA02605","StepOrder":"1","Threshold":"0.1956"},{"ItemResponseOID":"B3E71A90-9A97-41BF-AD07-F7471EA55117","StepOrder":"2","Threshold":"0.9450"},{"ItemResponseOID":"C4F376A8-4B80-433B-9301-4AD24D89B4DC","StepOrder":"3","Threshold":"1.5723"},{"ItemResponseOID":"3A5AC34C-F5E8-468A-895A-F3ABDA2A60BA","StepOrder":"4","Threshold":"2.2883"}]},{"FormItemOID":"F4151B84-E33D-4CE1-9847-68EAD9E7884E","ID":"EDANX07","A_GRM":"2.93979","Map":[{"ItemResponseOID":"073E87F3-01DA-4450-B11D-E97F24B64B72","StepOrder":"1","Threshold":"0.1260"},{"ItemResponseOID":"0D2EF983-2E7A-4792-915C-A552CE538A35","StepOrder":"2","Threshold":"0.6800"},{"ItemResponseOID":"8C82DF2E-9318-43C0-AF01-81222936F4C8","StepOrder":"3","Threshold":"1.4340"},{"ItemResponseOID":"3D47051C-553F-498D-9116-0711447299A8","StepOrder":"4","Threshold":"1.9685"}]}]}
