{"FormOID":"8A02EC35-DC30-455F-8783-B5F28206A4A7","Form":"PROMIS pediatric item bank on physical function -- mobility.","Properties":[{"MinNumItems":"5"},{"MaxNumItems":"12"},{"IRTModel":"0"},{"SelectionMethod":"1"},{"MinTheta":"-4.00"},{"MaxTheta":"4.00"},{"ThetaIncrement":"0.1000"},{"MaxStdErr":"0.40"},{"SelectionGroupSize":"1"},{"LogisticScaling":"1.0000"},{"DistMean":"0.00"},{"DistStdDev":"1.00"},{"FirstItem":""},{"CalibrationSample":"Promis Wave 1"},{"SetSelectionMethod":"Parameterized"}],"Items":[{"FormItemOID":"046616A1-AB13-4401-AE5B-3C1F0F1FA8BA","ID":"5023R1","A_GRM":"2.36161","Map":[{"ItemResponseOID":"E99D46A8-1FCB-4981-91C2-914495F39E95","StepOrder":"0","Threshold":"-2.3493"},{"ItemResponseOID":"C942FCC8-F424-4361-930A-D84B8B24832B","StepOrder":"1","Threshold":"-1.9722"},{"ItemResponseOID":"DDBE6B48-BBBA-49FB-95A1-BF7DC88B8809","StepOrder":"2","Threshold":"-1.3321"},{"ItemResponseOID":"473EBEC8-0B95-4B9A-9B7E-DCCE0C552FFB","StepOrder":"3","Threshold":"-0.4965"}]},{"FormItemOID":"257BAC91-4D02-4963-809F-7AA7F971C2D0","ID":"236R1","A_GRM":"1.96391","Map":[{"ItemResponseOID":"7FB7672C-2E4D-42CA-A2A4-ED88975E9B28","StepOrder":"0","Threshold":"-2.8968"},{"ItemResponseOID":"F2A46CFD-F488-4865-85CD-6A60179AC868","StepOrder":"1","Threshold":"-2.4054"},{"ItemResponseOID":"FBE3CCA9-8CD1-49E3-87F8-718FE528E070","StepOrder":"2","Threshold":"-1.6295"},{"ItemResponseOID":"B595ECD1-7D74-4E38-BA00-456BA49C2D5A","StepOrder":"3","Threshold":"-0.4941"}]},{"FormItemOID":"37374179-C7EC-4960-AD53-BC42CD16A4E9","ID":"2646R1","A_GRM":"2.99577","Map":[{"ItemResponseOID":"60F087D5-41EB-4090-9D27-9484A5D1CEFA","StepOrder":"0","Threshold":"-2.7632"},{"ItemResponseOID":"4AA77CA8-9894-4669-9223-EB2E8F966DF5","StepOrder":"1","Threshold":"-2.5526"},{"ItemResponseOID":"819146AB-B27F-42A5-B09D-925AA72EADBA","StepOrder":"2","Threshold":"-1.9278"},{"ItemResponseOID":"9011A3CE-53D4-4B04-89C2-EF77E43B4D57","StepOrder":"3","Threshold":"-1.4313"}]},{"FormItemOID":"3F68D92B-EAF1-4071-8BB8-82FC06D14ABE","ID":"676R1","A_GRM":"2.01120","Map":[{"ItemResponseOID":"BA6A768E-ED7B-4DD7-8911-55B0CD28E873","StepOrder":"0","Threshold":"-3.6744"},{"ItemResponseOID":"59024EA3-1853-42B5-B7E5-32E7E63521A0","StepOrder":"1","Threshold":"-3.2866"},{"ItemResponseOID":"4194FBEA-F4FE-4AC5-91C9-3D6C5B3658DD","StepOrder":"2","Threshold":"-2.3484"},{"ItemResponseOID":"B90AD6C2-42F2-478C-9D82-AA9DD1440DFF","StepOrder":"3","Threshold":"-1.4788"}]},{"FormItemOID":"439F74DC-60DC-4110-BDC0-6F8256BBFF20","ID":"2707R2","A_GRM":"1.97407","Map":[{"ItemResponseOID":"7325EF69-0DDE-43F7-A318-2FC78534D876","StepOrder":"0","Threshold":"-2.7919"},{"ItemResponseOID":"C3AD11DA-6288-4338-A8E2-A6726FBC2C6A","StepOrder":"1","Threshold":"-2.3973"},{"ItemResponseOID":"9A537E32-D2EC-4E1E-B653-B85425673349","StepOrder":"2","Threshold":"-1.9598"},{"ItemResponseOID":"8226645A-B9DE-4640-9081-3A68DDFC8F84","StepOrder":"3","Threshold":"-1.2833"}]},{"FormItemOID":"6518B87E-A318-465B-A0A8-60D50EEC66C7","ID":"4079R1","A_GRM":"1.41191","Map":[{"ItemResponseOID":"5E84FA95-29C2-4C10-9BB6-9DB0CC8473AF","StepOrder":"0","Threshold":"-4.0320"},{"ItemResponseOID":"E08749EF-E0F0-4EDC-A5E5-7D98E3B9BED0","StepOrder":"1","Threshold":"-3.9157"},{"ItemResponseOID":"8043B394-3CDE-487E-921A-D583734A040F","StepOrder":"2","Threshold":"-3.4276"},{"ItemResponseOID":"A48125D6-57F9-4BF2-AFA3-10C8D98B493E","StepOrder":"3","Threshold":"-2.6133"}]},{"FormItemOID":"6877F8F2-2E00-4220-9870-F7DA00787141","ID":"2118R1","A_GRM":"2.23977","Map":[{"ItemResponseOID":"904031B1-4C52-41D6-9D84-39B43CEEE52A","StepOrder":"0","Threshold":"-3.0632"},{"ItemResponseOID":"EC82837D-34A6-47E9-ADA8-0C18D0EE9F88","StepOrder":"1","Threshold":"-2.6961"},{"ItemResponseOID":"FDD84C32-2DC1-4DB8-AF44-0B86D7B295EC","StepOrder":"2","Threshold":"-2.3989"},{"ItemResponseOID":"20995EF5-F6B7-4416-B77C-EECDB86FE686","StepOrder":"3","Threshold":"-1.7995"}]},{"FormItemOID":"6DF7CF75-E924-49DD-BF31-158AB6273C29","ID":"3892R1","A_GRM":"3.26629","Map":[{"ItemResponseOID":"BC5034BB-9415-492C-ADE9-26DE20DC825B","StepOrder":"0","Threshold":"-3.1165"},{"ItemResponseOID":"BA4BEE6A-95DB-41BE-9C0F-6ADA4C820270","StepOrder":"1","Threshold":"-2.6533"},{"ItemResponseOID":"2639302D-F653-41A3-B129-434978747A9C","StepOrder":"2","Threshold":"-1.9460"},{"ItemResponseOID":"F4B5A497-168D-492D-9366-10CE98569320","StepOrder":"3","Threshold":"-1.3203"}]},{"FormItemOID":"6E733938-632A-48C0-B140-D7E39823DFCC","ID":"4137R1","A_GRM":"1.83541","Map":[{"ItemResponseOID":"04E9DF89-3150-4DBD-B00E-009A13981CFB","StepOrder":"0","Threshold":"-4.4437"},{"ItemResponseOID":"31BA9231-FFB5-40B6-966B-55779BF3BFBD","StepOrder":"1","Threshold":"-3.6329"},{"ItemResponseOID":"56902F92-51CF-41C9-AEAC-8870360221E0","StepOrder":"2","Threshold":"-3.0079"},{"ItemResponseOID":"63133F07-C657-4C1C-8B6E-E4D52CB4A6D9","StepOrder":"3","Threshold":"-2.2396"}]},{"FormItemOID":"78677A5A-D458-4D02-880B-00D9029958B3","ID":"4124R1","A_GRM":"2.61934","Map":[{"ItemResponseOID":"A4CF2DAD-99A6-4BB0-9EF8-FADFDECBED32","StepOrder":"0","Threshold":"-3.1760"},{"ItemResponseOID":"35337E6E-6561-439A-94A6-3923FDB57B84","StepOrder":"1","Threshold":"-2.5641"},{"ItemResponseOID":"6225CD49-4AF4-48D4-94AB-7FA15ADD8D8F","StepOrder":"2","Threshold":"-2.0180"},{"ItemResponseOID":"9ED181D3-E369-4921-85B1-2D7138DC82C1","StepOrder":"3","Threshold":"-1.0124"}]},{"FormItemOID":"8CA9887E-D59B-42F7-AF95-6BC8BC7491B7","ID":"219R1","A_GRM":"1.80780","Map":[{"ItemResponseOID":"32990CA3-F9A8-4254-8BDC-9B64BF87852A","StepOrder":"0","Threshold":"-2.8718"},{"ItemResponseOID":"09D87E16-BE96-4572-9C23-6821A72C36A4","StepOrder":"1","Threshold":"-2.3949"},{"ItemResponseOID":"F4BD6575-D60F-4B9C-A2DC-F39DA25F6B9F","StepOrder":"2","Threshold":"-1.7545"},{"ItemResponseOID":"D43B0256-B19C-4E9D-9B32-4041194405F1","StepOrder":"3","Threshold":"-0.9770"}]},{"FormItemOID":"A0AA3B92-79B7-4379-8C84-592892A326C7","ID":"4185R1","A_GRM":"1.81861","Map":[{"ItemResponseOID":"0E668A33-2609-448A-9BB1-A54E230916DD","StepOrder":"0","Threshold":"-3.1796"},{"ItemResponseOID":"696146A7-8742-4AA5-85AB-0B58995BDA04","StepOrder":"1","Threshold":"-2.4913"},{"ItemResponseOID":"CC59DAC2-5A4E-4CCE-BB27-4E7F27747471","StepOrder":"2","Threshold":"-1.9049"},{"ItemResponseOID":"7DB8B2E1-E1C7-4883-B349-007E8DAAC686","StepOrder":"3","Threshold":"-0.9491"}]},{"FormItemOID":"AB9DC323-D069-4949-8ECD-E557843A42E8","ID":"2642aR1","A_GRM":"0.87564","Map":[{"ItemResponseOID":"AFF03293-9767-48E1-AF57-8635618E2787","StepOrder":"0","Threshold":"-5.5369"},{"ItemResponseOID":"B3F33321-58A7-4E69-A7AF-B4ED9493F4B2","StepOrder":"1","Threshold":"-4.4371"},{"ItemResponseOID":"9640039A-37B3-4DE2-A93A-FD918D99BFB9","StepOrder":"2","Threshold":"-3.4812"},{"ItemResponseOID":"F0B04DC1-0B76-4C01-BD0D-7826222C1F09","StepOrder":"3","Threshold":"-2.0724"}]},{"FormItemOID":"AFF27363-BC8D-4205-AB9B-2CAB403A4010","ID":"2202R2","A_GRM":"2.80000","Map":[{"ItemResponseOID":"7DD20D82-D354-4951-9246-704CF1F4771F","StepOrder":"1","Threshold":"-2.9300"},{"ItemResponseOID":"5358E838-25F3-442C-A4DA-DE2B7F52AF06","StepOrder":"2","Threshold":"-2.1500"},{"ItemResponseOID":"9A3FE2F0-B4E1-4822-BAEE-3369EB7AF38C","StepOrder":"3","Threshold":"-1.6600"}]},{"FormItemOID":"B8AD99F3-9AFF-493B-B583-72FD3D2C3452","ID":"2117R1","A_GRM":"1.67305","Map":[{"ItemResponseOID":"2465E926-5BC0-4060-A21E-882F85ADE97F","StepOrder":"0","Threshold":"-2.2669"},{"ItemResponseOID":"CD0AC05E-DFF0-42D4-AD7B-55D8EFDE0A75","StepOrder":"1","Threshold":"-2.0276"},{"ItemResponseOID":"C29420E7-D051-49E8-A53C-F1B0DA1E6A54","StepOrder":"2","Threshold":"-1.6839"},{"ItemResponseOID":"209C0DD8-F707-422E-9CA8-C9BDA08B35B4","StepOrder":"3","Threshold":"-1.1643"}]},{"FormItemOID":"C650A8A6-0039-4AC8-B420-405484DA2C97","ID":"3799R1","A_GRM":"1.75683","Map":[{"ItemResponseOID":"9A864CBA-4B5C-48E1-9690-95A2004C6BF2","StepOrder":"0","Threshold":"-3.0973"},{"ItemResponseOID":"B367F67E-E929-4310-920C-17283F4D8469","StepOrder":"1","Threshold":"-2.7530"},{"ItemResponseOID":"E607ABF3-0007-4662-BB6B-7FCFA1E06792","StepOrder":"2","Threshold":"-2.1873"},{"ItemResponseOID":"1AA47F68-9B49-4B4E-BE1F-DAC156CEC383","StepOrder":"3","Threshold":"-1.3119"}]},{"FormItemOID":"C8804CAD-F472-4C9D-8A01-C40F9B5A33D2","ID":"2642bR1","A_GRM":"2.27870","Map":[{"ItemResponseOID":"2D642E5D-B665-4A5F-AAC0-A7EE8F7B3E54","StepOrder":"0","Threshold":"-3.2438"},{"ItemResponseOID":"C71E66A7-4CD2-488E-818D-C2B970F490A3","StepOrder":"1","Threshold":"-2.7815"},{"ItemResponseOID":"4EDB327B-C6E0-48E2-84C9-B5D744A03653","StepOrder":"2","Threshold":"-2.3214"},{"ItemResponseOID":"3532BBE3-4B21-4185-B333-1EFBB67E24A6","StepOrder":"3","Threshold":"-1.8352"}]},{"FormItemOID":"CB085B25-EA6C-4976-8239-B9D36FF47962","ID":"4190R1","A_GRM":"1.16044","Map":[{"ItemResponseOID":"C59BCC50-D2E1-4054-A168-D3F99FBFA104","StepOrder":"0","Threshold":"-4.4497"},{"ItemResponseOID":"F0F717E5-9A7C-4A43-B7D7-F3874E08FE63","StepOrder":"1","Threshold":"-3.9653"},{"ItemResponseOID":"AAB896F6-C879-4638-A7E3-D58F0F209C98","StepOrder":"2","Threshold":"-3.3208"},{"ItemResponseOID":"7DC72BF0-A450-480F-84A5-C840A45AC5C9","StepOrder":"3","Threshold":"-2.2787"}]},{"FormItemOID":"E84DD4BB-1391-4655-96CE-43119FDE0C8F","ID":"5200bR1","A_GRM":"1.13124","Map":[{"ItemResponseOID":"BC561690-6901-485C-979A-9AFEC4AC6FDD","StepOrder":"0","Threshold":"-2.6427"},{"ItemResponseOID":"82F7B919-B6DE-46BE-9457-76FC801926CD","StepOrder":"1","Threshold":"-1.7768"},{"ItemResponseOID":"6BCF954E-A4BA-4369-AB13-2403DCC78748","StepOrder":"2","Threshold":"-0.5217"},{"ItemResponseOID":"AEB937A2-E4B6-4467-8C89-EBEB75C77A0F","StepOrder":"3","Threshold":"0.8831"}]},{"FormItemOID":"EC752E7E-FA5E-48F8-A7BD-DDE40867EDA4","ID":"2709R1","A_GRM":"1.82474","Map":[{"ItemResponseOID":"7C3F02CE-4E2B-4CFF-BD8F-4AC96F9EDBBB","StepOrder":"0","Threshold":"-3.5450"},{"ItemResponseOID":"D11A9D45-AFEF-4285-AB30-AEDFD706EB37","StepOrder":"1","Threshold":"-3.1117"},{"ItemResponseOID":"B3B438CC-9559-4F26-8EF9-9C4C6F127C3B","StepOrder":"2","Threshold":"-2.4661"},{"ItemResponseOID":"34D1EE20-E6B0-4381-9D24-F5A02FCED6ED","StepOrder":"3","Threshold":"-2.0940"}]},{"FormItemOID":"ED61366B-8676-4A67-90BD-E31B41A71D7F","ID":"2647R2","A_GRM":"1.91916","Map":[{"ItemResponseOID":"0E070615-5753-42C6-AC3D-14023C224B38","StepOrder":"0","Threshold":"-3.0190"},{"ItemResponseOID":"05FB18BE-CD6D-4386-B5B8-B97D266A37CA","StepOrder":"1","Threshold":"-2.7619"},{"ItemResponseOID":"4DB16D2A-F9CD-4B47-9E62-B945ECD6E3DA","StepOrder":"2","Threshold":"-2.2276"},{"ItemResponseOID":"1C9FF8A1-6ED0-4460-BC4C-0FAB58DE362D","StepOrder":"3","Threshold":"-1.3815"}]},{"FormItemOID":"F2B99839-CCA4-4055-A126-C7899A8B0E5B","ID":"2715aR2","A_GRM":"1.67179","Map":[{"ItemResponseOID":"B197417A-3F0F-4F85-972D-CEB890A3C9A7","StepOrder":"0","Threshold":"-3.5582"},{"ItemResponseOID":"49C05D2C-1297-4C40-8D46-038ADEA6213D","StepOrder":"1","Threshold":"-3.3764"},{"ItemResponseOID":"F1CE0D87-833C-4AC5-A4ED-7CC5D64201D5","StepOrder":"2","Threshold":"-2.8803"},{"ItemResponseOID":"D088A5D6-F5D8-45C7-B7EA-84325A5464A2","StepOrder":"3","Threshold":"-2.4764"}]},{"FormItemOID":"F975E4B0-7038-4DE4-9C5F-6D8D5FAAFB0D","ID":"235R1","A_GRM":"3.10561","Map":[{"ItemResponseOID":"0714F239-9CE6-4348-BE0E-F56EC08A2283","StepOrder":"0","Threshold":"-1.9157"},{"ItemResponseOID":"F30132F6-014C-4BBD-AC80-E723D30CD46A","StepOrder":"1","Threshold":"-1.7466"},{"ItemResponseOID":"AFFC4D81-B2B8-4626-AFE0-B0FE7BA3A707","StepOrder":"2","Threshold":"-1.1439"},{"ItemResponseOID":"980F0721-D446-48CE-B912-3A3D56F04CF3","StepOrder":"3","Threshold":"-0.4505"}]}]}
