{"FormOID":"8C3AA645-DC1D-4762-BCD2-E2F8DAC0B0EB","Form":"Version 1 Parent Proxy Upper Extremity Bank","Properties":[{"MinNumItems":"5"},{"MaxNumItems":"12"},{"IRTModel":"0"},{"SelectionMethod":"1"},{"MinTheta":"-4.00"},{"MaxTheta":"4.00"},{"ThetaIncrement":"0.1000"},{"MaxStdErr":"0.40"},{"SelectionGroupSize":"1"},{"LogisticScaling":"1.0000"},{"DistMean":"0.00"},{"DistStdDev":"1.00"},{"FirstItem":""},{"CalibrationSample":"Parent Proxy"},{"SetSelectionMethod":"Instance"}],"Items":[{"FormItemOID":"066A18E2-13DF-440A-86FA-4024B06502FB","ID":"Pf2uprext8","A_GRM":"3.25000","Map":[{"ItemResponseOID":"70352B35-1817-471B-AC14-B04A388EF72A","StepOrder":"0","Threshold":"-3.0100"},{"ItemResponseOID":"2F81D19B-2901-4BBD-80FB-3D6C4E148EDA","StepOrder":"1","Threshold":"-2.4700"}]},{"FormItemOID":"1A881FF9-B600-408F-8B05-A62900FCDEAC","ID":"Pf3uprext7","A_GRM":"3.14000","Map":[{"ItemResponseOID":"D6919A32-14ED-4CF7-B25C-EBC277D94A5F","StepOrder":"0","Threshold":"-2.9000"},{"ItemResponseOID":"951B741A-2AC6-44EC-9362-E45219C5A946","StepOrder":"1","Threshold":"-2.7400"},{"ItemResponseOID":"2C654571-D675-4753-9385-E5D9D7C211EA","StepOrder":"2","Threshold":"-2.5000"},{"ItemResponseOID":"245F5E00-AC8C-4D46-B085-2B57D1D6F875","StepOrder":"3","Threshold":"-1.8000"}]},{"FormItemOID":"2E40EF6D-8784-4DFA-B566-FF4213A707C9","ID":"Pf3uprext9","A_GRM":"2.34000","Map":[{"ItemResponseOID":"9D70EFBD-5671-4601-B0CF-3F88879C167C","StepOrder":"0","Threshold":"-2.8100"},{"ItemResponseOID":"3334E17D-8E90-4BF5-AE28-A2FB93C7E3B1","StepOrder":"1","Threshold":"-2.5000"},{"ItemResponseOID":"7EF9A433-0039-4EF0-A67C-FAFB43236DA2","StepOrder":"2","Threshold":"-2.0100"},{"ItemResponseOID":"82A74482-E72D-45D7-BD88-A83CD009E04E","StepOrder":"3","Threshold":"-1.1500"}]},{"FormItemOID":"3E7FECAA-2969-434A-B325-948AB95B9FB6","ID":"Pf1uprext2","A_GRM":"4.30000","Map":[{"ItemResponseOID":"3261045D-2668-4756-9465-28421B3D57F4","StepOrder":"0","Threshold":"-3.1000"},{"ItemResponseOID":"7ED2E2B2-72CF-4BDE-95EE-DB0842462328","StepOrder":"1","Threshold":"-2.7500"},{"ItemResponseOID":"2CADCD13-9424-49EF-9A10-3184DE0F93F1","StepOrder":"2","Threshold":"-2.3500"},{"ItemResponseOID":"6BDF792A-C43F-48E4-A680-6838F428E0A8","StepOrder":"3","Threshold":"-1.8900"}]},{"FormItemOID":"42E54F20-35EF-4785-AC61-32F90B950E4C","ID":"Pf4uprext9","A_GRM":"3.73000","Map":[{"ItemResponseOID":"72205592-362B-4997-BAB3-D37FD815B5A3","StepOrder":"0","Threshold":"-3.4000"},{"ItemResponseOID":"5D05B0D0-824B-4A32-9A8E-E41795F0BCE7","StepOrder":"1","Threshold":"-3.2300"},{"ItemResponseOID":"00CD8E03-EA6E-4BDB-9D3D-63030FC0B36D","StepOrder":"2","Threshold":"-3.0500"},{"ItemResponseOID":"199266AF-5F94-443A-9D6C-BF0C4740FFDF","StepOrder":"3","Threshold":"-2.3500"}]},{"FormItemOID":"477DD98F-A0C2-4AC6-B0D3-37E0CA4FAC35","ID":"Pf2uprext2","A_GRM":"4.83000","Map":[{"ItemResponseOID":"0116B336-E23A-410D-9464-5F02F716DCE4","StepOrder":"0","Threshold":"-2.8100"},{"ItemResponseOID":"41D17BEF-157F-42CF-97E5-0202E9273448","StepOrder":"1","Threshold":"-2.5200"},{"ItemResponseOID":"2A37ACB1-5219-4EA6-A4D9-24C46366E33F","StepOrder":"2","Threshold":"-2.2300"},{"ItemResponseOID":"B1C4707C-49C9-4FD6-ACC1-ABD718150BB1","StepOrder":"3","Threshold":"-1.8200"}]},{"FormItemOID":"52624364-7C9E-4D05-8C69-72323D3F38D4","ID":"Pf3uprext12r","A_GRM":"0.92000","Map":[{"ItemResponseOID":"301DB6FA-71AB-4F13-81D6-D205F5C03D9A","StepOrder":"0","Threshold":"-4.0600"},{"ItemResponseOID":"F26E65D0-46B5-46D1-A8EC-D9CD964C2216","StepOrder":"1","Threshold":"-3.6700"},{"ItemResponseOID":"7CA0667D-8387-4CB1-8C05-1180364F7821","StepOrder":"2","Threshold":"-2.8300"},{"ItemResponseOID":"71195390-6C1E-41C3-A4BC-A89801F402A6","StepOrder":"3","Threshold":"-2.3700"}]},{"FormItemOID":"59211366-7C1C-4824-BCD7-3F698CAB0F15","ID":"Pf4uprext12","A_GRM":"2.77000","Map":[{"ItemResponseOID":"16E7E7C8-A897-4F0E-B798-D460A8224A7D","StepOrder":"0","Threshold":"-3.0300"},{"ItemResponseOID":"97920929-49DC-4D7F-AD70-A226D993BFB8","StepOrder":"1","Threshold":"-2.7700"},{"ItemResponseOID":"576543EC-6AEF-44F9-BA82-2690D50978E6","StepOrder":"2","Threshold":"-2.2000"},{"ItemResponseOID":"17123756-049A-46FC-A9CB-7E1EE2FCC411","StepOrder":"3","Threshold":"-1.4300"}]},{"FormItemOID":"60BAAC05-1162-425B-9863-5931588F0500","ID":"Pf2uprext4","A_GRM":"3.48000","Map":[{"ItemResponseOID":"9554F4A2-8835-43A2-8960-A452122D5DEB","StepOrder":"0","Threshold":"-3.3900"},{"ItemResponseOID":"DA64E41D-E691-4A26-BD89-42E0BAC156A3","StepOrder":"1","Threshold":"-2.8100"},{"ItemResponseOID":"8FA1A9B4-7CAC-4D14-A8BC-ED62713CE9FF","StepOrder":"2","Threshold":"-2.3900"}]},{"FormItemOID":"720C30E3-B99A-4411-9E95-AD92596D7A02","ID":"Pf3uprext3","A_GRM":"4.76000","Map":[{"ItemResponseOID":"51B9013B-5795-44BB-AE44-B2A4195E3A1B","StepOrder":"0","Threshold":"-3.3800"},{"ItemResponseOID":"5A3C3359-C14A-4957-9B79-671DE2D5FE48","StepOrder":"1","Threshold":"-3.1100"},{"ItemResponseOID":"81D262B2-FE18-4085-AC07-357EC607CBB1","StepOrder":"2","Threshold":"-2.7000"},{"ItemResponseOID":"65BE82CB-1C29-4159-9079-DFCF627C0E05","StepOrder":"3","Threshold":"-2.4300"}]},{"FormItemOID":"7C8388A7-CE14-4C69-9ECC-9D11B4766294","ID":"Pf4uprext2","A_GRM":"1.89000","Map":[{"ItemResponseOID":"396CA7DF-88BF-48C1-A389-3466EC1E8A6E","StepOrder":"0","Threshold":"-4.0400"},{"ItemResponseOID":"CD9BC69B-4876-49BC-B954-E898CA6C6461","StepOrder":"1","Threshold":"-2.7500"},{"ItemResponseOID":"8F438AF8-BA9A-4DBE-A5A6-E9460743CA29","StepOrder":"2","Threshold":"-2.1000"}]},{"FormItemOID":"A075ADB8-F730-4E4B-A0D0-A861AF79A1D9","ID":"Pf4uprext3","A_GRM":"2.07000","Map":[{"ItemResponseOID":"EBE513E9-6B0F-44D4-B7D5-3484D0C3E956","StepOrder":"0","Threshold":"-4.0000"},{"ItemResponseOID":"18453A5A-8C18-4E5F-AACA-613868A3411E","StepOrder":"1","Threshold":"-3.5200"},{"ItemResponseOID":"706755E4-A1DA-4D2C-AC94-C0B52A4DE7A1","StepOrder":"2","Threshold":"-3.1700"},{"ItemResponseOID":"E61BFE0E-59FF-443B-B66C-A751E3204410","StepOrder":"3","Threshold":"-2.5500"}]},{"FormItemOID":"A4F3064E-5A0C-4C4E-8909-6E72CDD6CDCA","ID":"Pf4uprext4","A_GRM":"2.41000","Map":[{"ItemResponseOID":"2DC45BE4-83E4-42C2-824A-5E8F49118D9E","StepOrder":"0","Threshold":"-4.0400"},{"ItemResponseOID":"3E245DDD-7E0A-4D2C-852C-34DE3CE0F5A3","StepOrder":"1","Threshold":"-3.5100"},{"ItemResponseOID":"9885F8EE-9541-4F51-9B72-D000718FBC38","StepOrder":"2","Threshold":"-2.9600"},{"ItemResponseOID":"06C9AC68-DD3B-4B1C-A8B8-EF0989DCDF47","StepOrder":"3","Threshold":"-2.1900"}]},{"FormItemOID":"A5C86DEC-12B3-40B2-9AE3-A284C28167D0","ID":"Pf2uprext7","A_GRM":"3.75000","Map":[{"ItemResponseOID":"17C3A057-1A00-49BA-A2C2-C694ED3D83FC","StepOrder":"0","Threshold":"-3.0000"},{"ItemResponseOID":"690F3974-58DB-4637-A039-C15C80DFA20E","StepOrder":"1","Threshold":"-2.5600"},{"ItemResponseOID":"782F308D-EFF3-44A7-A195-F49FC6EE5E69","StepOrder":"2","Threshold":"-1.8800"}]},{"FormItemOID":"B234737C-6368-43EA-9208-1502963C6B51","ID":"Pf1uprext4","A_GRM":"4.19000","Map":[{"ItemResponseOID":"9B7D188E-73C5-4606-A2CA-4442B944EB4C","StepOrder":"0","Threshold":"-3.5400"},{"ItemResponseOID":"62C79B73-27A8-40EA-B7BC-EB8209289A93","StepOrder":"1","Threshold":"-3.2900"},{"ItemResponseOID":"87916DB2-F156-4086-9F6C-ECF30B3A7218","StepOrder":"2","Threshold":"-2.9000"},{"ItemResponseOID":"D6C3058F-6E4A-4E17-BB2E-259B35E4C799","StepOrder":"3","Threshold":"-2.1200"}]},{"FormItemOID":"B4CCE615-F028-4855-A2C7-FE790A3A00CE","ID":"Pf3uprext11","A_GRM":"3.12000","Map":[{"ItemResponseOID":"D7EDCB6D-2687-45A0-9C7B-3F9C9A5A8DF2","StepOrder":"0","Threshold":"-3.3700"},{"ItemResponseOID":"DA903E92-9BDF-40ED-8CA1-579B27637DC8","StepOrder":"1","Threshold":"-2.9300"},{"ItemResponseOID":"C4035E5F-9B78-409E-A30A-4F4D4164FDED","StepOrder":"2","Threshold":"-2.2700"},{"ItemResponseOID":"987CF780-ED23-40DA-B33E-97454A80DD25","StepOrder":"3","Threshold":"-1.7000"}]},{"FormItemOID":"B51C4017-9951-42C7-A056-119AC8B0A005","ID":"Pf1uprext3","A_GRM":"2.16000","Map":[{"ItemResponseOID":"9C25899E-B2DF-4BC3-B805-97AC63FDC2E4","StepOrder":"0","Threshold":"-4.2500"},{"ItemResponseOID":"D4B4615D-38FF-42FF-A756-4FA91C76F514","StepOrder":"1","Threshold":"-3.2500"}]},{"FormItemOID":"B80E3D50-6448-4B13-880D-0554D17D7234","ID":"Pf3uprext5","A_GRM":"3.67000","Map":[{"ItemResponseOID":"93BBED7C-21BA-49AF-8184-3B796F613489","StepOrder":"0","Threshold":"-3.8600"},{"ItemResponseOID":"141A3499-1A61-496C-8876-3A8398B0D279","StepOrder":"1","Threshold":"-3.2900"},{"ItemResponseOID":"71CAF2D3-CC44-461B-ACE5-72C8EA19CD3B","StepOrder":"2","Threshold":"-3.0300"},{"ItemResponseOID":"49CFAEED-AAD5-45C3-8983-964BD10CF5BF","StepOrder":"3","Threshold":"-2.2700"}]},{"FormItemOID":"C6576B0E-C1CA-4738-8056-51E55F8D2ADA","ID":"Pf1uprext1","A_GRM":"2.80000","Map":[{"ItemResponseOID":"883C87DB-832E-4DE3-A090-F14D563EF967","StepOrder":"0","Threshold":"-2.5100"},{"ItemResponseOID":"C1C68D88-2BC4-48E3-B0CD-BC9A43D22983","StepOrder":"1","Threshold":"-2.3000"},{"ItemResponseOID":"7C1DD147-D927-4ACF-AA5B-A563B9E16992","StepOrder":"2","Threshold":"-2.0300"},{"ItemResponseOID":"18BEDCC7-2777-40E9-8624-435ADA248B9A","StepOrder":"3","Threshold":"-1.6100"}]},{"FormItemOID":"CBD621CD-BEB6-4270-89B5-0E592C0159E8","ID":"Pf3uprext8","A_GRM":"2.30000","Map":[{"ItemResponseOID":"B09C730D-1D68-4DE7-AF3F-258FFE60533A","StepOrder":"0","Threshold":"-3.7500"},{"ItemResponseOID":"8D603FD1-2133-4910-B6A3-94686838B99F","StepOrder":"1","Threshold":"-3.5800"},{"ItemResponseOID":"6609F97E-FDC5-42BD-ADFF-C487D01ED2FC","StepOrder":"2","Threshold":"-3.1500"},{"ItemResponseOID":"AEEFD218-3D4C-4C8A-8E45-4FF6534CC334","StepOrder":"3","Threshold":"-2.7900"}]},{"FormItemOID":"CC5399CA-11AC-4FF0-B64D-9C4FF3A44034","ID":"Pf3uprext6","A_GRM":"4.82000","Map":[{"ItemResponseOID":"C9948E54-0F61-4243-BAB3-E3D93E0A75AD","StepOrder":"0","Threshold":"-3.0400"},{"ItemResponseOID":"63DBDFDC-A3A7-45AC-B36C-E1C16D74B54B","StepOrder":"1","Threshold":"-2.9600"},{"ItemResponseOID":"94867050-CE62-4B0D-926C-A4FD783912BB","StepOrder":"2","Threshold":"-2.4300"},{"ItemResponseOID":"AD36ED42-0ECD-497B-A155-2DC0B5B534DC","StepOrder":"3","Threshold":"-1.9300"}]},{"FormItemOID":"D75DEDB4-2CCE-470B-9EAE-264A9B628588","ID":"Pf3uprext2","A_GRM":"3.85000","Map":[{"ItemResponseOID":"51B4F6D5-41BB-4491-98AF-91E183C4CB2A","StepOrder":"0","Threshold":"-2.9900"},{"ItemResponseOID":"488382D6-5B77-4A2F-BD86-371887192825","StepOrder":"1","Threshold":"-2.5800"},{"ItemResponseOID":"7FE4FFE3-7BAB-4FE1-8ACF-736E524ED96D","StepOrder":"2","Threshold":"-2.1400"},{"ItemResponseOID":"F2D2254F-4158-4B68-9F1B-246DA60BA85C","StepOrder":"3","Threshold":"-1.8200"}]},{"FormItemOID":"D8EAABF1-8D13-4B6B-B096-93B0AA654776","ID":"Pf2uprext3","A_GRM":"4.64000","Map":[{"ItemResponseOID":"808E1110-C09F-4CF2-B1C5-C09051583A8E","StepOrder":"0","Threshold":"-2.7500"},{"ItemResponseOID":"2223C0E0-496E-4230-969A-446FFD7BA8E8","StepOrder":"1","Threshold":"-2.6300"},{"ItemResponseOID":"D5DAAA94-C3F1-493A-B0CB-78AF5225A0D1","StepOrder":"2","Threshold":"-2.2400"},{"ItemResponseOID":"A715A0BC-13CE-4A5E-B9EB-0FF5C2581E0A","StepOrder":"3","Threshold":"-1.6600"}]},{"FormItemOID":"DB7724E5-ACD3-47D1-87E7-A56576D9E089","ID":"Pf4uprext1","A_GRM":"2.39000","Map":[{"ItemResponseOID":"B5FE9C88-436D-47FE-BCCF-374CBD9909E5","StepOrder":"0","Threshold":"-2.8300"},{"ItemResponseOID":"436EA5E3-BF3A-4B5C-851D-D1AC7D6BC1CD","StepOrder":"1","Threshold":"-2.3400"},{"ItemResponseOID":"D5327E07-5D7A-46B5-BEAA-BCC27DC3046F","StepOrder":"2","Threshold":"-1.7200"},{"ItemResponseOID":"977D012A-B2E0-4CCF-849F-2B067D0F250B","StepOrder":"3","Threshold":"-1.0100"}]},{"FormItemOID":"EF9FF8A7-E69D-4B99-837A-5670FA9A00D3","ID":"Pf4uprext10","A_GRM":"3.02000","Map":[{"ItemResponseOID":"E755F37C-FCE9-4840-B39C-A111A323CCA8","StepOrder":"0","Threshold":"-2.8400"},{"ItemResponseOID":"EC3D49A6-F0B6-4605-BEE8-85E612859FDA","StepOrder":"1","Threshold":"-2.5300"},{"ItemResponseOID":"4DA9D12A-AAF6-49AF-88D3-7D9CC61F6868","StepOrder":"2","Threshold":"-2.0800"},{"ItemResponseOID":"B0E8A7D3-69AC-45C0-873F-756EC7DF58BE","StepOrder":"3","Threshold":"-1.1700"}]},{"FormItemOID":"FA44CE81-C776-46B9-9EAE-909702AB20A9","ID":"Pf2uprext1","A_GRM":"2.13000","Map":[{"ItemResponseOID":"E45CC398-5C62-4A7F-9C96-E444E81FB3E3","StepOrder":"0","Threshold":"-3.4500"},{"ItemResponseOID":"F7A72115-8A53-49AF-8CD4-BCC32F9F3D97","StepOrder":"1","Threshold":"-2.7600"},{"ItemResponseOID":"7B877E52-2681-44F8-A164-8572F8CC8A1C","StepOrder":"2","Threshold":"-2.1800"}]},{"FormItemOID":"FB812716-7715-4C66-BE1F-0AAF3D917819","ID":"Pf3mobil4r","A_GRM":"2.42000","Map":[{"ItemResponseOID":"8385E050-D7CD-450F-B6C0-CC6337BA6AA3","StepOrder":"0","Threshold":"-2.9500"},{"ItemResponseOID":"77B1D786-3E94-4112-AE16-EB89F7C89001","StepOrder":"1","Threshold":"-2.7300"},{"ItemResponseOID":"11001B0C-3589-410B-BB42-8CD3CB7D3D99","StepOrder":"2","Threshold":"-2.2200"},{"ItemResponseOID":"AF48DF0E-4F3C-4A69-8C60-5F00B04BD48E","StepOrder":"3","Threshold":"-1.8200"}]},{"FormItemOID":"FCF9F712-DB8F-480C-BE28-07093FA62203","ID":"Pf2uprext5","A_GRM":"3.53000","Map":[{"ItemResponseOID":"28CC574B-2985-4419-8779-340CEDA36853","StepOrder":"0","Threshold":"-3.0600"},{"ItemResponseOID":"B66DDB1C-40BB-460E-A541-A68E2779E768","StepOrder":"1","Threshold":"-2.6700"}]},{"FormItemOID":"FF2CF3D1-8CB2-4DA5-8C49-E45FB1659E6F","ID":"Pf3uprext4","A_GRM":"4.83000","Map":[{"ItemResponseOID":"780D3064-D325-49E1-9C5C-B51FF5B1125D","StepOrder":"0","Threshold":"-3.3500"},{"ItemResponseOID":"66C2B7F2-9509-4082-9C0A-07D1B9152586","StepOrder":"1","Threshold":"-2.8900"},{"ItemResponseOID":"3A2D3BE3-AC1C-41B8-B65C-D920E0F2EC24","StepOrder":"2","Threshold":"-2.4200"},{"ItemResponseOID":"32DA0F96-0428-4030-9A22-2E559E7E2428","StepOrder":"3","Threshold":"-2.0500"}]}]}
