{"FormOID":"8D79D960-EC12-4242-AE66-03EF8EF4D61D","Form":"PROMIS Social Isolation bank Version 2","Properties":[{"MinNumItems":"4"},{"MaxNumItems":"12"},{"IRTModel":"0"},{"SelectionMethod":"1"},{"MinTheta":"-4.00"},{"MaxTheta":"4.00"},{"ThetaIncrement":"0.1000"},{"MaxStdErr":"0.30"},{"SelectionGroupSize":"1"},{"LogisticScaling":"1.0000"},{"DistMean":"0.00"},{"DistStdDev":"1.00"},{"FirstItem":""},{"CalibrationSample":"Social Supplement"},{"SetSelectionMethod":"FormDefault"}],"Items":[{"FormItemOID":"0341D1C8-EC66-47FF-98ED-192D3B76E8B9","ID":"UCLA18x2","A_GRM":"3.98622","Map":[{"ItemResponseOID":"E68ACA7B-B3AE-40E5-9234-B3F034ECD309","StepOrder":"1","Threshold":"-0.6642"},{"ItemResponseOID":"09287210-AC84-4227-8DEF-555F74BDDA4B","StepOrder":"2","Threshold":"0.1747"},{"ItemResponseOID":"A5FA8316-70DB-485A-992E-F485700EB377","StepOrder":"3","Threshold":"1.1369"},{"ItemResponseOID":"444F873E-C895-4501-9195-DD5C7C85AB1E","StepOrder":"4","Threshold":"1.7946"}]},{"FormItemOID":"093FBF04-7696-43E6-B616-059D2474128A","ID":"CARES23x","A_GRM":"1.77884","Map":[{"ItemResponseOID":"E078EB4D-C5FF-49E4-A0F7-E99CA3D58187","StepOrder":"1","Threshold":"-0.4150"},{"ItemResponseOID":"B7ED1A8E-8F4B-4548-9A58-848636A9800B","StepOrder":"2","Threshold":"0.6001"},{"ItemResponseOID":"E098B73C-F2E4-48C2-A20F-939804F5D6AB","StepOrder":"3","Threshold":"1.8469"},{"ItemResponseOID":"3F673FEA-E958-43E3-ACAD-B2CC706907E8","StepOrder":"4","Threshold":"2.6530"}]},{"FormItemOID":"0B017881-8CA4-4F62-8F70-6B6EA3D26B2B","ID":"SCSC3x2","A_GRM":"2.96488","Map":[{"ItemResponseOID":"E5CF230E-E144-43AE-8691-DA53E2E2613C","StepOrder":"1","Threshold":"-0.2113"},{"ItemResponseOID":"A61DB582-B179-4A01-950F-F1E09DC6A337","StepOrder":"2","Threshold":"0.7080"},{"ItemResponseOID":"D7226433-074F-4274-8561-8E896A943447","StepOrder":"3","Threshold":"1.7942"},{"ItemResponseOID":"28478668-2F99-448C-B4C2-CF58A2BB9B17","StepOrder":"4","Threshold":"2.4202"}]},{"FormItemOID":"329E7924-ED0D-45E6-A4BF-F49C8A32B826","ID":"Iso-CaPS3","A_GRM":"4.01632","Map":[{"ItemResponseOID":"C764965D-1001-4CF0-AA5B-2D156843DD15","StepOrder":"1","Threshold":"-0.5802"},{"ItemResponseOID":"28E87E21-26AC-4C16-BB5C-E4420AD18051","StepOrder":"2","Threshold":"0.1805"},{"ItemResponseOID":"FFA08002-8FBA-410F-AF34-2B0CF4CEBF6B","StepOrder":"3","Threshold":"1.0973"},{"ItemResponseOID":"42BCFA80-2CEE-48A9-AF90-63C226586A1E","StepOrder":"4","Threshold":"1.7709"}]},{"FormItemOID":"333BDC86-FE97-4F53-B2D3-8CC1E6B71984","ID":"Iso-CaPS1","A_GRM":"3.78120","Map":[{"ItemResponseOID":"D504A13F-565E-4295-B355-B750A7E04818","StepOrder":"1","Threshold":"-0.3641"},{"ItemResponseOID":"DCDA7C3B-044F-411D-8860-CBC2905723F5","StepOrder":"2","Threshold":"0.4074"},{"ItemResponseOID":"897A1D58-5EF2-43CF-96E8-1C80BAA6BB35","StepOrder":"3","Threshold":"1.3811"},{"ItemResponseOID":"3C815272-5DA1-4C9E-8631-F52C0C97EADA","StepOrder":"4","Threshold":"1.9137"}]},{"FormItemOID":"33DF364F-E77A-452D-A8EF-ACAE748334F3","ID":"UCLA11x2","A_GRM":"3.86945","Map":[{"ItemResponseOID":"5215AE07-E6A5-4194-9247-AB4640EFD5E6","StepOrder":"1","Threshold":"-0.6775"},{"ItemResponseOID":"8F29D9CD-6F39-4626-B527-CB4FD4FED5CE","StepOrder":"2","Threshold":"0.2171"},{"ItemResponseOID":"2C9F62D5-5C88-4919-A644-A680F088EA0B","StepOrder":"3","Threshold":"1.1507"},{"ItemResponseOID":"D63EAC33-5065-452C-9A29-E2DAA856F23F","StepOrder":"4","Threshold":"1.9481"}]},{"FormItemOID":"36E0314E-FD40-47F9-BDC7-D0A9F282641B","ID":"SCSC2x3 ","A_GRM":"2.27574","Map":[{"ItemResponseOID":"D6C7A16C-B86D-4C1E-9043-E621F3B184D3","StepOrder":"1","Threshold":"-1.0466"},{"ItemResponseOID":"3D0D35C1-CA00-443D-82A1-10008B57E93C","StepOrder":"2","Threshold":"0.0024"},{"ItemResponseOID":"B24084EE-165B-40C9-AF3E-2156F679B152","StepOrder":"3","Threshold":"1.1942"},{"ItemResponseOID":"873C2172-17E1-43AC-A851-67D51427AE8F","StepOrder":"4","Threshold":"1.8983"}]},{"FormItemOID":"45BE57F4-46B7-4C82-A1AE-D26A8F7C7303","ID":"UCLA8x3 ","A_GRM":"2.81482","Map":[{"ItemResponseOID":"65240E95-08AC-4E89-9B82-77CC055A5EA9","StepOrder":"1","Threshold":"-0.8041"},{"ItemResponseOID":"5D5FD7B3-C95D-4AA2-9FC6-B6E75B63BA03","StepOrder":"2","Threshold":"0.0944"},{"ItemResponseOID":"6DCFA0C4-9807-493B-BE7E-2B309DF7E257","StepOrder":"3","Threshold":"1.1021"},{"ItemResponseOID":"33729610-5ED5-4E7C-B602-34779325D3F6","StepOrder":"4","Threshold":"1.9234"}]},{"FormItemOID":"567EC6DE-736B-4481-BCC9-E991418A07F6","ID":"Iso-CaPS9","A_GRM":"4.24321","Map":[{"ItemResponseOID":"0369E4BF-E014-4D23-8AD0-04DEFC797858","StepOrder":"1","Threshold":"-0.2751"},{"ItemResponseOID":"E6D8E2E7-B160-4471-ADBD-AD3E49B26B35","StepOrder":"2","Threshold":"0.4727"},{"ItemResponseOID":"9E3FF843-911D-47C6-8922-330ECB445765","StepOrder":"3","Threshold":"1.4172"},{"ItemResponseOID":"FDC8330E-5AC7-4850-97F7-B074470E06C8","StepOrder":"4","Threshold":"1.9278"}]},{"FormItemOID":"84641497-0952-430D-89A2-E96A25D57818","ID":"UCLA13x3 ","A_GRM":"3.15724","Map":[{"ItemResponseOID":"FA711EBD-3C89-49CC-8DF9-6A9AB917AD2C","StepOrder":"1","Threshold":"-0.8517"},{"ItemResponseOID":"95991405-388A-4706-B8CA-F68EB35BD481","StepOrder":"2","Threshold":"0.0587"},{"ItemResponseOID":"63C3343F-6C85-4938-8212-BA52AD3DAD2A","StepOrder":"3","Threshold":"1.1001"},{"ItemResponseOID":"EF956893-7BD0-46C1-B4B3-7B642679B403","StepOrder":"4","Threshold":"1.8146"}]},{"FormItemOID":"BD05CD6D-CF1A-420D-B2FC-A19FFDDEA7AB","ID":"UCLA7x2","A_GRM":"3.36637","Map":[{"ItemResponseOID":"C9DBFA8C-3908-4655-A31D-E456A81D8C14","StepOrder":"1","Threshold":"-0.2081"},{"ItemResponseOID":"F98E6ABF-4D7E-4C1F-89BC-D4C8820191EF","StepOrder":"2","Threshold":"0.4270"},{"ItemResponseOID":"36210482-4FB7-4354-B4BE-F63FBD72998A","StepOrder":"3","Threshold":"1.2019"},{"ItemResponseOID":"76D19A75-5627-4D9A-87BB-A6C8819BF32D","StepOrder":"4","Threshold":"1.7682"}]},{"FormItemOID":"CB19D14B-AACC-44A5-B8AF-583F12A7FBC5","ID":"UCLA14x2","A_GRM":"4.24540","Map":[{"ItemResponseOID":"DBADE345-2610-4DA4-BF6A-03A7EEA5C004","StepOrder":"1","Threshold":"-0.4730"},{"ItemResponseOID":"3B071852-14FB-4847-A306-64446E510E04","StepOrder":"2","Threshold":"0.2612"},{"ItemResponseOID":"00250627-F982-4011-9E0E-D97A2EEF4DDD","StepOrder":"3","Threshold":"1.1182"},{"ItemResponseOID":"9A98164E-F736-4A9E-9160-17F56ED5A819","StepOrder":"4","Threshold":"1.6763"}]},{"FormItemOID":"E7426CBF-62F3-4309-AD4C-B134D8E055E8","ID":"SS10x","A_GRM":"2.11332","Map":[{"ItemResponseOID":"D2E68088-1549-4FB0-AC5C-9FF769A48771","StepOrder":"1","Threshold":"-0.1423"},{"ItemResponseOID":"FEBDCFA0-69E3-4207-84FB-934D51CCCDD7","StepOrder":"2","Threshold":"0.6663"},{"ItemResponseOID":"DF078928-638F-4B1A-ABC2-5D506181AB6F","StepOrder":"3","Threshold":"1.8113"},{"ItemResponseOID":"4C7D2C60-13A3-4741-A2A4-B897B7FD7D75","StepOrder":"4","Threshold":"2.3418"}]},{"FormItemOID":"F19E1340-0DE4-4921-ABB0-A315B48794A1","ID":"Iso-CaPS2","A_GRM":"3.23796","Map":[{"ItemResponseOID":"F28A3E9E-5339-4C62-B173-BC60F666C421","StepOrder":"1","Threshold":"-0.2789"},{"ItemResponseOID":"2CE7CECB-4035-4E24-8804-EF3199A1AC00","StepOrder":"2","Threshold":"0.6725"},{"ItemResponseOID":"C3E614E7-BC9D-4352-8876-641349D383F3","StepOrder":"3","Threshold":"1.7752"},{"ItemResponseOID":"18713A6E-4F33-4A11-AA23-668025179EA8","StepOrder":"4","Threshold":"2.2087"}]}]}
