{"FormOID":"8F64582D-C19C-40E9-B470-4643D78AAE90","Form":"PROMIS Anger Bank","Properties":[{"MinNumItems":"4"},{"MaxNumItems":"12"},{"IRTModel":"0"},{"SelectionMethod":"1"},{"MinTheta":"-4.00"},{"MaxTheta":"4.00"},{"ThetaIncrement":"0.1000"},{"MaxStdErr":"0.30"},{"SelectionGroupSize":"1"},{"LogisticScaling":"1.0000"},{"DistMean":"0.00"},{"DistStdDev":"1.00"},{"FirstItem":""},{"CalibrationSample":"Promis Wave 1"},{"SetSelectionMethod":"Instance"}],"Items":[{"FormItemOID":"036D63EF-4F37-4FD8-B3EF-DAF805E228FD","ID":"EDANG17","A_GRM":"2.20405","Map":[{"ItemResponseOID":"DD57D832-3BC1-494C-8D9F-A630B863B38E","StepOrder":"1","Threshold":"0.1283"},{"ItemResponseOID":"ADA274C8-4DE1-4A0C-B37B-29F47E895E9B","StepOrder":"2","Threshold":"1.1604"},{"ItemResponseOID":"7CC5ED06-81C4-41A1-9240-ACFA304FEB7F","StepOrder":"3","Threshold":"2.4889"},{"ItemResponseOID":"1ED9D6A3-8945-43D7-BA17-765355130681","StepOrder":"4","Threshold":"3.4742"}]},{"FormItemOID":"04406D2F-8D5D-473D-AEE3-D4963A6B6BC9","ID":"EDANG18","A_GRM":"1.96501","Map":[{"ItemResponseOID":"F23E7443-27C9-4191-AAC9-06CE406FA0C3","StepOrder":"1","Threshold":"0.0306"},{"ItemResponseOID":"4325C1B6-010D-4490-840D-3DF6DFCB4C29","StepOrder":"2","Threshold":"0.7934"},{"ItemResponseOID":"90E2B841-ED7C-4900-B996-769FB591D774","StepOrder":"3","Threshold":"1.9370"},{"ItemResponseOID":"248227CE-6CB6-4F2C-ABFE-A32D8291C634","StepOrder":"4","Threshold":"2.7094"}]},{"FormItemOID":"0E5AAD57-8FAB-4B9E-8B40-DDAB7128844C","ID":"EDANG04","A_GRM":"1.60879","Map":[{"ItemResponseOID":"25DA5EB1-B296-40E2-B22D-AF7C7D9860E2","StepOrder":"1","Threshold":"0.1098"},{"ItemResponseOID":"F510A5A5-1F4D-48FB-AAD2-C2A6AAF8328D","StepOrder":"2","Threshold":"1.2633"},{"ItemResponseOID":"79EC9B93-0A55-42E2-B5BC-A8B4126FC601","StepOrder":"3","Threshold":"2.5402"},{"ItemResponseOID":"5F52D0E3-DFDA-4D4F-91A8-13287C1AB9F9","StepOrder":"4","Threshold":"3.6573"}]},{"FormItemOID":"1057A7B4-DF06-4357-AD41-3FF8A777A904","ID":"EDANG31","A_GRM":"2.29275","Map":[{"ItemResponseOID":"7D46AC76-C1B4-418E-87F7-9BF1BEE26EA8","StepOrder":"1","Threshold":"-0.5624"},{"ItemResponseOID":"0D70EC98-87DB-457B-B69E-700C1767FF51","StepOrder":"2","Threshold":"0.5503"},{"ItemResponseOID":"7ACE75CE-657F-4418-B7CA-A78F8262D55F","StepOrder":"3","Threshold":"1.9122"},{"ItemResponseOID":"EAD59843-B6BA-4B99-9C39-77E022F29668","StepOrder":"4","Threshold":"3.1080"}]},{"FormItemOID":"3511C033-84C2-4ECC-ABD7-D7183188E416","ID":"EDANG15","A_GRM":"2.82094","Map":[{"ItemResponseOID":"15767565-FF92-435D-AF18-3E066EEBA581","StepOrder":"1","Threshold":"0.2872"},{"ItemResponseOID":"0DD6C2DB-E6FF-4381-90E3-837D165358E5","StepOrder":"2","Threshold":"1.0593"},{"ItemResponseOID":"623C10D5-77BC-4ACF-BAF7-77E0F8E8E46F","StepOrder":"3","Threshold":"1.9753"},{"ItemResponseOID":"F7C178E3-0819-4CEA-973E-C680C99A0034","StepOrder":"4","Threshold":"3.0347"}]},{"FormItemOID":"3D00599F-BAEF-4C31-BDD6-DF9422FB7928","ID":"EDANG09","A_GRM":"2.82932","Map":[{"ItemResponseOID":"5501A902-216E-4CA5-A792-CAF9AD98FEAF","StepOrder":"1","Threshold":"-0.8260"},{"ItemResponseOID":"B23C11B4-0B52-4166-B3AA-AC0E4CB3A3B9","StepOrder":"2","Threshold":"0.3331"},{"ItemResponseOID":"DCCCE838-50D0-486A-8FA3-A35D7526F920","StepOrder":"3","Threshold":"1.6847"},{"ItemResponseOID":"C30205C8-161C-4E10-BE5E-70EA9B25DBBF","StepOrder":"4","Threshold":"2.9031"}]},{"FormItemOID":"5BB6878A-4676-4A79-BA41-BAAEAA516F0C","ID":"EDANG42","A_GRM":"2.04591","Map":[{"ItemResponseOID":"857FF122-C7B2-44FF-B603-CF4B741F7E96","StepOrder":"1","Threshold":"0.6382"},{"ItemResponseOID":"B1E2933B-B893-4C46-8D3F-33CA59EF38AD","StepOrder":"2","Threshold":"1.6702"},{"ItemResponseOID":"93AF4814-36F2-4897-B2F8-90DBC848F5ED","StepOrder":"3","Threshold":"2.8494"},{"ItemResponseOID":"E60C1783-9C2A-47CE-9BCE-97C7CE247FCC","StepOrder":"4","Threshold":"3.8581"}]},{"FormItemOID":"5FAB94AE-EE3E-4245-82A3-1A22CA1EEB60","ID":"EDANG01","A_GRM":"1.56467","Map":[{"ItemResponseOID":"D0261E59-E3D1-43F4-AC96-DCFC22E2DE16","StepOrder":"1","Threshold":"-1.1758"},{"ItemResponseOID":"2566E985-568F-4296-83CD-7CCE6C7C32E6","StepOrder":"2","Threshold":"0.1564"},{"ItemResponseOID":"EEAB0E74-72A5-40BE-A5D4-3CF5822AEE92","StepOrder":"3","Threshold":"1.8111"},{"ItemResponseOID":"457F60A3-890A-49A5-94A5-A5DDE171D62B","StepOrder":"4","Threshold":"3.2703"}]},{"FormItemOID":"64ECDBF6-15A8-4CBE-8FB4-DE572ABB54AC","ID":"EDANG37","A_GRM":"2.14871","Map":[{"ItemResponseOID":"295489E0-4530-4B8D-B4C5-E6166713DDA7","StepOrder":"1","Threshold":"-0.0586"},{"ItemResponseOID":"64020B95-E0D4-422C-A50F-F4CBAFB4A562","StepOrder":"2","Threshold":"1.0736"},{"ItemResponseOID":"52525C15-AFF6-4043-AE56-2D72B5765DDE","StepOrder":"3","Threshold":"2.2657"},{"ItemResponseOID":"2064D2D0-EE71-45D9-A107-896021A5DF8B","StepOrder":"4","Threshold":"3.5977"}]},{"FormItemOID":"69E82DF4-307B-4417-B24A-F033C2718BEF","ID":"EDANG16","A_GRM":"2.39138","Map":[{"ItemResponseOID":"AD86BD7F-07AD-46CE-99B6-ECF75241B208","StepOrder":"1","Threshold":"0.0951"},{"ItemResponseOID":"FD5AC9DA-9387-47CA-AFE2-DC84E226A593","StepOrder":"2","Threshold":"0.9547"},{"ItemResponseOID":"7AF3422F-F90A-4F91-BA09-C880BF422BD5","StepOrder":"3","Threshold":"2.0294"},{"ItemResponseOID":"AAD92EF4-B7A3-4FBD-B568-2A7759AF94A1","StepOrder":"4","Threshold":"2.9623"}]},{"FormItemOID":"714360A3-9168-4041-BA4F-99B53CDF9C19","ID":"EDANG22","A_GRM":"2.01767","Map":[{"ItemResponseOID":"EF8D273A-91B1-4558-9EEB-F2C68A028E37","StepOrder":"1","Threshold":"0.3971"},{"ItemResponseOID":"F529216D-0372-4B06-A06F-9751FC1CF082","StepOrder":"2","Threshold":"1.2668"},{"ItemResponseOID":"503CFA23-7766-492E-88CF-F613E07BC529","StepOrder":"3","Threshold":"2.4871"},{"ItemResponseOID":"057095D4-863E-47C6-AF68-D49FA6B93B26","StepOrder":"4","Threshold":"3.4588"}]},{"FormItemOID":"7491E219-F7FE-4D93-828D-9B272340760A","ID":"EDANG03","A_GRM":"2.34877","Map":[{"ItemResponseOID":"175DF006-14F2-4C03-A2D9-0287E0DB8348","StepOrder":"1","Threshold":"-0.7617"},{"ItemResponseOID":"EAE49EE9-91BD-42A9-9E93-1E5CA7F9109B","StepOrder":"2","Threshold":"0.0609"},{"ItemResponseOID":"2C3C15FA-CC56-432A-9ED9-C3ADCEE84A2E","StepOrder":"3","Threshold":"1.1574"},{"ItemResponseOID":"24BB913F-1393-44E6-95BF-DAEA9ADF8F96","StepOrder":"4","Threshold":"2.2002"}]},{"FormItemOID":"7BB7669E-AFEE-4FE6-B3BD-53DC4A46183D","ID":"EDANG05","A_GRM":"1.50536","Map":[{"ItemResponseOID":"0C1C4E13-504D-441D-8423-0078AB2EDA47","StepOrder":"1","Threshold":"-1.8183"},{"ItemResponseOID":"0C000AFD-2A0F-4BB6-9934-9C651B99A27B","StepOrder":"2","Threshold":"-0.4383"},{"ItemResponseOID":"5A56052E-1B0E-4E0A-A032-D2EF6ECC0942","StepOrder":"3","Threshold":"1.8945"},{"ItemResponseOID":"3AFAFF57-328F-418E-8AA8-73D7FDDE4F14","StepOrder":"4","Threshold":"3.8793"}]},{"FormItemOID":"9FC6CEC4-1008-46B6-B6D7-9F8D92A6E2F3","ID":"EDANG35","A_GRM":"2.49943","Map":[{"ItemResponseOID":"41363723-2171-4F51-B7FF-61A14FA35CAE","StepOrder":"1","Threshold":"-1.1088"},{"ItemResponseOID":"3DA9BF77-CEC3-4EA7-ABF9-F0F11066B717","StepOrder":"2","Threshold":"-0.0099"},{"ItemResponseOID":"985BA87B-B3A7-4D81-8450-A0DB1B1553DE","StepOrder":"3","Threshold":"1.2882"},{"ItemResponseOID":"DF273FCB-0BEA-4AF5-B5B8-BC160B21037D","StepOrder":"4","Threshold":"2.8597"}]},{"FormItemOID":"A2753034-C5EE-4838-A926-1E9BA42F532C","ID":"EDANG10","A_GRM":"1.41254","Map":[{"ItemResponseOID":"ABF92131-6A14-4664-B9FC-BB61AB6B21DE","StepOrder":"1","Threshold":"-0.1939"},{"ItemResponseOID":"06B6186C-EFE8-401F-92C9-81C089066B54","StepOrder":"2","Threshold":"0.8158"},{"ItemResponseOID":"5BBBDB54-2CC1-41A8-A8E7-B58CB7E2967D","StepOrder":"3","Threshold":"2.3073"},{"ItemResponseOID":"44CD3B30-4A06-42A9-B6C2-26C4F625A870","StepOrder":"4","Threshold":"3.7056"}]},{"FormItemOID":"B0E5B7C6-5D6C-4552-9ABD-3FA1A6364DF4","ID":"EDANG55","A_GRM":"2.32713","Map":[{"ItemResponseOID":"B799854A-D701-4319-84A5-ECB490868BB9","StepOrder":"1","Threshold":"-0.3667"},{"ItemResponseOID":"55CF5950-C3F0-44ED-8F22-76733F7FC9EF","StepOrder":"2","Threshold":"0.5689"},{"ItemResponseOID":"844347C8-1849-4152-BF04-39C1A9D493A1","StepOrder":"3","Threshold":"1.7369"},{"ItemResponseOID":"383BCDF6-7980-44DD-BA2B-4A241E482DDD","StepOrder":"4","Threshold":"2.7817"}]},{"FormItemOID":"B31B39CB-40F7-4B52-B856-D7117D93D3EF","ID":"EDANG11","A_GRM":"2.36002","Map":[{"ItemResponseOID":"DEB97D40-4E78-4457-AEC8-EB8314F4B7C0","StepOrder":"1","Threshold":"0.8479"},{"ItemResponseOID":"9B0209D3-0C1F-4F26-8C06-0C1299FC061F","StepOrder":"2","Threshold":"1.5205"},{"ItemResponseOID":"ECC4CE2A-9501-463F-A6E2-4119C83D3021","StepOrder":"3","Threshold":"2.3810"},{"ItemResponseOID":"F20365F3-1C47-4C30-A56D-E13ABD645FAD","StepOrder":"4","Threshold":"3.3208"}]},{"FormItemOID":"B9F6BB28-110E-4AA5-9909-86BB78DF8218","ID":"EDANG48","A_GRM":"2.78759","Map":[{"ItemResponseOID":"7A2D3C2B-A675-4295-9C4E-F7241FA1AE9F","StepOrder":"1","Threshold":"0.8603"},{"ItemResponseOID":"7817D77D-9BD5-4056-A0C4-D15BA981776A","StepOrder":"2","Threshold":"1.5301"},{"ItemResponseOID":"512AE020-0040-4855-A13E-51C26E3788BF","StepOrder":"3","Threshold":"2.3736"},{"ItemResponseOID":"B0688456-772D-4B18-833B-89ECC4F2D424","StepOrder":"4","Threshold":"2.9411"}]},{"FormItemOID":"CA026FB1-671D-4BCB-9C9F-44C5DBB44DC5","ID":"EDANG26","A_GRM":"2.16528","Map":[{"ItemResponseOID":"A8C1491A-FC57-4BED-803D-D5FB6C808219","StepOrder":"1","Threshold":"0.1328"},{"ItemResponseOID":"8FCBE957-520E-4C7F-AC02-AC22222E5418","StepOrder":"2","Threshold":"1.1658"},{"ItemResponseOID":"1C314D37-7D3C-43E4-960C-CEDD29953626","StepOrder":"3","Threshold":"2.2326"},{"ItemResponseOID":"66A2C5FA-B2CA-4764-979F-ACD56851A9B6","StepOrder":"4","Threshold":"3.0545"}]},{"FormItemOID":"CB1B3987-F04F-4364-A63E-13006240D388","ID":"EDANG30","A_GRM":"2.98863","Map":[{"ItemResponseOID":"0AA8B213-FD41-49F8-B328-F41E6BAC17E2","StepOrder":"1","Threshold":"-0.8157"},{"ItemResponseOID":"187096A9-703C-4036-9794-59535D9F5C1F","StepOrder":"2","Threshold":"0.2649"},{"ItemResponseOID":"4ECBA17E-AEEA-4157-9D7D-859F6126DC15","StepOrder":"3","Threshold":"1.5402"},{"ItemResponseOID":"BECE9FDA-E9A9-470A-96CA-E2DD9F1A0A26","StepOrder":"4","Threshold":"2.8419"}]},{"FormItemOID":"D37A4497-A9FF-47B9-895C-30237DCCBA33","ID":"EDANG21","A_GRM":"2.21749","Map":[{"ItemResponseOID":"E9414D48-6F5E-46FC-B435-77BC4B547D0F","StepOrder":"1","Threshold":"-0.1845"},{"ItemResponseOID":"4CCDBE73-7714-421C-B83A-412F826A33DC","StepOrder":"2","Threshold":"0.7428"},{"ItemResponseOID":"2F94F298-DB93-453F-9376-0F5EADC6A22B","StepOrder":"3","Threshold":"1.7460"},{"ItemResponseOID":"64134671-DAA6-43DD-842D-73A635205FF6","StepOrder":"4","Threshold":"2.7832"}]},{"FormItemOID":"D4F39E55-A243-4132-ABC3-96F894E3E8BE","ID":"EDANG56","A_GRM":"2.31045","Map":[{"ItemResponseOID":"B36A09E7-5F4D-42B5-8C91-9E7C153B22D2","StepOrder":"1","Threshold":"0.4458"},{"ItemResponseOID":"B9A38596-DD1B-45BB-A53D-FB9F878B2455","StepOrder":"2","Threshold":"1.2561"},{"ItemResponseOID":"963D27C6-7AAB-4ACB-903D-0E76B69E068D","StepOrder":"3","Threshold":"1.9500"},{"ItemResponseOID":"481A1AAE-6C87-48E7-8BBD-6CC53A19C633","StepOrder":"4","Threshold":"2.7710"}]}]}
