{"FormOID":"96FE494D-F176-4EFB-A473-2AB406610626","Form":"PROMIS Depression Bank","Properties":[{"MinNumItems":"4"},{"MaxNumItems":"12"},{"IRTModel":"0"},{"SelectionMethod":"1"},{"MinTheta":"-4.00"},{"MaxTheta":"4.00"},{"ThetaIncrement":"0.1000"},{"MaxStdErr":"0.30"},{"SelectionGroupSize":"1"},{"LogisticScaling":"1.0000"},{"DistMean":"0.00"},{"DistStdDev":"1.00"},{"FirstItem":""},{"CalibrationSample":"Promis Wave 1"},{"SetSelectionMethod":"Instance"}],"Items":[{"FormItemOID":"02187B69-DE67-4023-B391-1F48B26A411B","ID":"EDDEP09","A_GRM":"3.65743","Map":[{"ItemResponseOID":"099C3455-AC94-47FF-953C-20071BF6ACBC","StepOrder":"1","Threshold":"0.3120"},{"ItemResponseOID":"77F93412-97F2-4623-AC6D-5D3CB2A113DF","StepOrder":"2","Threshold":"0.9818"},{"ItemResponseOID":"BD92EE39-7C21-4329-9F16-309C6EA9690F","StepOrder":"3","Threshold":"1.7821"},{"ItemResponseOID":"07E98BEE-1C5E-4648-85F1-D06571E85954","StepOrder":"4","Threshold":"2.5711"}]},{"FormItemOID":"024FEB2C-697B-4213-B925-A8F1D00B24F9","ID":"EDDEP17","A_GRM":"3.27403","Map":[{"ItemResponseOID":"29536102-353E-4FFC-9473-63993D2B4B1C","StepOrder":"1","Threshold":"-0.4985"},{"ItemResponseOID":"92375889-C95E-4E32-83F2-7EFAD9458837","StepOrder":"2","Threshold":"0.4059"},{"ItemResponseOID":"8B0FFCD1-BAC2-4C77-B01C-50801789F9D2","StepOrder":"3","Threshold":"1.4131"},{"ItemResponseOID":"DEBDEFA6-4E34-4D28-A75F-A70549F456F7","StepOrder":"4","Threshold":"2.3755"}]},{"FormItemOID":"047135F6-D58C-4E8C-B6C3-9AEDE63CA2E4","ID":"EDDEP45","A_GRM":"2.83360","Map":[{"ItemResponseOID":"BF79A8FB-FAEB-41B2-A637-B0FF0BF2CBED","StepOrder":"1","Threshold":"0.1407"},{"ItemResponseOID":"8FF5AB5F-6390-45B8-9501-14585F033944","StepOrder":"2","Threshold":"0.9065"},{"ItemResponseOID":"1E553F6E-76AD-4663-98D0-C27E080757A9","StepOrder":"3","Threshold":"1.8461"},{"ItemResponseOID":"E88581F0-E4DA-409C-9159-102DD7FD8805","StepOrder":"4","Threshold":"2.8752"}]},{"FormItemOID":"090F00D2-87B0-4097-89FF-E39BEAC746A7","ID":"EDDEP50","A_GRM":"2.01810","Map":[{"ItemResponseOID":"03FFE196-C4D2-444D-8054-A4582BC65E5E","StepOrder":"1","Threshold":"-0.0504"},{"ItemResponseOID":"1700FAF3-2EDC-44F2-BFFF-D3B9E107EBD1","StepOrder":"2","Threshold":"0.9259"},{"ItemResponseOID":"55BDC4F6-F403-4036-974E-D7F9FE3CC55D","StepOrder":"3","Threshold":"1.9995"},{"ItemResponseOID":"5F9F3525-4F41-437C-A65D-8E8F5463DF14","StepOrder":"4","Threshold":"2.9655"}]},{"FormItemOID":"0A2712B1-F585-4EEC-93A5-F6406BAA71DF","ID":"EDDEP35","A_GRM":"3.10586","Map":[{"ItemResponseOID":"242714D4-073B-4DFA-8A91-85DF33F1E89B","StepOrder":"1","Threshold":"0.0437"},{"ItemResponseOID":"4DA6A99D-C575-4F7C-A081-11BBE1FCD273","StepOrder":"2","Threshold":"0.7224"},{"ItemResponseOID":"3D73D196-F52C-485D-848A-6D67C8366A31","StepOrder":"3","Threshold":"1.6388"},{"ItemResponseOID":"CE85F2FB-D67A-4978-B1BB-582F197A566E","StepOrder":"4","Threshold":"2.4715"}]},{"FormItemOID":"1183F5BA-CA2F-4A44-92FF-413B6065202C","ID":"EDDEP14","A_GRM":"2.33338","Map":[{"ItemResponseOID":"41F43173-6DFC-4B4D-AA05-C90FD5E8CED9","StepOrder":"1","Threshold":"0.1860"},{"ItemResponseOID":"D4456411-2F88-4702-B881-8229EEF9413C","StepOrder":"2","Threshold":"0.9473"},{"ItemResponseOID":"147F1493-8862-49C5-AE06-9920CF27EBA6","StepOrder":"3","Threshold":"1.7288"},{"ItemResponseOID":"E2F61376-1547-4B3E-AD35-D669D88B5DFC","StepOrder":"4","Threshold":"2.6326"}]},{"FormItemOID":"12FC21DA-6160-4ADF-9528-0A75A40E6FFA","ID":"EDDEP42","A_GRM":"2.36441","Map":[{"ItemResponseOID":"8F1340A3-F1F7-4796-A04B-F7C6513D6A2E","StepOrder":"1","Threshold":"0.2101"},{"ItemResponseOID":"A7A62F67-35B4-4E56-BAC5-8BEC3258C491","StepOrder":"2","Threshold":"0.9871"},{"ItemResponseOID":"B9DC1040-BD83-496A-B7EF-2E6F62668006","StepOrder":"3","Threshold":"1.9059"},{"ItemResponseOID":"8BD5DE78-C3C4-403D-9AB6-E69289531604","StepOrder":"4","Threshold":"2.9338"}]},{"FormItemOID":"1930C3B4-DBD1-4D23-875C-AE6E463D08A5","ID":"EDDEP39","A_GRM":"3.13121","Map":[{"ItemResponseOID":"AB746F47-B49C-42DF-94C3-3B4EC4517C9C","StepOrder":"1","Threshold":"0.9180"},{"ItemResponseOID":"CA9D4342-D6DF-4B55-B2CD-DF40E14F9E1B","StepOrder":"2","Threshold":"1.4813"},{"ItemResponseOID":"3E51F6D5-2F62-4A08-B338-DEBBF5A13D7D","StepOrder":"3","Threshold":"2.1640"},{"ItemResponseOID":"5D4F05A6-C02C-4532-A8BB-9DB778C507E7","StepOrder":"4","Threshold":"2.8564"}]},{"FormItemOID":"20023145-A4E1-4347-8128-BE19F6E8A739","ID":"EDDEP04","A_GRM":"4.26142","Map":[{"ItemResponseOID":"A07357E9-4A7D-4292-985A-8ADF2AA6CCA3","StepOrder":"1","Threshold":"0.4011"},{"ItemResponseOID":"E38D4348-A7CA-4506-847F-F6919DBEF206","StepOrder":"2","Threshold":"0.9757"},{"ItemResponseOID":"A8B946F2-5485-4789-9CA3-6BF3EE790752","StepOrder":"3","Threshold":"1.6963"},{"ItemResponseOID":"8EE5E4F3-E2C8-4759-A3AC-2CBFE28F60D0","StepOrder":"4","Threshold":"2.4441"}]},{"FormItemOID":"357FAC8E-B224-492C-A502-B157CD763CF6","ID":"EDDEP27","A_GRM":"2.92006","Map":[{"ItemResponseOID":"BC30881A-E865-4E95-A020-DCFDA32906A9","StepOrder":"1","Threshold":"0.2043"},{"ItemResponseOID":"CD65B29A-586F-421E-B10F-D3C5F2998A45","StepOrder":"2","Threshold":"0.8909"},{"ItemResponseOID":"B133A375-E230-46D7-A164-0B01A954F8B7","StepOrder":"3","Threshold":"1.6547"},{"ItemResponseOID":"A9897684-E6E4-4F3F-A316-65591F1BC0AF","StepOrder":"4","Threshold":"2.5284"}]},{"FormItemOID":"3E92B09E-ADCE-41A9-910D-94D083EC3370","ID":"EDDEP05","A_GRM":"3.93174","Map":[{"ItemResponseOID":"73F0262A-FAD9-478A-A305-A2A970E2E55E","StepOrder":"1","Threshold":"0.3049"},{"ItemResponseOID":"ED330DB3-41F5-4B29-9623-1036A8DF593A","StepOrder":"2","Threshold":"0.9131"},{"ItemResponseOID":"0C8AA3DB-8651-487D-80AE-3CD9C1D7878B","StepOrder":"3","Threshold":"1.5935"},{"ItemResponseOID":"5C1399B5-266B-4736-A420-563C602E4DAE","StepOrder":"4","Threshold":"2.4117"}]},{"FormItemOID":"4CCE9B01-2906-4081-B697-1AD7BAA891AF","ID":"EDDEP06","A_GRM":"4.14476","Map":[{"ItemResponseOID":"81DC1AF0-009C-4F4A-8238-05AC921D400E","StepOrder":"1","Threshold":"0.3501"},{"ItemResponseOID":"350BE304-7826-4C23-8003-7B801E1497F2","StepOrder":"2","Threshold":"0.9153"},{"ItemResponseOID":"34134169-7A2E-4CF9-82F9-EE239497594F","StepOrder":"3","Threshold":"1.6782"},{"ItemResponseOID":"3F4D4B43-2028-45A1-A3C2-0C94E0D0DCCE","StepOrder":"4","Threshold":"2.4705"}]},{"FormItemOID":"69C7CC04-28B1-46F0-8CE1-E58552D1CB22","ID":"EDDEP31","A_GRM":"3.18287","Map":[{"ItemResponseOID":"8314ABFC-7595-4E8A-AD48-A6F86CF29BFD","StepOrder":"1","Threshold":"-0.2609"},{"ItemResponseOID":"03133A75-C4FF-471C-B3EE-A290BFE50E8E","StepOrder":"2","Threshold":"0.3968"},{"ItemResponseOID":"2EB728EC-79C9-4696-AEE2-6EBDB2E1648E","StepOrder":"3","Threshold":"1.3055"},{"ItemResponseOID":"C0D66CEE-C8A2-4F8C-912D-793D38BEE473","StepOrder":"4","Threshold":"2.1340"}]},{"FormItemOID":"6AE40ECF-A397-4AAB-934E-802DFE9F8A10","ID":"EDDEP23","A_GRM":"2.56443","Map":[{"ItemResponseOID":"D119D268-6CCC-41CF-A956-86C45DDC39F6","StepOrder":"1","Threshold":"-0.0384"},{"ItemResponseOID":"B1C31ADD-DF3F-4F4D-A09B-A79E69DFA5FE","StepOrder":"2","Threshold":"0.6927"},{"ItemResponseOID":"7173ED78-C6E0-418E-B0E3-19E5BA38594C","StepOrder":"3","Threshold":"1.6528"},{"ItemResponseOID":"0CF3CF7F-C9A8-48FA-9C00-4240ABC975F7","StepOrder":"4","Threshold":"2.5836"}]},{"FormItemOID":"6CB7D9BF-193A-4844-B508-DE48F0712452","ID":"EDDEP54","A_GRM":"2.68530","Map":[{"ItemResponseOID":"3F8A1FA8-77C9-4DBD-BEC1-ABD4FB835441","StepOrder":"1","Threshold":"-0.2988"},{"ItemResponseOID":"25F49AB0-9492-4A61-9580-A467025F4F8A","StepOrder":"2","Threshold":"0.4235"},{"ItemResponseOID":"0ABAD533-EB82-4D7C-AC2E-5F8F6220C27D","StepOrder":"3","Threshold":"1.3579"},{"ItemResponseOID":"AB570405-456B-43F1-BFD7-27F71C94DF05","StepOrder":"4","Threshold":"2.3076"}]},{"FormItemOID":"71B6D29C-679F-4509-B9CD-290A4339E067","ID":"EDDEP19","A_GRM":"3.24097","Map":[{"ItemResponseOID":"FEE5DB41-5066-4A7F-9294-377B2438EB8B","StepOrder":"1","Threshold":"0.4605"},{"ItemResponseOID":"60F29A9B-5FD1-495B-930F-74BCA4D98746","StepOrder":"2","Threshold":"1.0344"},{"ItemResponseOID":"06657B40-3C25-4B0B-8558-5DC5BA27123B","StepOrder":"3","Threshold":"1.8336"},{"ItemResponseOID":"2EF26308-32BA-4DFC-8451-FB4CD3EFE636","StepOrder":"4","Threshold":"2.5147"}]},{"FormItemOID":"72B9318A-8E9C-4C18-AC41-8A9011BE890E","ID":"EDDEP30","A_GRM":"2.61285","Map":[{"ItemResponseOID":"B667C92D-8BAB-4565-8F9E-4593B372108C","StepOrder":"1","Threshold":"-0.0234"},{"ItemResponseOID":"4E161999-98AE-4129-A1C5-B22D0A99E721","StepOrder":"2","Threshold":"0.8684"},{"ItemResponseOID":"A6E83484-7EB8-45A5-BBE5-7AD69BB3F9EE","StepOrder":"3","Threshold":"1.8643"},{"ItemResponseOID":"96511215-35C8-4A47-9BD0-D2E57820BCEB","StepOrder":"4","Threshold":"2.8263"}]},{"FormItemOID":"785EB9F3-D9FA-40DC-BE7C-133F4895BC8F","ID":"EDDEP46","A_GRM":"2.38063","Map":[{"ItemResponseOID":"CEE739E0-4CF7-4823-97F3-69B55AC179AB","StepOrder":"1","Threshold":"-0.4579"},{"ItemResponseOID":"54F36E3B-5932-44BE-B639-645AD461F3B7","StepOrder":"2","Threshold":"0.4780"},{"ItemResponseOID":"8B2026FE-1887-4B4C-9E24-24A858CAFA32","StepOrder":"3","Threshold":"1.5457"},{"ItemResponseOID":"3DD8DB55-1265-44E7-8E35-54E0CD0DF6F3","StepOrder":"4","Threshold":"2.6315"}]},{"FormItemOID":"93968B45-8E1B-47B6-AB23-5E32A6C737FC","ID":"EDDEP22","A_GRM":"3.97003","Map":[{"ItemResponseOID":"B2680A4E-8614-429E-8D8C-E0147A9826EB","StepOrder":"1","Threshold":"0.2038"},{"ItemResponseOID":"258DC9DC-F0FD-4DB2-92C3-9CBF6935AFDF","StepOrder":"2","Threshold":"0.7955"},{"ItemResponseOID":"8B0BFC5B-A6B9-4ECE-9059-C7117E3E0918","StepOrder":"3","Threshold":"1.6487"},{"ItemResponseOID":"72630BD2-C58E-4095-B678-A36A88881FDA","StepOrder":"4","Threshold":"2.2955"}]},{"FormItemOID":"9713BEDA-C2ED-4E22-A477-6206AD09D1AB","ID":"EDDEP48","A_GRM":"3.18524","Map":[{"ItemResponseOID":"29BA060B-4F9E-41E8-82B3-B257730D4B4B","StepOrder":"1","Threshold":"0.1981"},{"ItemResponseOID":"88CC51BB-17E0-4E00-8FE5-5F8C8D095F54","StepOrder":"2","Threshold":"0.7819"},{"ItemResponseOID":"69A71286-BDA1-4A6E-A1A4-B0AF69FF4586","StepOrder":"3","Threshold":"1.5258"},{"ItemResponseOID":"47A6931A-363A-4F45-B489-4F4D505E6782","StepOrder":"4","Threshold":"2.3241"}]},{"FormItemOID":"9E9B03F7-72BC-4876-9B2F-6892FAD1821E","ID":"EDDEP44","A_GRM":"2.54916","Map":[{"ItemResponseOID":"6C34BB6D-09A5-4AE8-A261-047BA97479E5","StepOrder":"1","Threshold":"0.1935"},{"ItemResponseOID":"EFE9921A-C626-451D-B54D-2A8A2600E196","StepOrder":"2","Threshold":"1.0117"},{"ItemResponseOID":"0C9ABCA4-05CD-4536-B62C-DF255855FD1D","StepOrder":"3","Threshold":"2.0131"},{"ItemResponseOID":"EF5CCB6E-D1EC-4B0D-B59B-FA1F99BF1B62","StepOrder":"4","Threshold":"3.1265"}]},{"FormItemOID":"A343103B-63E4-4E5A-BCC4-7DD1BA3C3AC4","ID":"EDDEP28","A_GRM":"2.58834","Map":[{"ItemResponseOID":"3233EE4E-6877-499A-BA7F-F4EC9E46B1F3","StepOrder":"1","Threshold":"-0.0791"},{"ItemResponseOID":"DA5E9980-4750-4779-B7C9-07FB2177F6A1","StepOrder":"2","Threshold":"0.6326"},{"ItemResponseOID":"E81AFD05-03BC-4ABC-8EAB-27161AB762F0","StepOrder":"3","Threshold":"1.4773"},{"ItemResponseOID":"2243214F-F661-4039-AD45-F12EE28F2C53","StepOrder":"4","Threshold":"2.3277"}]},{"FormItemOID":"AEB3875F-94FD-4056-8678-7BF3978C56C5","ID":"EDDEP21","A_GRM":"2.73610","Map":[{"ItemResponseOID":"B2E3D971-989F-4900-AF4E-A6ACE3AE8790","StepOrder":"1","Threshold":"0.0725"},{"ItemResponseOID":"D3014463-2D83-4BF7-83F5-50EDB332B564","StepOrder":"2","Threshold":"0.8098"},{"ItemResponseOID":"C319D756-BCE4-4942-84ED-15FDF61F84B7","StepOrder":"3","Threshold":"1.8031"},{"ItemResponseOID":"D8335B41-D8BE-463B-9CF6-B970726ACADB","StepOrder":"4","Threshold":"2.6734"}]},{"FormItemOID":"AF764CFD-9C0C-4E15-870B-0554D2B41614","ID":"EDDEP26","A_GRM":"3.09337","Map":[{"ItemResponseOID":"9F5F1831-DFCD-4482-9CC3-37042751CF88","StepOrder":"1","Threshold":"-0.3576"},{"ItemResponseOID":"F00FBE99-E427-4FA2-B177-BC448316AA30","StepOrder":"2","Threshold":"0.4125"},{"ItemResponseOID":"273A09EB-A204-4828-AC3E-BBC3686BA19E","StepOrder":"3","Threshold":"1.4039"},{"ItemResponseOID":"4749462A-5FA3-4A57-95B3-0135EDE6EA99","StepOrder":"4","Threshold":"2.2240"}]},{"FormItemOID":"DEE2D9CA-0094-492A-AA25-D4D53D426976","ID":"EDDEP29","A_GRM":"4.34292","Map":[{"ItemResponseOID":"BF2FFE4B-53FA-45B7-8464-58A1E84B49DD","StepOrder":"1","Threshold":"-0.1173"},{"ItemResponseOID":"D96D8FBD-C726-4D34-8C3C-2B4377C0438B","StepOrder":"2","Threshold":"0.5977"},{"ItemResponseOID":"23EC60A7-53E7-4BE2-BCDB-2D70365D0EF7","StepOrder":"3","Threshold":"1.4282"},{"ItemResponseOID":"67032EB7-497B-4021-91CB-4DBB5C995FED","StepOrder":"4","Threshold":"2.2725"}]},{"FormItemOID":"EF802F4C-E3EF-4DEF-8A38-9C1CF55D9DD2","ID":"EDDEP07","A_GRM":"2.80180","Map":[{"ItemResponseOID":"FF0BE340-65E5-499B-9C0B-550740084A87","StepOrder":"1","Threshold":"0.1477"},{"ItemResponseOID":"EFC1711B-EADE-4495-878B-F56F0C2B0ADF","StepOrder":"2","Threshold":"0.7723"},{"ItemResponseOID":"87854E7B-0D3A-4DE1-B3A1-1A1DAA7AFC42","StepOrder":"3","Threshold":"1.6027"},{"ItemResponseOID":"35C4F96B-2A9C-4D36-A6D3-3DEA0C1B19DF","StepOrder":"4","Threshold":"2.5381"}]},{"FormItemOID":"F1BBB664-7C68-49EC-AB50-767CDFD947BA","ID":"EDDEP41","A_GRM":"4.45416","Map":[{"ItemResponseOID":"CAC523E3-B5BC-4F97-97B8-275ECAD15856","StepOrder":"1","Threshold":"0.5584"},{"ItemResponseOID":"0B55633D-A218-4A8A-B149-983218FA7E14","StepOrder":"2","Threshold":"1.0742"},{"ItemResponseOID":"BB3E3949-94BF-4D49-A3AB-416605DE9AF1","StepOrder":"3","Threshold":"1.7793"},{"ItemResponseOID":"A8CE7010-2E45-4DEC-A6BC-5F997CA202CF","StepOrder":"4","Threshold":"2.5301"}]},{"FormItemOID":"F613262A-CA2A-40A6-9657-A7594CA74A2F","ID":"EDDEP36","A_GRM":"3.48301","Map":[{"ItemResponseOID":"9A100754-FFE6-473A-AA85-7EA7F4EBA936","StepOrder":"1","Threshold":"-0.5359"},{"ItemResponseOID":"C104523D-D76A-44A6-9F86-51B684FA7FEA","StepOrder":"2","Threshold":"0.3476"},{"ItemResponseOID":"B2B6796D-7D4E-4928-929C-3162ADC0FADD","StepOrder":"3","Threshold":"1.3468"},{"ItemResponseOID":"647FCBB9-AC9D-4E0B-B31E-0FC65B2AD0B3","StepOrder":"4","Threshold":"2.3548"}]}]}
