{"FormOID":"9A2F920A-F470-4F3A-B82E-EC9D19F38F8D","Form":"PROMIS Social Informational Support Bank Version 2","Properties":[{"MinNumItems":"4"},{"MaxNumItems":"12"},{"IRTModel":"0"},{"SelectionMethod":"1"},{"MinTheta":"-4.00"},{"MaxTheta":"4.00"},{"ThetaIncrement":"0.1000"},{"MaxStdErr":"0.30"},{"SelectionGroupSize":"1"},{"LogisticScaling":"1.0000"},{"DistMean":"0.00"},{"DistStdDev":"1.00"},{"FirstItem":""},{"CalibrationSample":"SocialSupplement"},{"SetSelectionMethod":"Instance"}],"Items":[{"FormItemOID":"088D2263-430C-4231-AB3A-AC5CD16629EC","ID":"INF-CaPS1","A_GRM":"2.76097","Map":[{"ItemResponseOID":"5EC82A38-74B5-487F-A977-375D0164952B","StepOrder":"1","Threshold":"-1.8275"},{"ItemResponseOID":"F72E35B2-B2B3-4478-8991-4030FE1D6B92","StepOrder":"2","Threshold":"-0.9151"},{"ItemResponseOID":"FF831A73-243C-4334-AE83-EB2C0068B75F","StepOrder":"3","Threshold":"0.1093"},{"ItemResponseOID":"719835D5-5B09-4B6A-B856-D175D8149DD6","StepOrder":"4","Threshold":"1.1399"}]},{"FormItemOID":"2D97CECB-89B8-4C3D-8D05-A64FDC13BB64","ID":"FSE31054x2","A_GRM":"5.14644","Map":[{"ItemResponseOID":"0958C0E9-894E-44F9-AAF8-E59F9A944B7E","StepOrder":"1","Threshold":"-1.7237"},{"ItemResponseOID":"BD1134FC-7591-4BEC-BD32-20D15F45FBEB","StepOrder":"2","Threshold":"-1.0292"},{"ItemResponseOID":"8783D972-72F7-4309-A9BE-A4472044841D","StepOrder":"3","Threshold":"-0.2362"},{"ItemResponseOID":"A743476D-5F51-4681-8CAD-38423398979F","StepOrder":"4","Threshold":"0.6047"}]},{"FormItemOID":"4113E010-094E-45BE-B0C8-D8AD44BCFDDB","ID":"INF-CaPS4","A_GRM":"2.57927","Map":[{"ItemResponseOID":"4283DF23-1C59-407E-986C-6702A6B8379B","StepOrder":"1","Threshold":"-1.8133"},{"ItemResponseOID":"E99D9C7C-C4B0-4348-BB09-EB195FD23439","StepOrder":"2","Threshold":"-0.8763"},{"ItemResponseOID":"5DF4FECD-F966-4713-B5FE-A74F2F45BDB3","StepOrder":"3","Threshold":"0.3162"},{"ItemResponseOID":"6ED0B580-B284-4FD8-BA5A-A0202F331F74","StepOrder":"4","Threshold":"1.3779"}]},{"FormItemOID":"780F820D-C7A4-4358-BFC9-49276DCE19DC","ID":"INF-CaPS2","A_GRM":"3.88948","Map":[{"ItemResponseOID":"347682C3-9F5E-4D4F-AE45-07F75A4ACAC7","StepOrder":"1","Threshold":"-1.8693"},{"ItemResponseOID":"EFA881F1-A2B6-43A1-AA60-A94456E11B5E","StepOrder":"2","Threshold":"-1.0696"},{"ItemResponseOID":"798C8401-5C03-4044-87FB-D3DC64A45134","StepOrder":"3","Threshold":"-0.1182"},{"ItemResponseOID":"3DEC4CC9-06DF-4BB8-95E6-BAEC894E4761","StepOrder":"4","Threshold":"0.9541"}]},{"FormItemOID":"B5BC66B6-2245-446B-8A9C-4BD85F9AA46B","ID":"SS7x","A_GRM":"4.64110","Map":[{"ItemResponseOID":"94A73FCA-BBA0-4FEB-9153-7831EE93FF7F","StepOrder":"1","Threshold":"-1.8014"},{"ItemResponseOID":"F10CD3B8-E017-401C-B34B-0CBA5FEA80DA","StepOrder":"2","Threshold":"-1.0455"},{"ItemResponseOID":"D0D09F3E-AB23-438E-B706-2987627A16EB","StepOrder":"3","Threshold":"-0.2894"},{"ItemResponseOID":"DB95BE98-5A0E-40D4-A673-7036A549D39C","StepOrder":"4","Threshold":"0.5998"}]},{"FormItemOID":"CD3596A4-0787-488C-B464-5B3ED465691F","ID":"SSQ7x","A_GRM":"3.37114","Map":[{"ItemResponseOID":"E2297DEB-DECD-480A-B3BA-3473854D3551","StepOrder":"1","Threshold":"-1.8992"},{"ItemResponseOID":"CF3DF94A-D3D4-425A-9479-57B87B9A3367","StepOrder":"2","Threshold":"-1.0605"},{"ItemResponseOID":"1CA7F5D1-BEA7-4A54-904A-4B674C17B355","StepOrder":"3","Threshold":"0.0285"},{"ItemResponseOID":"F810E9A2-BD28-451E-8F83-19F371CD5D8C","StepOrder":"4","Threshold":"1.0206"}]},{"FormItemOID":"D98C817C-BE79-450C-A551-91615FA28A3A","ID":"SSQ5x","A_GRM":"2.46960","Map":[{"ItemResponseOID":"41D86685-A36F-4E15-91B3-9A3430EE52FB","StepOrder":"1","Threshold":"-1.6370"},{"ItemResponseOID":"D98B7984-D561-4445-9907-B0FC9588D3A4","StepOrder":"2","Threshold":"-0.8913"},{"ItemResponseOID":"D5D5C983-B226-4D4C-B8A6-3A47FDD7D613","StepOrder":"3","Threshold":"-0.2529"},{"ItemResponseOID":"3D760349-4983-42C8-A874-97D9961F627C","StepOrder":"4","Threshold":"0.5912"}]},{"FormItemOID":"F353457F-8C31-4909-91B7-24DC5578BBA8","ID":"INF-CaPS3","A_GRM":"4.33970","Map":[{"ItemResponseOID":"A892076D-815C-46BD-81D8-C3EE219406F2","StepOrder":"1","Threshold":"-1.8148"},{"ItemResponseOID":"C11F2F0E-F7DB-4AD7-9C5D-9DE7D0FB8A5C","StepOrder":"2","Threshold":"-1.0353"},{"ItemResponseOID":"AC80D143-6D0F-49F4-A009-9BFE9BB75575","StepOrder":"3","Threshold":"-0.3098"},{"ItemResponseOID":"3B911F50-2D18-4A8C-A73A-2342832FFF82","StepOrder":"4","Threshold":"0.5777"}]},{"FormItemOID":"F53751F6-BA49-4E2F-89F4-F954C42CE52B","ID":"FSE31058x2","A_GRM":"4.21638","Map":[{"ItemResponseOID":"43C0E45A-5F76-4DFF-B809-4C5F3F5F48B3","StepOrder":"1","Threshold":"-1.9425"},{"ItemResponseOID":"5F1D4D12-ADEE-4E81-A93D-42241AD9DC43","StepOrder":"2","Threshold":"-1.2691"},{"ItemResponseOID":"D15B7D6C-443C-4250-89A5-A01BE53562C8","StepOrder":"3","Threshold":"-0.2813"},{"ItemResponseOID":"56708296-CED0-4243-8733-9F2DBAFEB8F2","StepOrder":"4","Threshold":"0.6966"}]},{"FormItemOID":"FF4C0567-985E-4DB4-B44B-0D0DDAA88866","ID":"INF-CaPS5","A_GRM":"2.90318","Map":[{"ItemResponseOID":"72DF3EB0-3493-41A0-9C8E-D37C2FC3C85E","StepOrder":"1","Threshold":"-1.6074"},{"ItemResponseOID":"80BC6D27-7764-4674-A63E-60F234A139EC","StepOrder":"2","Threshold":"-0.9379"},{"ItemResponseOID":"47BE73FC-5E15-458F-94E3-7CE4242BADA0","StepOrder":"3","Threshold":"-0.0045"},{"ItemResponseOID":"040620AD-66F0-4BB3-85D7-C5D8A9A4D4D5","StepOrder":"4","Threshold":"0.9755"}]}]}
