{"FormOID":"A18B37B1-8193-42E9-8AEE-D8EE6BCB18F2","Form":"Physical Function Bank split into Mobility items","Properties":[{"MinNumItems":"4"},{"MaxNumItems":"12"},{"IRTModel":"0"},{"SelectionMethod":"1"},{"MinTheta":"-4.00"},{"MaxTheta":"4.00"},{"ThetaIncrement":"0.1000"},{"MaxStdErr":"0.30"},{"SelectionGroupSize":"1"},{"LogisticScaling":"1.0000"},{"DistMean":"0.00"},{"DistStdDev":"1.00"},{"FirstItem":""},{"CalibrationSample":"Promis Wave 1"},{"SetSelectionMethod":"Instance"}],"Items":[{"FormItemOID":"1D993E45-F9F9-4B2F-94AB-DB3DD9FBBC83","ID":"PFA23","A_GRM":"4.28753","Map":[{"ItemResponseOID":"12EEB337-2807-4C59-9233-808818367292","StepOrder":"2","Threshold":"-1.9146"},{"ItemResponseOID":"8EB0DB4F-2D92-454D-8F6C-9C5D44C8697A","StepOrder":"3","Threshold":"-1.5792"},{"ItemResponseOID":"9E84EF62-0D19-47D5-B796-4C388DDF026C","StepOrder":"4","Threshold":"-1.1944"},{"ItemResponseOID":"7F2E6563-5801-4EF6-ACE6-5F90FE6D4E74","StepOrder":"5","Threshold":"-0.6814"}]},{"FormItemOID":"36E16B74-C2B6-4AEF-8BFC-65D822BDBEB3","ID":"PFC37","A_GRM":"4.45984","Map":[{"ItemResponseOID":"F936AF18-F2F2-4A62-B769-58C3B1A0E5D8","StepOrder":"2","Threshold":"-2.3092"},{"ItemResponseOID":"5DB64085-6273-459C-AC6E-B020A0AC4C7D","StepOrder":"3","Threshold":"-1.6285"},{"ItemResponseOID":"76440378-6C1C-48B5-A331-0E0233F5C72B","StepOrder":"4","Threshold":"-1.0464"},{"ItemResponseOID":"48B0752A-E298-4B2E-B8D7-92D67980878B","StepOrder":"5","Threshold":"-0.5728"}]},{"FormItemOID":"43D511D0-CEA3-4661-B890-F99CBDDF39DF","ID":"PFB10","A_GRM":"3.73005","Map":[{"ItemResponseOID":"239D3F2D-0C9F-40B9-9112-5435B3EA7A3F","StepOrder":"2","Threshold":"-2.5953"},{"ItemResponseOID":"6C76BED0-3041-424C-987B-06B47E0953E7","StepOrder":"3","Threshold":"-2.0725"},{"ItemResponseOID":"775203DD-CC1C-41E7-AB19-32F18441C4BC","StepOrder":"4","Threshold":"-1.5792"},{"ItemResponseOID":"BAE50D45-9287-482C-A408-05A98A44147A","StepOrder":"5","Threshold":"-1.0859"}]},{"FormItemOID":"573C6DC9-55A7-47F4-B492-131D2BDCEEDF","ID":"PFA31r1","A_GRM":"3.26000","Map":[{"ItemResponseOID":"86AEDBD6-D49E-42ED-8C50-B114D22FF694","StepOrder":"1","Threshold":"-2.1300"},{"ItemResponseOID":"79910E73-AD53-4908-82C8-79321A739661","StepOrder":"2","Threshold":"-1.5500"},{"ItemResponseOID":"BE20B587-3B15-4425-93CF-B2886C964286","StepOrder":"3","Threshold":"-1.0500"},{"ItemResponseOID":"1061FD1B-EDE4-4A65-8726-33E3162E380E","StepOrder":"4","Threshold":"-0.3100"}]},{"FormItemOID":"61A31462-4C03-4A4B-AD38-F330613AD373","ID":"PFC10","A_GRM":"4.19630","Map":[{"ItemResponseOID":"2F63113C-0E91-47C9-A31E-2BBF71AD1215","StepOrder":"2","Threshold":"-1.8061"},{"ItemResponseOID":"2672D1ED-2B08-4527-ACDC-8189F1178861","StepOrder":"3","Threshold":"-1.1451"},{"ItemResponseOID":"57F3F6A5-F57C-4A50-811D-4186DBBED69C","StepOrder":"4","Threshold":"-0.5630"},{"ItemResponseOID":"F0EF1F78-30E7-4DEE-A55A-052E4C34AFA0","StepOrder":"5","Threshold":"-0.1092"}]},{"FormItemOID":"6D41A8D0-7D40-469C-8EE2-0E49A210B23A","ID":"PFA21","A_GRM":"4.23685","Map":[{"ItemResponseOID":"C610ECA0-82B5-4949-986E-37B9758B5A01","StepOrder":"2","Threshold":"-1.8850"},{"ItemResponseOID":"26645DFF-E616-45FF-BE4C-07DD3C6E760C","StepOrder":"3","Threshold":"-1.4805"},{"ItemResponseOID":"7B0D4676-2C2A-45C9-81E4-6AE99ECB8E00","StepOrder":"4","Threshold":"-1.0464"},{"ItemResponseOID":"2DBF1B5F-5641-4CEB-B1A6-F378D2627B52","StepOrder":"5","Threshold":"-0.3953"}]},{"FormItemOID":"96C37D56-C018-4819-A26C-E31BC00B4381","ID":"PFA10","A_GRM":"3.37529","Map":[{"ItemResponseOID":"6864ED66-12BD-426B-9663-704010126025","StepOrder":"2","Threshold":"-1.7469"},{"ItemResponseOID":"D66BCBA0-5608-49B8-AEDA-79BC96189F1D","StepOrder":"3","Threshold":"-1.3522"},{"ItemResponseOID":"E3470FE2-F906-4B69-B341-6762390EE1EF","StepOrder":"4","Threshold":"-0.9182"},{"ItemResponseOID":"0A670AFC-63DC-4AD1-A07B-7EC3FC211365","StepOrder":"5","Threshold":"-0.3361"}]},{"FormItemOID":"970D04A5-1EA5-4332-9F50-63B8B73FB4D6","ID":"PFB49","A_GRM":"3.57801","Map":[{"ItemResponseOID":"8F9ABFF8-4AEC-40A7-A290-07C5BF243BED","StepOrder":"2","Threshold":"-2.1908"},{"ItemResponseOID":"19F853BF-D880-4EFF-AA74-46A71B420A17","StepOrder":"3","Threshold":"-1.6778"},{"ItemResponseOID":"D431FECF-2558-4533-919F-267C449A5B2A","StepOrder":"4","Threshold":"-1.1845"},{"ItemResponseOID":"7D340FE5-5292-4FB0-819A-4B5ACD965615","StepOrder":"5","Threshold":"-0.7406"}]},{"FormItemOID":"998DA816-EB1D-4C24-960A-40597F329BBC","ID":"PFB42","A_GRM":"3.09148","Map":[{"ItemResponseOID":"0A64049C-45B4-410B-86C1-A95B2A8B4B98","StepOrder":"2","Threshold":"-2.0133"},{"ItemResponseOID":"3CB09CF3-13D3-4BFA-ACFD-E22A10F93FEE","StepOrder":"3","Threshold":"-1.6581"},{"ItemResponseOID":"B54ECD2C-5DBF-44D1-8319-2750C858C6C3","StepOrder":"4","Threshold":"-1.2635"},{"ItemResponseOID":"93822E94-9EEB-4C91-BE37-D9A18EFB7E7C","StepOrder":"5","Threshold":"-0.7208"}]},{"FormItemOID":"9CA0D87F-9F6F-4381-8158-D9927C090925","ID":"PFB32","A_GRM":"3.40570","Map":[{"ItemResponseOID":"F3FA8430-442A-4334-80CD-7C59B08BEB37","StepOrder":"2","Threshold":"-2.4671"},{"ItemResponseOID":"1D782780-B16B-4091-A7B2-D7AA51EB1150","StepOrder":"3","Threshold":"-2.1218"},{"ItemResponseOID":"481A1318-2F7C-4D6E-A8AA-8354E5554A69","StepOrder":"4","Threshold":"-1.6581"},{"ItemResponseOID":"433D9FEA-8382-4FAE-9068-66EBC09099C8","StepOrder":"5","Threshold":"-1.1352"}]},{"FormItemOID":"C7E9A008-31B7-4911-8C3B-272096842B67","ID":"PFB9","A_GRM":"3.58814","Map":[{"ItemResponseOID":"119D5673-B26B-491C-BB2B-20F913B66DF2","StepOrder":"2","Threshold":"-1.6482"},{"ItemResponseOID":"9882721B-EEC0-403B-B59A-67AFE413578F","StepOrder":"3","Threshold":"-1.2832"},{"ItemResponseOID":"E203CD23-0CBA-4848-AD72-898A33CA19EA","StepOrder":"4","Threshold":"-0.8787"},{"ItemResponseOID":"F121B6C0-E688-4089-A68A-912AE6475BD5","StepOrder":"5","Threshold":"-0.3657"}]},{"FormItemOID":"D3CB3F53-E788-40DC-9A53-0B9109D5E3C6","ID":"PFB40","A_GRM":"3.02053","Map":[{"ItemResponseOID":"F6CDA399-7B60-492F-8E19-3D9E39D9446F","StepOrder":"2","Threshold":"-2.2796"},{"ItemResponseOID":"17285461-235C-4E8A-9E93-B472EA78FE34","StepOrder":"3","Threshold":"-1.9146"},{"ItemResponseOID":"AF25CB41-F140-4F9E-84E0-10BC0B3694C1","StepOrder":"4","Threshold":"-1.5496"},{"ItemResponseOID":"24039ECE-99C7-43D6-9DF9-DBF393AA1A5E","StepOrder":"5","Threshold":"-0.9773"}]},{"FormItemOID":"D532DD31-8CF0-42E0-ABD2-AA9A062CCE66","ID":"PFC38","A_GRM":"4.33821","Map":[{"ItemResponseOID":"81907ECF-11B8-4A88-8E45-33C817A016A4","StepOrder":"2","Threshold":"-2.0429"},{"ItemResponseOID":"6E3546CD-63F4-4090-B4DE-E2AB7A0668D1","StepOrder":"3","Threshold":"-1.6877"},{"ItemResponseOID":"9B972EA0-794E-4FE5-8889-BB98B87B285C","StepOrder":"4","Threshold":"-1.2240"},{"ItemResponseOID":"0D9D7077-6CAA-4DD8-B6D7-7F3844594186","StepOrder":"5","Threshold":"-0.7110"}]},{"FormItemOID":"E41EC998-AD81-43F8-8B07-8DB395D1590E","ID":"PFA15","A_GRM":"3.19284","Map":[{"ItemResponseOID":"AACEF394-2392-41A0-BD70-577F0C3E6D4D","StepOrder":"2","Threshold":"-2.8025"},{"ItemResponseOID":"6229FF40-7A2B-4DFE-8A5E-CF9EB28D4CFE","StepOrder":"3","Threshold":"-2.1119"},{"ItemResponseOID":"F464CA15-2159-4823-8D5F-A42817C2CB94","StepOrder":"4","Threshold":"-1.5397"},{"ItemResponseOID":"E8A14689-3F7C-4D7D-884B-AA14BC1C42B1","StepOrder":"5","Threshold":"-0.7702"}]},{"FormItemOID":"FF4E7C68-06CC-47DB-8833-EFD52AEA3326","ID":"PFB24","A_GRM":"3.84154","Map":[{"ItemResponseOID":"680E158F-8B7E-4197-837D-EAD85FF4C8E1","StepOrder":"2","Threshold":"-1.4114"},{"ItemResponseOID":"41CEFB4B-5C2F-419B-B2D4-2E14C5BC740A","StepOrder":"3","Threshold":"-1.0859"},{"ItemResponseOID":"FE519D69-42EF-4C73-8B69-9787D4273F51","StepOrder":"4","Threshold":"-0.7406"},{"ItemResponseOID":"4D566384-8615-4BDC-A921-9B1F7EBB2C44","StepOrder":"5","Threshold":"-0.1289"}]}]}
