{"FormOID":"A2207272-A02D-4054-9F3A-6657F126145F","Form":"PROMIS 4-item Social InformationalSupport Short Form","Properties":[{"MinNumItems":"4"},{"MaxNumItems":"4"},{"IRTModel":"0"},{"SelectionMethod":"1"},{"MinTheta":"-4.00"},{"MaxTheta":"4.00"},{"ThetaIncrement":"0.1000"},{"MaxStdErr":"0.30"},{"SelectionGroupSize":"1"},{"LogisticScaling":"1.0000"},{"DistMean":"0.00"},{"DistStdDev":"1.00"},{"FirstItem":""},{"CalibrationSample":"SocialSupplement"},{"SetSelectionMethod":"Instance"}],"Items":[{"FormItemOID":"8E78A5E5-2011-4A3F-A26B-2FBFCF8957A7","ID":"SSQ7x","A_GRM":"3.37114","Map":[{"ItemResponseOID":"9C998560-5999-4AAB-B8F9-E0103D11B8C7","StepOrder":"1","Threshold":"-1.8992"},{"ItemResponseOID":"67EBA1EF-B260-4311-AB6C-9A2DC0606991","StepOrder":"2","Threshold":"-1.0605"},{"ItemResponseOID":"A47817AF-8C06-48C8-A866-0FC1DC529F88","StepOrder":"3","Threshold":"0.0285"},{"ItemResponseOID":"06AA94F9-5F58-401F-BCD2-5E45174F514C","StepOrder":"4","Threshold":"1.0206"}]},{"FormItemOID":"A25A92C9-A13B-4FCC-A349-A2C4115094A1","ID":"SS7x","A_GRM":"4.64110","Map":[{"ItemResponseOID":"9BD25499-FD9B-4678-A355-FB5310AF3DA1","StepOrder":"1","Threshold":"-1.8014"},{"ItemResponseOID":"20382800-4980-4E8C-B9CB-A9C7B85DC908","StepOrder":"2","Threshold":"-1.0455"},{"ItemResponseOID":"CDA01F75-07EB-4053-AE42-1072CED96EDD","StepOrder":"3","Threshold":"-0.2894"},{"ItemResponseOID":"04B42026-1DF4-4307-9EE2-7DFCFBDB6702","StepOrder":"4","Threshold":"0.5998"}]},{"FormItemOID":"E3CFF970-B1B6-4C23-8385-B1E5F0128F7A","ID":"FSE31054x2","A_GRM":"5.14644","Map":[{"ItemResponseOID":"534C58AC-A6C4-4F67-816C-3A86F1AD013B","StepOrder":"1","Threshold":"-1.7237"},{"ItemResponseOID":"6BD68E72-D839-4D45-A3F8-5F2E00A6E0C0","StepOrder":"2","Threshold":"-1.0292"},{"ItemResponseOID":"098E995C-2D1E-466B-A42D-AFE66FB5A3D7","StepOrder":"3","Threshold":"-0.2362"},{"ItemResponseOID":"E351285B-90EB-42DA-9139-35DA5C285FB9","StepOrder":"4","Threshold":"0.6047"}]},{"FormItemOID":"E4BAC8D1-11D0-42A0-B1B8-B9972ADF9AE8","ID":"FSE31058x2","A_GRM":"4.21638","Map":[{"ItemResponseOID":"AF6E0019-EA0A-4807-8269-BE1ED0DB499B","StepOrder":"1","Threshold":"-1.9425"},{"ItemResponseOID":"EC764A11-D429-43B1-AE0B-EC676D2B66C4","StepOrder":"2","Threshold":"-1.2691"},{"ItemResponseOID":"931A5038-02F6-44BC-ABB7-B4288F8621F8","StepOrder":"3","Threshold":"-0.2813"},{"ItemResponseOID":"EA6FAB68-B924-4371-BB17-CA7AECDC99F5","StepOrder":"4","Threshold":"0.6966"}]}]}
