{"FormOID":"A98737F8-98C7-4759-9955-FC2967291B64","Form":"PROMIS Parent Proxy Pain Interference Instrument ","Properties":[{"MinNumItems":"8"},{"MaxNumItems":"8"},{"IRTModel":"0"},{"SelectionMethod":"1"},{"MinTheta":"-4.00"},{"MaxTheta":"4.00"},{"ThetaIncrement":"0.1000"},{"MaxStdErr":"0.30"},{"SelectionGroupSize":"1"},{"LogisticScaling":"1.0000"},{"DistMean":"0.00"},{"DistStdDev":"1.00"},{"FirstItem":""},{"CalibrationSample":"Parent Proxy"},{"SetSelectionMethod":"Instance"}],"Items":[{"FormItemOID":"19A14BDC-17BC-4815-8549-8B376523BA5F","ID":"Pf3pain7","A_GRM":"2.53000","Map":[{"ItemResponseOID":"DF7EF6F4-DEAB-4D4C-AE61-11AF714D6DA0","StepOrder":"0","Threshold":"0.1600"},{"ItemResponseOID":"CCD58C27-1AB5-4701-801C-AEE060290B71","StepOrder":"1","Threshold":"0.8000"},{"ItemResponseOID":"118D8903-F474-4373-AD9B-551B95B16796","StepOrder":"2","Threshold":"1.7600"},{"ItemResponseOID":"F57C5BC9-2475-4BC1-B30A-30540B588815","StepOrder":"3","Threshold":"2.2800"}]},{"FormItemOID":"1CAA46E5-A074-448D-94DF-16574C72E2D4","ID":"Pf3pain2","A_GRM":"3.84000","Map":[{"ItemResponseOID":"5BC0485A-2EF2-48B5-8BA6-296BF22D45D1","StepOrder":"0","Threshold":"-0.1900"},{"ItemResponseOID":"16557150-FE60-466F-8697-CE39F3139D6C","StepOrder":"1","Threshold":"0.4900"},{"ItemResponseOID":"9CFB0C63-ABEB-4D30-B532-3D7E4100C046","StepOrder":"2","Threshold":"1.4600"},{"ItemResponseOID":"BFEA6A58-AD67-4D63-BAB1-97CA394ECA53","StepOrder":"3","Threshold":"1.9100"}]},{"FormItemOID":"2E60EE12-C64B-4522-B2D5-0B3CFAC24125","ID":"Pf2pain4","A_GRM":"3.02000","Map":[{"ItemResponseOID":"338C6FB1-26AF-4EEF-92BF-10179F29580C","StepOrder":"0","Threshold":"-0.0800"},{"ItemResponseOID":"37662298-FA71-4BFC-8D49-9E4D29FDAD46","StepOrder":"1","Threshold":"0.4700"},{"ItemResponseOID":"00034D69-FE02-4BB6-B653-149B3D1131F7","StepOrder":"2","Threshold":"1.1000"},{"ItemResponseOID":"B5935C09-712D-4180-A072-3F1457B11E87","StepOrder":"3","Threshold":"1.5000"}]},{"FormItemOID":"3F231877-1AEC-4EA1-83A1-CA8DD2206C53","ID":"Pf2pain5","A_GRM":"3.20000","Map":[{"ItemResponseOID":"8006C108-C34B-40EB-97C9-E51BD96791F1","StepOrder":"0","Threshold":"0.0500"},{"ItemResponseOID":"50CFEB04-7222-42F6-B350-D0E934208672","StepOrder":"1","Threshold":"0.7600"},{"ItemResponseOID":"EE0D8289-F752-4EB7-A7B4-59AF4F386DF9","StepOrder":"2","Threshold":"1.5300"},{"ItemResponseOID":"E832EFE1-359C-41E3-AD21-EFB8AC312612","StepOrder":"3","Threshold":"2.0700"}]},{"FormItemOID":"444197A2-A062-4EB9-9716-F462A172204E","ID":"Pf1pain4","A_GRM":"2.68000","Map":[{"ItemResponseOID":"20954177-1300-4E84-BD74-C1332D1B1F1C","StepOrder":"0","Threshold":"0.4600"},{"ItemResponseOID":"0172A9AF-C78D-4C20-B163-BC2A82D1E743","StepOrder":"1","Threshold":"0.9700"},{"ItemResponseOID":"4303C1B6-5016-4399-A3B0-69C8F7156C69","StepOrder":"2","Threshold":"1.5800"},{"ItemResponseOID":"E3529ABC-6869-4036-B513-CED545AB5728","StepOrder":"3","Threshold":"1.9200"}]},{"FormItemOID":"80E90F7D-F737-41C0-B97C-975497B37EA9","ID":"Pf4pain6","A_GRM":"2.90000","Map":[{"ItemResponseOID":"59F6AFE3-9A73-483A-99EA-8AC0669D5284","StepOrder":"0","Threshold":"0.2500"},{"ItemResponseOID":"9A29FBCA-6F8C-4F3E-A3C1-228E89E4AF69","StepOrder":"1","Threshold":"0.6900"},{"ItemResponseOID":"3D41AABD-4FB6-450A-A444-245906B0DF72","StepOrder":"2","Threshold":"1.4300"},{"ItemResponseOID":"62D4413D-25F9-4415-B059-A35CDAE3AE8E","StepOrder":"3","Threshold":"1.8700"}]},{"FormItemOID":"95808760-7E09-4897-978B-3236677D83BB","ID":"Pf2pain2","A_GRM":"3.54000","Map":[{"ItemResponseOID":"89DF4418-4AA6-472A-AA76-3614F3BBEEC7","StepOrder":"0","Threshold":"0.2300"},{"ItemResponseOID":"79760D68-C18B-426A-B2CA-F348C051EDBF","StepOrder":"1","Threshold":"0.8000"},{"ItemResponseOID":"428EAC81-4E92-4F04-8077-585ABFE5A169","StepOrder":"2","Threshold":"1.6500"},{"ItemResponseOID":"95A86DCB-8111-4AE6-BAA9-C0104FD8DCCA","StepOrder":"3","Threshold":"2.0800"}]},{"FormItemOID":"A98676DF-0374-4650-8E27-C5402D6161C0","ID":"Pf3pain4","A_GRM":"4.17000","Map":[{"ItemResponseOID":"2CDA180D-5D19-41B0-977C-F8F997EB06E0","StepOrder":"0","Threshold":"-0.2100"},{"ItemResponseOID":"FA179D2E-1872-4F19-9E42-52F68532C995","StepOrder":"1","Threshold":"0.3600"},{"ItemResponseOID":"4B0CC6FF-9110-4BCD-8F28-45DF063AAE60","StepOrder":"2","Threshold":"1.3200"},{"ItemResponseOID":"28C3C7D7-78A4-4EB6-AB3C-F2DD76C10441","StepOrder":"3","Threshold":"1.7200"}]}]}
