{"FormOID":"B04E56A8-53D4-47F0-A02D-477925E7DEE3","Form":"Experience of loss and feelings of hopelessness, negative mood, decrease in positive affect, information-processing deficits, negative views of the self.","Properties":[{"MinNumItems":"8"},{"MaxNumItems":"8"},{"IRTModel":"0"},{"SelectionMethod":"1"},{"MinTheta":"-4.00"},{"MaxTheta":"4.00"},{"ThetaIncrement":"0.1000"},{"MaxStdErr":"0.30"},{"SelectionGroupSize":"1"},{"LogisticScaling":"1.0000"},{"DistMean":"0.00"},{"DistStdDev":"1.00"},{"FirstItem":""},{"CalibrationSample":"Wave 1B"},{"SetSelectionMethod":"Instance"}],"Items":[{"FormItemOID":"0F5352B1-B0E2-44E0-9107-656634B352E1","ID":"EDDEP48","A_GRM":"4.98996","Map":[{"ItemResponseOID":"061FDAB6-35E3-414B-B62C-2D75528A2641","StepOrder":"1","Threshold":"-0.0259"},{"ItemResponseOID":"70C91E32-BB20-48A2-A5BD-758935D769C1","StepOrder":"2","Threshold":"0.3725"},{"ItemResponseOID":"8CE1F0CE-B16A-45D7-993E-61A66C2826FA","StepOrder":"3","Threshold":"1.0634"},{"ItemResponseOID":"A2C15CE5-0817-432F-B0C6-5785F0A7C92B","StepOrder":"4","Threshold":"1.6516"}]},{"FormItemOID":"12C6B820-5B74-4D88-8583-DD07F60C27BB","ID":"EDDEP45","A_GRM":"4.12492","Map":[{"ItemResponseOID":"3A00B147-7253-4F47-B02E-52700CDB35F6","StepOrder":"1","Threshold":"-0.0800"},{"ItemResponseOID":"9D09D900-73C3-4DFC-8063-A21199559082","StepOrder":"2","Threshold":"0.4909"},{"ItemResponseOID":"73086229-F92F-4F7E-8586-BFEE76AA1C7A","StepOrder":"3","Threshold":"1.2155"},{"ItemResponseOID":"CEE9F0EA-4AFE-44BA-90C9-3F6C557EF0F8","StepOrder":"4","Threshold":"1.9069"}]},{"FormItemOID":"33CBDA29-2471-46B7-8999-9B688AFA975A","ID":"EDDEP36","A_GRM":"4.69529","Map":[{"ItemResponseOID":"3CFCA9E8-8441-4B0A-99F0-1F6ED862496B","StepOrder":"1","Threshold":"-0.6883"},{"ItemResponseOID":"2DF09722-2270-4ADC-A764-CF5D539EEF4B","StepOrder":"2","Threshold":"0.0064"},{"ItemResponseOID":"949CEA6E-AB40-4BAB-B3E4-F215358534C9","StepOrder":"3","Threshold":"0.8354"},{"ItemResponseOID":"895D61A8-D85F-48FF-B641-86219E1E28CE","StepOrder":"4","Threshold":"1.7386"}]},{"FormItemOID":"495B6C22-F105-4DAB-809E-CE67999DF68B","ID":"EDDEP09","A_GRM":"4.66993","Map":[{"ItemResponseOID":"747C8C38-8D53-422F-83D4-72FA55D1EB41","StepOrder":"1","Threshold":"-0.1071"},{"ItemResponseOID":"4A844C86-5A85-4561-8FDD-1DA9D0D09F8A","StepOrder":"2","Threshold":"0.4488"},{"ItemResponseOID":"65943AC0-5282-4EC9-AD82-239DD23839E3","StepOrder":"3","Threshold":"1.1186"},{"ItemResponseOID":"268BE6C0-3607-495C-B357-EEC92F315D0C","StepOrder":"4","Threshold":"1.7643"}]},{"FormItemOID":"843C41DE-7468-4691-BE08-6CA5FD032AF4","ID":"EDDEP04","A_GRM":"4.77346","Map":[{"ItemResponseOID":"A655E7CF-F461-4B9F-BCEB-CFFD821E824A","StepOrder":"1","Threshold":"-0.0968"},{"ItemResponseOID":"53789EC4-BA67-4749-B315-49E8E07C37CC","StepOrder":"2","Threshold":"0.2889"},{"ItemResponseOID":"90D3A3C3-09E2-419B-8617-24D986714BF9","StepOrder":"3","Threshold":"1.0307"},{"ItemResponseOID":"02E26F0D-1CB1-44B1-8826-15C9F4F610B0","StepOrder":"4","Threshold":"1.6231"}]},{"FormItemOID":"B79F9BE4-309F-4C9B-9811-E5AC5A0F14D8","ID":"EDDEP41","A_GRM":"5.24141","Map":[{"ItemResponseOID":"A799E5D1-6834-46D4-9621-A20D9F7C9A01","StepOrder":"1","Threshold":"0.0199"},{"ItemResponseOID":"5296EF8E-B2B4-4C68-843F-02A7A7F8AD64","StepOrder":"2","Threshold":"0.4926"},{"ItemResponseOID":"7D1A554E-F775-4C30-8192-524B559E3DA9","StepOrder":"3","Threshold":"1.1465"},{"ItemResponseOID":"D6AA3B22-89E6-4844-B2A9-A7D1A71BFAEA","StepOrder":"4","Threshold":"1.7244"}]},{"FormItemOID":"CE1F41C3-E40E-4C74-BCD6-3E1A8F13672B","ID":"EDDEP39","A_GRM":"4.38096","Map":[{"ItemResponseOID":"7D928CF5-6E9F-4895-A6EA-BBA45300D413","StepOrder":"1","Threshold":"0.3790"},{"ItemResponseOID":"307D9122-6940-4061-B6CD-D52641987762","StepOrder":"2","Threshold":"0.7770"},{"ItemResponseOID":"4448DD52-052F-466B-B6B4-2CC7649908CB","StepOrder":"3","Threshold":"1.3304"},{"ItemResponseOID":"AC9830A9-B2FE-4146-A4D1-CBCD2083DB5C","StepOrder":"4","Threshold":"1.9153"}]},{"FormItemOID":"D4A670D4-0AF7-46AA-8956-F364193CF81B","ID":"EDDEP29","A_GRM":"5.78729","Map":[{"ItemResponseOID":"42B94CBF-F023-4665-A146-77B3841DE5AF","StepOrder":"1","Threshold":"-0.3129"},{"ItemResponseOID":"88653963-7A37-457B-B233-92650C629DF5","StepOrder":"2","Threshold":"0.2181"},{"ItemResponseOID":"23262DEF-D990-477F-88A2-91D330383733","StepOrder":"3","Threshold":"0.9407"},{"ItemResponseOID":"2ED51BD8-4E0A-41B0-9FC2-4E84D1A18E46","StepOrder":"4","Threshold":"1.4170"}]}]}
