{"FormOID":"B730F00E-C958-4654-85C1-0931A7289322","Form":"PROMIS Social Ability to Participate Short Form version 2","Properties":[{"MinNumItems":"4"},{"MaxNumItems":"4"},{"IRTModel":"0"},{"SelectionMethod":"1"},{"MinTheta":"-4.00"},{"MaxTheta":"4.00"},{"ThetaIncrement":"0.1000"},{"MaxStdErr":"0.30"},{"SelectionGroupSize":"1"},{"LogisticScaling":"1.0000"},{"DistMean":"0.00"},{"DistStdDev":"1.00"},{"FirstItem":""},{"CalibrationSample":"Social Supplement"},{"SetSelectionMethod":"Instance"}],"Items":[{"FormItemOID":"3C9F5D7F-54D6-42B6-AAFA-6E478FEE430D","ID":"SRPPER11_CaPS","A_GRM":"4.87596","Map":[{"ItemResponseOID":"12D5EC6A-3C72-4D21-8438-2859625D749C","StepOrder":"1","Threshold":"-1.6803"},{"ItemResponseOID":"3BE26002-D0EA-4B88-823A-E3AEC11C758F","StepOrder":"2","Threshold":"-1.0520"},{"ItemResponseOID":"4A180198-C53B-49E4-80D2-E12CF2F074FF","StepOrder":"3","Threshold":"-0.2255"},{"ItemResponseOID":"2EAEE88C-FC12-40B2-915D-C81AAC14BCDE","StepOrder":"4","Threshold":"0.5466"}]},{"FormItemOID":"7D8C8B84-3937-426C-99B8-676544A8B2C4","ID":"SRPPER23_CaPS","A_GRM":"4.28248","Map":[{"ItemResponseOID":"13710564-DAED-4E89-9F71-9AB4B524E85C","StepOrder":"1","Threshold":"-1.5796"},{"ItemResponseOID":"80A0E67A-5087-4837-9064-18FDFF5201F4","StepOrder":"2","Threshold":"-1.0344"},{"ItemResponseOID":"7E3B1AD3-B8B1-47EE-90F6-5E6AB6D4F62C","StepOrder":"3","Threshold":"-0.1992"},{"ItemResponseOID":"AC305CCA-D898-4305-891C-FFD1EFA6BEEF","StepOrder":"4","Threshold":"0.5778"}]},{"FormItemOID":"8B7401DE-67D6-41FC-A38E-3DC32B2BC288","ID":"SRPPER46_CaPS","A_GRM":"4.53179","Map":[{"ItemResponseOID":"96E09870-AE3C-4DC9-829E-EB944C006533","StepOrder":"1","Threshold":"-1.6084"},{"ItemResponseOID":"04569B84-4CCA-4888-B1EC-678DFF175804","StepOrder":"2","Threshold":"-1.0076"},{"ItemResponseOID":"105E1AF4-1C36-4373-826C-A4CECD952A41","StepOrder":"3","Threshold":"-0.1464"},{"ItemResponseOID":"08C7F523-CE31-4968-87B0-635064BB22D6","StepOrder":"4","Threshold":"0.6376"}]},{"FormItemOID":"EF937F04-2C8E-419B-B188-58EC238C1AE2","ID":"SRPPER18_CaPS","A_GRM":"4.53432","Map":[{"ItemResponseOID":"8B8D2B79-6230-44A2-BBA2-218809363709","StepOrder":"1","Threshold":"-1.6376"},{"ItemResponseOID":"1CBF2825-DDA9-48DD-802E-C1814CD907F5","StepOrder":"2","Threshold":"-1.0479"},{"ItemResponseOID":"581603FB-8F53-4F1B-A1CE-970EE4F4362F","StepOrder":"3","Threshold":"-0.1830"},{"ItemResponseOID":"E9A64B15-9690-4120-861C-0443DB08A98C","StepOrder":"4","Threshold":"0.5453"}]}]}
