{"FormOID":"B735EF13-F3D2-462E-B3B4-7D089E1952DE","Form":"PROMIS-Ca Bank v1.0 ??? Anxiety ","Properties":[{"MinNumItems":"4"},{"MaxNumItems":"12"},{"IRTModel":"0"},{"SelectionMethod":"1"},{"MinTheta":"-4.00"},{"MaxTheta":"4.00"},{"ThetaIncrement":"0.1000"},{"MaxStdErr":"0.30"},{"SelectionGroupSize":"1"},{"LogisticScaling":"1.0000"},{"DistMean":"0.00"},{"DistStdDev":"1.00"},{"FirstItem":""},{"CalibrationSample":"Cancer"},{"SetSelectionMethod":"Instance"}],"Items":[{"FormItemOID":"014FECA7-280A-4027-ADA3-510E5DFC0EE8","ID":"EDANX46","A_GRM":"3.39814","Map":[{"ItemResponseOID":"E48640C1-E0C3-457F-BDB6-01AAB833D4C9","StepOrder":"1","Threshold":"-0.2166"},{"ItemResponseOID":"540F39CF-1353-492C-B356-0215FB947F22","StepOrder":"2","Threshold":"0.6321"},{"ItemResponseOID":"BBB6104A-E33A-4489-A438-446D4145A3FA","StepOrder":"3","Threshold":"1.6444"},{"ItemResponseOID":"DA84EB3D-2E40-4964-8924-C05C7D84E8C8","StepOrder":"4","Threshold":"2.7312"}]},{"FormItemOID":"0619455C-4023-4DB7-9856-A3B18B2697A4","ID":"EDANX27","A_GRM":"2.86023","Map":[{"ItemResponseOID":"3C70D5DB-5C6A-4E1B-B473-846D833AE023","StepOrder":"1","Threshold":"0.4361"},{"ItemResponseOID":"E5687F39-8C35-4A41-815B-0D154ACA3B45","StepOrder":"2","Threshold":"1.1269"},{"ItemResponseOID":"47BDB771-57CA-4D3A-A7B7-322A0CFC6D30","StepOrder":"3","Threshold":"2.0295"},{"ItemResponseOID":"79601316-3344-48C3-921F-885F48AADE11","StepOrder":"4","Threshold":"2.7778"}]},{"FormItemOID":"09F2E756-FC53-4D8F-90A8-3DA38B1DAFE5","ID":"EDANX02","A_GRM":"3.45041","Map":[{"ItemResponseOID":"88D08394-8320-4405-B02E-9396914EC7BB","StepOrder":"1","Threshold":"0.4912"},{"ItemResponseOID":"D413BBC6-2903-42ED-9E32-4F82C4BCEE1D","StepOrder":"2","Threshold":"1.3300"},{"ItemResponseOID":"90DCC04B-02A9-40BD-8415-8E4643BCD89F","StepOrder":"3","Threshold":"2.1552"},{"ItemResponseOID":"53C735DA-F159-4AF9-A793-D333FF336237","StepOrder":"4","Threshold":"2.8802"}]},{"FormItemOID":"0AA45C91-0503-4201-8F1D-20901BF69C51","ID":"EDANX30","A_GRM":"3.03184","Map":[{"ItemResponseOID":"73FE9EC3-2B86-4A51-842D-71036A22C0DB","StepOrder":"1","Threshold":"-0.5154"},{"ItemResponseOID":"0E348380-79F0-4BF2-9659-A1E1F0B0B7DB","StepOrder":"2","Threshold":"0.3156"},{"ItemResponseOID":"D4936056-F7CF-40DE-A5D0-8A9319ED857C","StepOrder":"3","Threshold":"1.3516"},{"ItemResponseOID":"A1120550-F80D-4DF3-B461-0F532BBF6CB2","StepOrder":"4","Threshold":"2.2997"}]},{"FormItemOID":"119F8AFF-0B21-409A-9B7F-C12AE0D90F86","ID":"EDANX51","A_GRM":"2.41166","Map":[{"ItemResponseOID":"A9C3C356-E4D6-4812-AFB0-CF7D55DE86AA","StepOrder":"1","Threshold":"-0.4618"},{"ItemResponseOID":"948CD7FD-D72F-4C0F-8097-0D62362B6D41","StepOrder":"2","Threshold":"0.3984"},{"ItemResponseOID":"9A343DF6-7610-4FBF-8B21-162080333855","StepOrder":"3","Threshold":"1.3636"},{"ItemResponseOID":"495B9951-F3C2-49F0-953C-45DCFAD75934","StepOrder":"4","Threshold":"2.4028"}]},{"FormItemOID":"1C86E137-47A3-4483-8C4F-97C255C1CFAB","ID":"EDANX09","A_GRM":"2.62064","Map":[{"ItemResponseOID":"8B67C3D5-8D81-4ABE-9E6C-DE9428212162","StepOrder":"1","Threshold":"0.2236"},{"ItemResponseOID":"2599236B-BF18-4EE0-9160-192188205629","StepOrder":"2","Threshold":"1.0058"},{"ItemResponseOID":"0D6B3C63-7BF5-49EC-A06F-5051AC9FA7A6","StepOrder":"3","Threshold":"1.9559"},{"ItemResponseOID":"CB866E61-7BA2-440A-8B0F-1ADD533D6548","StepOrder":"4","Threshold":"3.2076"}]},{"FormItemOID":"2A45168E-57AD-46A5-BEF6-2695BE252465","ID":"EDANX48","A_GRM":"3.04334","Map":[{"ItemResponseOID":"C478DF30-ACC9-4374-90E6-D5D1B145FBEB","StepOrder":"1","Threshold":"-0.3316"},{"ItemResponseOID":"0BE6245B-D0F9-472C-8084-1258B2DA1EB9","StepOrder":"2","Threshold":"0.5559"},{"ItemResponseOID":"09AAE8A1-C13C-42F8-8339-73042145ADE1","StepOrder":"3","Threshold":"1.4559"},{"ItemResponseOID":"CF9BC9F8-AD49-4EE0-8AF0-F522A8791FBD","StepOrder":"4","Threshold":"2.3399"}]},{"FormItemOID":"2C26406F-DF6D-41AC-AE96-42561CA286F9","ID":"EDANX07","A_GRM":"3.55093","Map":[{"ItemResponseOID":"3DB408FD-509A-4C6B-A0E9-E689E986D7B8","StepOrder":"1","Threshold":"0.5394"},{"ItemResponseOID":"3465837B-205A-460A-93E8-8CE5760F6DE9","StepOrder":"2","Threshold":"1.0460"},{"ItemResponseOID":"C95972E5-67E2-49FF-84F3-41AD39AC5AB8","StepOrder":"3","Threshold":"1.8650"},{"ItemResponseOID":"3EC927E9-F824-409E-8D88-ACBB3494F9F2","StepOrder":"4","Threshold":"2.3847"}]},{"FormItemOID":"4C644963-6A76-41F7-86B9-3FE01A29CF66","ID":"EDANX05","A_GRM":"3.35528","Map":[{"ItemResponseOID":"063DFB19-1395-4BD1-A9E1-EE1C81AFA380","StepOrder":"1","Threshold":"-0.1897"},{"ItemResponseOID":"7D44D2D7-D92F-4595-A051-410F4A090107","StepOrder":"2","Threshold":"0.5981"},{"ItemResponseOID":"BA52BE41-D8FE-4642-B449-D046E90E35D1","StepOrder":"3","Threshold":"1.5749"},{"ItemResponseOID":"5F0CA17D-9E0A-4CC8-9F1B-E3CE0590CE91","StepOrder":"4","Threshold":"2.4458"}]},{"FormItemOID":"52E78E42-779E-4133-A3DF-4B3C2C591A2C","ID":"EDANX08","A_GRM":"2.84824","Map":[{"ItemResponseOID":"6F9E5A94-93AE-4395-8CB7-67CB63CCABBE","StepOrder":"1","Threshold":"0.3680"},{"ItemResponseOID":"1A216F41-F9B7-4263-80C0-AE080EE54965","StepOrder":"2","Threshold":"1.0641"},{"ItemResponseOID":"A66EF139-41A7-41F7-83B1-D08079B9BCDC","StepOrder":"3","Threshold":"1.8533"},{"ItemResponseOID":"F539F2E7-B71B-4769-B58A-8BDFE7543BED","StepOrder":"4","Threshold":"2.5447"}]},{"FormItemOID":"5D333074-8378-401F-97D0-C245A6E42AC6","ID":"EDANX55","A_GRM":"3.12733","Map":[{"ItemResponseOID":"F0671CBB-385A-4161-AD60-6A6E27804C3D","StepOrder":"1","Threshold":"0.0744"},{"ItemResponseOID":"96BC8DC8-C168-4A8D-B415-2A84021F6BE7","StepOrder":"2","Threshold":"0.9409"},{"ItemResponseOID":"002DF1AA-0326-45E6-B457-D4D4BB5D9C33","StepOrder":"3","Threshold":"1.8477"},{"ItemResponseOID":"F49CA8E7-FDA7-425B-87BD-6976FB2D830B","StepOrder":"4","Threshold":"2.7757"}]},{"FormItemOID":"5EB4E513-DF90-48D7-B73D-FA071E696E65","ID":"EDANX33","A_GRM":"2.58191","Map":[{"ItemResponseOID":"9345A188-73F2-40B5-8C4E-28E54EBD0AE4","StepOrder":"1","Threshold":"1.1470"},{"ItemResponseOID":"978FCC82-7B7F-4CD4-85BB-1B8AAD8F9033","StepOrder":"2","Threshold":"1.8167"},{"ItemResponseOID":"BD688784-91FC-448D-BECB-935946B60470","StepOrder":"3","Threshold":"2.7165"},{"ItemResponseOID":"BEF8900D-EA7F-4DDE-B398-996600AB3FF0","StepOrder":"4","Threshold":"3.5891"}]},{"FormItemOID":"6F53E4FA-8014-4884-9514-E02D3EFE7D8A","ID":"EDANX01","A_GRM":"3.60215","Map":[{"ItemResponseOID":"1E6DD9D5-572A-4069-8972-F6E347C9EDE8","StepOrder":"1","Threshold":"0.3416"},{"ItemResponseOID":"F707EC60-EB2A-41EB-BB74-52EBEE400F8E","StepOrder":"2","Threshold":"1.0895"},{"ItemResponseOID":"26A76548-0864-40DC-B1DD-A4AF7C101600","StepOrder":"3","Threshold":"1.9601"},{"ItemResponseOID":"20F149AE-4A71-426A-94B2-D17E0795F0DC","StepOrder":"4","Threshold":"2.6987"}]},{"FormItemOID":"726A2F96-3ACD-4396-BD96-0FB4BF604C1C","ID":"EDANX12","A_GRM":"2.73450","Map":[{"ItemResponseOID":"4B55F8E7-BD9B-4C42-A346-F9AC851823D2","StepOrder":"1","Threshold":"-0.5687"},{"ItemResponseOID":"DBC9E1B4-9F35-40C6-B41E-EBED1A481A40","StepOrder":"2","Threshold":"0.4721"},{"ItemResponseOID":"CBF2F7A8-5E2E-4E68-9D3D-ADFD53931756","StepOrder":"3","Threshold":"1.6717"},{"ItemResponseOID":"53A0B09A-7E8F-442C-95DB-E7297873F410","StepOrder":"4","Threshold":"2.9695"}]},{"FormItemOID":"9FCE9C34-84D2-4CB6-BA84-7C027FFCC4A6","ID":"EDANX47","A_GRM":"2.53651","Map":[{"ItemResponseOID":"4C5EE3B0-EE17-4020-B6A5-0BEB682541B9","StepOrder":"1","Threshold":"-0.2390"},{"ItemResponseOID":"32611F8D-C8AD-4A94-924F-E87E55EF3A85","StepOrder":"2","Threshold":"0.6778"},{"ItemResponseOID":"63D4CC47-4A00-4A3F-BC78-0578C5B3FDC2","StepOrder":"3","Threshold":"1.7956"},{"ItemResponseOID":"A71BE642-041B-49D1-9BCF-0AEFD2F7E22D","StepOrder":"4","Threshold":"2.9007"}]},{"FormItemOID":"9FF359C0-4E7E-4D4E-BA75-8F3F6D378747","ID":"EDANX53","A_GRM":"3.65611","Map":[{"ItemResponseOID":"348E810B-DB5F-450D-84E7-C84880458C4E","StepOrder":"1","Threshold":"-0.2318"},{"ItemResponseOID":"61ABA23E-74A8-4520-9288-7C01E58569EE","StepOrder":"2","Threshold":"0.5952"},{"ItemResponseOID":"4BBBC7BE-F263-40EC-9A37-516AB34D2115","StepOrder":"3","Threshold":"1.5635"},{"ItemResponseOID":"C5244728-E671-4707-9DDE-8DF218B0DCDE","StepOrder":"4","Threshold":"2.4991"}]},{"FormItemOID":"A5BBBF4B-3E01-4F01-93ED-2FE42F3DDEF3","ID":"EDANX03","A_GRM":"3.33656","Map":[{"ItemResponseOID":"7B1D796F-3F69-4EB1-9DE6-A3FE44B93DDC","StepOrder":"1","Threshold":"0.6213"},{"ItemResponseOID":"0211687D-1C9B-4ADE-A55D-1CF5B1A6C47F","StepOrder":"2","Threshold":"1.2432"},{"ItemResponseOID":"013B3E80-856C-481A-AF2F-4B3F1BAEEFB0","StepOrder":"3","Threshold":"2.0615"},{"ItemResponseOID":"C7E8DF0B-9EEB-407B-B7ED-6418FF920C9B","StepOrder":"4","Threshold":"2.7586"}]},{"FormItemOID":"AFD4EAB7-42C9-4115-9962-D99CBB2204F9","ID":"EDANX18","A_GRM":"2.98577","Map":[{"ItemResponseOID":"C55929A0-3706-4C12-AF81-90DB103CE151","StepOrder":"1","Threshold":"0.5662"},{"ItemResponseOID":"6CDFD486-F4AA-4429-A7CD-988873E40EB8","StepOrder":"2","Threshold":"1.3021"},{"ItemResponseOID":"9730ABB3-E5B1-49AA-8675-4F4A46FE82CA","StepOrder":"3","Threshold":"2.1496"},{"ItemResponseOID":"07AE88F9-C587-48CA-83B0-E0116E62D3B3","StepOrder":"4","Threshold":"3.0608"}]},{"FormItemOID":"BFBA5BE4-C690-49EE-A36F-056B83ACE5C3","ID":"EDANX54","A_GRM":"3.35033","Map":[{"ItemResponseOID":"7CB90798-1D35-4759-A040-C279D087EE3B","StepOrder":"1","Threshold":"-0.5094"},{"ItemResponseOID":"6B7F35CD-6DDA-40BC-95C8-A42209278AB5","StepOrder":"2","Threshold":"0.3107"},{"ItemResponseOID":"F60BDA39-34AE-4628-BA7A-A245FC80B68F","StepOrder":"3","Threshold":"1.2502"},{"ItemResponseOID":"0845DF40-812F-45D4-9CCB-63EFF5DCBA88","StepOrder":"4","Threshold":"2.2966"}]},{"FormItemOID":"D03E5BCD-28E8-48A9-A635-088F660892DD","ID":"EDANX26","A_GRM":"1.95065","Map":[{"ItemResponseOID":"903B2D8A-AB91-4D7D-BC81-9CBE095E2EEE","StepOrder":"1","Threshold":"-0.0265"},{"ItemResponseOID":"86C34955-B2D2-444B-A08D-0F5D16E92F77","StepOrder":"2","Threshold":"0.8792"},{"ItemResponseOID":"76E9F061-A361-414D-9A04-70C5A62E7A6A","StepOrder":"3","Threshold":"2.0145"},{"ItemResponseOID":"D0215760-5459-4C2F-93CB-A06A2DE51B40","StepOrder":"4","Threshold":"3.2407"}]},{"FormItemOID":"EEB965F2-95B4-4EFB-AD36-77A4BEF6923B","ID":"EDANX39","A_GRM":"1.79129","Map":[{"ItemResponseOID":"E013F9A3-8B92-4487-BF35-41EF13F74162","StepOrder":"1","Threshold":"-0.0185"},{"ItemResponseOID":"FAE1EC68-50C0-4FCE-BCFF-74EE52A96071","StepOrder":"2","Threshold":"0.8503"},{"ItemResponseOID":"EC11A71B-58E7-4424-8387-4620AA4A689B","StepOrder":"3","Threshold":"1.9971"},{"ItemResponseOID":"F5912CAD-FFB3-4A27-B1D2-A554EF283C6E","StepOrder":"4","Threshold":"3.1877"}]},{"FormItemOID":"F95DC1F7-F486-4A9E-B968-7E9399C8041A","ID":"EDANX41","A_GRM":"3.65951","Map":[{"ItemResponseOID":"6CD33A24-58EA-4583-8796-44C72A161562","StepOrder":"1","Threshold":"0.3644"},{"ItemResponseOID":"B448C8A9-FF07-46F3-BF97-E69E5ED45BA0","StepOrder":"2","Threshold":"1.0338"},{"ItemResponseOID":"C82579F0-84B2-4F52-88C5-907D249C34A7","StepOrder":"3","Threshold":"1.7805"},{"ItemResponseOID":"8D2ED7A9-0291-4727-BC0D-A8754A686F7F","StepOrder":"4","Threshold":"2.6212"}]}]}
