{"FormOID":"BB02B46A-8A21-45C7-A0E8-C91CBF337B70","Form":"Version 1 Parent Proxy Pain Interference Bank","Properties":[{"MinNumItems":"5"},{"MaxNumItems":"12"},{"IRTModel":"0"},{"SelectionMethod":"1"},{"MinTheta":"-4.00"},{"MaxTheta":"4.00"},{"ThetaIncrement":"0.1000"},{"MaxStdErr":"0.40"},{"SelectionGroupSize":"1"},{"LogisticScaling":"1.0000"},{"DistMean":"0.00"},{"DistStdDev":"1.00"},{"FirstItem":""},{"CalibrationSample":"Parent Proxy"},{"SetSelectionMethod":"Instance"}],"Items":[{"FormItemOID":"306827AA-1887-4766-9F99-6912A8FEAE7C","ID":"Pf3pain6","A_GRM":"2.15000","Map":[{"ItemResponseOID":"715299EE-68E4-4642-ADB4-5B02782B45B7","StepOrder":"0","Threshold":"0.6600"},{"ItemResponseOID":"CDEFC5AD-90FA-4F41-954E-068EE72B0021","StepOrder":"1","Threshold":"1.4300"},{"ItemResponseOID":"9DDA71CA-7C90-4464-9FEC-7CAD0EA8AF83","StepOrder":"2","Threshold":"2.2000"},{"ItemResponseOID":"D8A8BAE9-A496-460B-9201-35EC676A0D93","StepOrder":"3","Threshold":"2.4200"}]},{"FormItemOID":"46910984-42FD-4224-B169-F5FAE030A804","ID":"Pf4pain6","A_GRM":"2.90000","Map":[{"ItemResponseOID":"1F2E1B5D-F404-4A9C-B65D-7054E8144C96","StepOrder":"0","Threshold":"0.2500"},{"ItemResponseOID":"0B7B1972-6CE0-461C-AB90-91CE3A299210","StepOrder":"1","Threshold":"0.6900"},{"ItemResponseOID":"1B996FA6-B41B-4019-BA95-B05153BE330B","StepOrder":"2","Threshold":"1.4300"},{"ItemResponseOID":"FA09CA64-98A0-4DFD-A637-180DC1D56619","StepOrder":"3","Threshold":"1.8700"}]},{"FormItemOID":"4F3139BE-9A38-4749-A05D-93AC9484BA35","ID":"Pf2pain5","A_GRM":"3.20000","Map":[{"ItemResponseOID":"548E65FA-1792-4E9C-8E98-3EB68FE4EF8C","StepOrder":"0","Threshold":"0.0500"},{"ItemResponseOID":"36A960BB-F15A-40CB-BC21-7F3423AE3226","StepOrder":"1","Threshold":"0.7600"},{"ItemResponseOID":"9A3D944A-DF58-4BD5-B809-CB6DDD34571B","StepOrder":"2","Threshold":"1.5300"},{"ItemResponseOID":"B99D547E-D5F2-44B1-BFC7-A8C527ADB5E2","StepOrder":"3","Threshold":"2.0700"}]},{"FormItemOID":"90594394-EC34-4B9A-8086-540042928067","ID":"Pf3pain2","A_GRM":"3.84000","Map":[{"ItemResponseOID":"55B28BCB-AF08-48B5-8DD1-96512BF32B8E","StepOrder":"0","Threshold":"-0.1900"},{"ItemResponseOID":"0A2D3C51-E9B4-4087-A0CC-53A9F7ED89E4","StepOrder":"1","Threshold":"0.4900"},{"ItemResponseOID":"24A6E471-7B37-4556-86AB-39BA11BE18F1","StepOrder":"2","Threshold":"1.4600"},{"ItemResponseOID":"ACC29BCD-64FB-47F1-8544-6A920E6119B7","StepOrder":"3","Threshold":"1.9100"}]},{"FormItemOID":"9397876B-EA56-4444-9B37-53D6A1FC84DF","ID":"Pf3pain4","A_GRM":"4.17000","Map":[{"ItemResponseOID":"89C34A7C-90E0-46A1-B82F-163BAB8A9BD7","StepOrder":"0","Threshold":"-0.2100"},{"ItemResponseOID":"06E456B2-D6FC-41C1-8444-76F40C46CD57","StepOrder":"1","Threshold":"0.3600"},{"ItemResponseOID":"E601BBF4-DB11-484D-88B8-A132F3F5B5A5","StepOrder":"2","Threshold":"1.3200"},{"ItemResponseOID":"354B4B74-8BC3-4FAC-95C3-CF0D6F709974","StepOrder":"3","Threshold":"1.7200"}]},{"FormItemOID":"991D5C23-5722-43AF-AED6-D4671714982B","ID":"Pf1pain4","A_GRM":"2.68000","Map":[{"ItemResponseOID":"F8CEE68B-7456-478E-87A9-4E8F24F7E1D3","StepOrder":"0","Threshold":"0.4600"},{"ItemResponseOID":"09B51EE6-7368-4CAB-98D0-4A22AB7981D4","StepOrder":"1","Threshold":"0.9700"},{"ItemResponseOID":"BB4F663E-1880-4E3B-8806-03392450B3B0","StepOrder":"2","Threshold":"1.5800"},{"ItemResponseOID":"E3126797-83D5-493B-9AD7-0B3481E3927F","StepOrder":"3","Threshold":"1.9200"}]},{"FormItemOID":"9A726CA4-80A4-49F8-AF01-3B7FF0349C62","ID":"Pf2pain4","A_GRM":"3.02000","Map":[{"ItemResponseOID":"F784F572-5C8F-45AE-806E-AF8E43952C40","StepOrder":"0","Threshold":"-0.0800"},{"ItemResponseOID":"1D37865A-D2B6-4900-8199-CF93726E253F","StepOrder":"1","Threshold":"0.4700"},{"ItemResponseOID":"C27D14AB-3468-4D88-A6A4-9E76426FF520","StepOrder":"2","Threshold":"1.1000"},{"ItemResponseOID":"72030990-315E-476C-9505-AD2A84AA686E","StepOrder":"3","Threshold":"1.5000"}]},{"FormItemOID":"9BC103C8-DF77-4D75-A3BA-0145508ABA8B","ID":"Pf4pain4","A_GRM":"2.73000","Map":[{"ItemResponseOID":"B79701A8-9C89-4BA5-B2A9-174EBBE152FD","StepOrder":"0","Threshold":"-0.0100"},{"ItemResponseOID":"F8F25190-07AA-4D89-96FE-FE4766CC6D8B","StepOrder":"1","Threshold":"0.7600"},{"ItemResponseOID":"AE3E4440-6F6E-494F-BC6B-2EC00C0F2AD0","StepOrder":"2","Threshold":"1.6500"},{"ItemResponseOID":"6D2F234F-D0A3-4154-8376-3A7D7DA3A2F7","StepOrder":"3","Threshold":"2.1500"}]},{"FormItemOID":"B7CF6B82-809E-4529-8198-070ADDE99BDE","ID":"Pf3pain7","A_GRM":"2.53000","Map":[{"ItemResponseOID":"E1590AB8-BFD9-400A-8116-2DA594CC29C6","StepOrder":"0","Threshold":"0.1600"},{"ItemResponseOID":"D4FE59B7-758F-4E59-8B14-3D525CAF8C4E","StepOrder":"1","Threshold":"0.8000"},{"ItemResponseOID":"522067DF-158E-4221-AD1C-9BEE17C81CAC","StepOrder":"2","Threshold":"1.7600"},{"ItemResponseOID":"85349117-00B9-4C9D-BA60-0A523C21DB22","StepOrder":"3","Threshold":"2.2800"}]},{"FormItemOID":"C44228B4-023A-48B3-9DBB-CF916CF08211","ID":"Pf4pain1","A_GRM":"2.45000","Map":[{"ItemResponseOID":"00E207D1-622A-4FBA-81EF-399E7C1346C2","StepOrder":"0","Threshold":"-0.0100"},{"ItemResponseOID":"187A4EDF-A0B9-404D-90DB-A67704E6ABF0","StepOrder":"1","Threshold":"0.7900"},{"ItemResponseOID":"CC556248-A9D8-47C3-A1CD-57F585B38E87","StepOrder":"2","Threshold":"1.6500"},{"ItemResponseOID":"4622B1AC-AEA5-45EB-BA12-8F08CA417C16","StepOrder":"3","Threshold":"2.3600"}]},{"FormItemOID":"C882E10D-6A0A-40E0-9B1F-C9D094D732CF","ID":"Pf2pain2","A_GRM":"3.54000","Map":[{"ItemResponseOID":"C3DAB7DF-1A0B-4C33-A2C2-EF7A608E6FC8","StepOrder":"0","Threshold":"0.2300"},{"ItemResponseOID":"82911601-4A85-4172-A45B-B596FDFB5404","StepOrder":"1","Threshold":"0.8000"},{"ItemResponseOID":"E7CF7D5B-9154-4D22-A93C-C901510C2FDD","StepOrder":"2","Threshold":"1.6500"},{"ItemResponseOID":"905155E2-0779-46C7-9FB4-ADECBFAB70F1","StepOrder":"3","Threshold":"2.0800"}]},{"FormItemOID":"D349E391-B6A9-4813-B9C8-EE02F21E9BFB","ID":"Pf4pain5","A_GRM":"1.70000","Map":[{"ItemResponseOID":"7FC12007-788C-45BA-8013-99F2002E0E39","StepOrder":"0","Threshold":"0.7700"},{"ItemResponseOID":"93F319E7-DDBD-415C-844A-5ACF1C571608","StepOrder":"1","Threshold":"1.3000"},{"ItemResponseOID":"F8B4CC47-EC66-4FB4-B1FB-3EF9B36C08BF","StepOrder":"2","Threshold":"2.3500"},{"ItemResponseOID":"E304D379-CE30-4674-A87D-F7A76AD7BD74","StepOrder":"3","Threshold":"2.5700"}]},{"FormItemOID":"D6B05446-E3D8-4F41-9598-650FCFC780CF","ID":"Pf4pain2","A_GRM":"3.37000","Map":[{"ItemResponseOID":"7A0C03E0-8001-4A0E-B82C-3BDD83F23B0A","StepOrder":"0","Threshold":"0.3500"},{"ItemResponseOID":"C3BBD5C8-171B-4FC0-8333-A1294A259DC2","StepOrder":"1","Threshold":"1.0200"},{"ItemResponseOID":"6876F920-BDC9-4269-B35B-4FAA4D416A8B","StepOrder":"2","Threshold":"2.0300"},{"ItemResponseOID":"89831AA9-F66E-4318-BE11-818C9F649FF6","StepOrder":"3","Threshold":"2.7000"}]}]}
