{"FormOID":"BE5C09D1-1FB2-474C-B17C-8EC8F98F396D","Form":"PROMIS 4-item Social Isolation Short Form","Properties":[{"MinNumItems":"4"},{"MaxNumItems":"4"},{"IRTModel":"0"},{"SelectionMethod":"1"},{"MinTheta":"-4.00"},{"MaxTheta":"4.00"},{"ThetaIncrement":"0.1000"},{"MaxStdErr":"0.30"},{"SelectionGroupSize":"1"},{"LogisticScaling":"1.0000"},{"DistMean":"0.00"},{"DistStdDev":"1.00"},{"FirstItem":""},{"CalibrationSample":"Social Supplement"},{"SetSelectionMethod":"Instance"}],"Items":[{"FormItemOID":"046FCEC8-D514-46AB-BD34-9C50FC140E2D","ID":"UCLA18x2","A_GRM":"3.98622","Map":[{"ItemResponseOID":"9A8604E0-EB60-45A6-A51E-BFFE035C405A","StepOrder":"1","Threshold":"-0.6642"},{"ItemResponseOID":"9FC4FF92-A748-48C9-94D5-9572DD018BCA","StepOrder":"2","Threshold":"0.1747"},{"ItemResponseOID":"2CC2EA75-AA2A-42A7-BA15-2F1D6530F27B","StepOrder":"3","Threshold":"1.1369"},{"ItemResponseOID":"B193F8D1-143F-4940-AAB5-A5ABC9A307D8","StepOrder":"4","Threshold":"1.7946"}]},{"FormItemOID":"835FDB9D-9262-49BD-9A1B-D9D269A0BF5C","ID":"UCLA13x3 ","A_GRM":"3.15724","Map":[{"ItemResponseOID":"DB6C75DF-455E-4817-9B4D-B6F9F72BD9CB","StepOrder":"1","Threshold":"-0.8517"},{"ItemResponseOID":"044CEC6D-BB3F-4849-BD19-DD1BCCA0B5A5","StepOrder":"2","Threshold":"0.0587"},{"ItemResponseOID":"A9B5C08F-FB8E-4923-9401-E7ACC34EDC29","StepOrder":"3","Threshold":"1.1001"},{"ItemResponseOID":"B312FB09-60F4-4314-B7F4-F7DFBE87FC26","StepOrder":"4","Threshold":"1.8146"}]},{"FormItemOID":"B2BA3B31-2EEA-4426-AE11-F161543F1D24","ID":"UCLA11x2","A_GRM":"3.86945","Map":[{"ItemResponseOID":"492DDAAD-84A8-4592-A762-E249CA956891","StepOrder":"1","Threshold":"-0.6775"},{"ItemResponseOID":"35AA17C7-2B19-41A5-9D17-0AF7793DB179","StepOrder":"2","Threshold":"0.2171"},{"ItemResponseOID":"602CD87C-01C2-43C1-B4EE-C5B04EE658E3","StepOrder":"3","Threshold":"1.1507"},{"ItemResponseOID":"AF66148B-678E-4022-B001-D1599C9D2B6E","StepOrder":"4","Threshold":"1.9481"}]},{"FormItemOID":"FC57E7BE-AE3E-4097-82F0-84C19AD32E53","ID":"UCLA14x2","A_GRM":"4.24540","Map":[{"ItemResponseOID":"58A8E279-FCF4-4A2F-AF2B-86F81D0B1E48","StepOrder":"1","Threshold":"-0.4730"},{"ItemResponseOID":"D54F34E9-98BD-43BB-A60C-8FFA63A44A0D","StepOrder":"2","Threshold":"0.2612"},{"ItemResponseOID":"8844E29D-83A2-40AE-B0DB-ECCC663B8267","StepOrder":"3","Threshold":"1.1182"},{"ItemResponseOID":"5C0427BD-E904-4D81-9ACA-049819F6119E","StepOrder":"4","Threshold":"1.6763"}]}]}
