{"FormOID":"BEBC8474-D244-4A38-87DE-00A640DE03DE","Form":"PROMIS pediatric item bank for anxiety symptoms.","Properties":[{"MinNumItems":"5"},{"MaxNumItems":"12"},{"IRTModel":"0"},{"SelectionMethod":"1"},{"MinTheta":"-4.00"},{"MaxTheta":"4.00"},{"ThetaIncrement":"0.1000"},{"MaxStdErr":"0.40"},{"SelectionGroupSize":"1"},{"LogisticScaling":"1.0000"},{"DistMean":"0.00"},{"DistStdDev":"1.00"},{"FirstItem":""},{"CalibrationSample":"PROMIS Pediatric"},{"SetSelectionMethod":"Instance"}],"Items":[{"FormItemOID":"21E19BEA-CEDE-4585-A993-14A4AFFEED37","ID":"3149R1","A_GRM":"1.64874","Map":[{"ItemResponseOID":"8167061A-9C92-4BBD-B510-4C939BB8108F","StepOrder":"0","Threshold":"0.8871"},{"ItemResponseOID":"D9D0F6B5-2F3B-45D5-BE40-D8BBC7FDBFD5","StepOrder":"1","Threshold":"1.4252"},{"ItemResponseOID":"73F0289F-4722-40E8-8899-0DC736D64307","StepOrder":"2","Threshold":"2.2817"},{"ItemResponseOID":"132C6ABA-8A36-4463-B2EB-751ECE226C1C","StepOrder":"3","Threshold":"2.9425"}]},{"FormItemOID":"32B4DB33-A9A6-407E-B78E-FF38A77063FE","ID":"231R1","A_GRM":"1.84156","Map":[{"ItemResponseOID":"24FA4C00-29B5-4C04-B138-4AB771601568","StepOrder":"0","Threshold":"-0.2383"},{"ItemResponseOID":"94E8BF15-B36B-4F2F-9671-7BEFB5738DE8","StepOrder":"1","Threshold":"0.4826"},{"ItemResponseOID":"5A089981-B7B3-4E52-B50C-F97FFD7762DD","StepOrder":"2","Threshold":"1.5372"},{"ItemResponseOID":"C91BC433-1911-4BEE-A68F-05A2D7809AF2","StepOrder":"3","Threshold":"2.2129"}]},{"FormItemOID":"3DD118F8-B9D2-4E6E-8F32-94A3A0F80989","ID":"3977R1","A_GRM":"1.09274","Map":[{"ItemResponseOID":"140DC888-244E-458B-9C23-8E58B40B6E47","StepOrder":"0","Threshold":"1.2107"},{"ItemResponseOID":"8BF387B6-1FC5-4657-8AE0-FE6265D662C7","StepOrder":"1","Threshold":"2.0094"},{"ItemResponseOID":"743232FE-5D5E-4EA9-B5D3-C147601E56F1","StepOrder":"2","Threshold":"3.0246"},{"ItemResponseOID":"469FA9BD-C48F-45D5-B5C8-A0541BBBBA8F","StepOrder":"3","Threshold":"3.9580"}]},{"FormItemOID":"3DE0ECEE-20D0-4CF6-A518-FC18363380E8","ID":"227bR1","A_GRM":"1.88971","Map":[{"ItemResponseOID":"6C863468-24DD-46DF-A467-29383D273581","StepOrder":"0","Threshold":"-0.2524"},{"ItemResponseOID":"42A56E6E-55BA-42F7-A599-F892F3CDE028","StepOrder":"1","Threshold":"0.5948"},{"ItemResponseOID":"27CB14CF-6FD5-41FB-906A-D995D0C3948B","StepOrder":"2","Threshold":"1.7156"},{"ItemResponseOID":"6DD59EF9-B2FA-43D6-9B78-9EB5585D11C9","StepOrder":"3","Threshold":"2.5163"}]},{"FormItemOID":"4209F942-0CC1-4073-9AEC-743DADAD147F","ID":"2220R2","A_GRM":"1.71273","Map":[{"ItemResponseOID":"AE1332F9-0038-4A62-B080-002AD2F990EC","StepOrder":"0","Threshold":"-0.4315"},{"ItemResponseOID":"809E4C11-3BAF-44D5-B805-0CBAB5EA7AC3","StepOrder":"1","Threshold":"0.5121"},{"ItemResponseOID":"046AD9BA-49F3-4909-89AC-58D0AE5D509F","StepOrder":"2","Threshold":"1.7544"},{"ItemResponseOID":"03E705B0-E6AE-4EB4-96D7-EF83EB8DB7C3","StepOrder":"3","Threshold":"2.6483"}]},{"FormItemOID":"72D1331C-5CEE-4BBE-ADDA-9E37D28C694D","ID":"3021R1","A_GRM":"1.71127","Map":[{"ItemResponseOID":"8AD0926A-7C82-4068-AE49-F54D530E873C","StepOrder":"0","Threshold":"0.8595"},{"ItemResponseOID":"8752CC53-1362-417B-9A65-8FFA04CC521D","StepOrder":"1","Threshold":"1.5376"},{"ItemResponseOID":"CDCE1C0C-B565-4A5F-8650-28D1DCF07A2C","StepOrder":"2","Threshold":"2.4354"},{"ItemResponseOID":"29A6ADE2-3D07-48E6-ACB8-AB92FA3D3358","StepOrder":"3","Threshold":"2.8990"}]},{"FormItemOID":"8558C3F7-970D-4DD9-869E-80EFAEC09B25","ID":"3459aR1","A_GRM":"1.32324","Map":[{"ItemResponseOID":"5A7B3B80-DB05-4A95-96CE-32B5EFDCEA93","StepOrder":"0","Threshold":"0.7683"},{"ItemResponseOID":"8B17EE21-0C3E-4C3A-A0FF-236F04E17C8B","StepOrder":"1","Threshold":"1.5029"},{"ItemResponseOID":"DC0F9071-02AE-428A-9D22-5AD10677FA02","StepOrder":"2","Threshold":"2.5932"},{"ItemResponseOID":"A0411BCB-CA79-4ECE-AB50-C07B12B48951","StepOrder":"3","Threshold":"3.1603"}]},{"FormItemOID":"8DE88413-2E42-4561-BFEC-F4D198AAE571","ID":"5044R1","A_GRM":"1.80540","Map":[{"ItemResponseOID":"323BC64A-7823-4398-B88C-0D3A01211D8D","StepOrder":"0","Threshold":"-0.7840"},{"ItemResponseOID":"45E2BE24-1C73-48EB-BD31-DFC1D3901BF4","StepOrder":"1","Threshold":"0.2506"},{"ItemResponseOID":"3CD00EE3-E851-4130-842C-BED47DFE94CB","StepOrder":"2","Threshold":"1.5896"},{"ItemResponseOID":"C3B37D04-50FE-443A-BCFB-44CA0A24BBE9","StepOrder":"3","Threshold":"2.6525"}]},{"FormItemOID":"A1FAAF4D-FE17-46A9-A330-1596446CB38B","ID":"2230R1","A_GRM":"1.48993","Map":[{"ItemResponseOID":"29A55C8B-5DD1-4AB8-AC41-44749DB2B4F7","StepOrder":"0","Threshold":"0.2950"},{"ItemResponseOID":"70C9B2BC-4E2F-4312-ABBE-337B9A1A76A8","StepOrder":"1","Threshold":"1.1594"},{"ItemResponseOID":"ECB96489-B14D-4503-ADA4-B40165A79217","StepOrder":"2","Threshold":"2.0685"},{"ItemResponseOID":"A597228B-EEFA-425A-9CA2-A0198AD2A5FD","StepOrder":"3","Threshold":"2.7400"}]},{"FormItemOID":"C6A124CF-C6DA-470F-9BCB-754C97A439A8","ID":"953R1","A_GRM":"1.41903","Map":[{"ItemResponseOID":"7A8C87F5-1196-4A50-AAE5-6F2FC9496AD8","StepOrder":"0","Threshold":"-0.3290"},{"ItemResponseOID":"7E348544-A5D3-41B6-8D92-CCAC3D45CA18","StepOrder":"1","Threshold":"0.6306"},{"ItemResponseOID":"6E6F4189-F332-4F67-8EBD-E96B2B1B5E13","StepOrder":"2","Threshold":"1.8305"},{"ItemResponseOID":"9B257868-58DF-4D24-92D1-3E049EBF7E53","StepOrder":"3","Threshold":"2.7070"}]},{"FormItemOID":"EED05C8D-5487-4F3B-8E01-AA0AE45013E7","ID":"713R1","A_GRM":"1.50953","Map":[{"ItemResponseOID":"FF239564-62E6-43A6-AE49-9C0C35359073","StepOrder":"0","Threshold":"-0.8533"},{"ItemResponseOID":"A1CABB91-F819-46F0-B489-FB780EFC8ACE","StepOrder":"1","Threshold":"0.1793"},{"ItemResponseOID":"AF98E501-42B9-4A48-B884-E406F0C704EB","StepOrder":"2","Threshold":"1.8578"},{"ItemResponseOID":"3A5228AB-EB63-4F3E-AFB3-5EB079E36E7F","StepOrder":"3","Threshold":"2.8535"}]},{"FormItemOID":"F5016578-F0CA-4E19-9FD1-A1D9DC2B4BAB","ID":"3459bR1","A_GRM":"1.64033","Map":[{"ItemResponseOID":"7F0E7D13-8969-4B70-B147-F7A32906DADA","StepOrder":"0","Threshold":"0.4015"},{"ItemResponseOID":"3293BB8B-521E-4391-A13F-31E88C0EF67D","StepOrder":"1","Threshold":"1.2170"},{"ItemResponseOID":"8A8CB8E6-DBEF-4E69-AE91-3D5D89415C9E","StepOrder":"2","Threshold":"2.6107"},{"ItemResponseOID":"3EC4CAD4-2307-4361-8F43-3AB0AA2A82C6","StepOrder":"3","Threshold":"3.2957"}]},{"FormItemOID":"FF926751-211B-41D8-8781-F4C7D3D46FB5","ID":"3150bR2","A_GRM":"1.82871","Map":[{"ItemResponseOID":"DA37AE2B-E8F6-476F-8533-D57EF9590BD9","StepOrder":"0","Threshold":"0.2539"},{"ItemResponseOID":"79E01C17-B2AE-47B5-A500-609AF2984ED7","StepOrder":"1","Threshold":"0.9140"},{"ItemResponseOID":"C3F4B53B-C6DF-47BE-B7BA-D46DE95C888E","StepOrder":"2","Threshold":"1.8276"},{"ItemResponseOID":"6588F152-496F-45BE-A97A-54FBFFEC3A02","StepOrder":"3","Threshold":"2.5670"}]}]}
