{"FormOID":"C0E737C9-EF7C-4842-8661-4B00F82C0FED","Form":"PROMIS pediatric item bank for fatigue.","Properties":[{"MinNumItems":"5"},{"MaxNumItems":"12"},{"IRTModel":"0"},{"SelectionMethod":"1"},{"MinTheta":"-4.00"},{"MaxTheta":"4.00"},{"ThetaIncrement":"0.1000"},{"MaxStdErr":"0.40"},{"SelectionGroupSize":"1"},{"LogisticScaling":"1.0000"},{"DistMean":"0.00"},{"DistStdDev":"1.00"},{"FirstItem":""},{"CalibrationSample":"Promis Wave 1"},{"SetSelectionMethod":"Parameterized"}],"Items":[{"FormItemOID":"0498B286-AB56-405A-B5D8-E4EE2D8D928E","ID":"3548R1","A_GRM":"1.56457","Map":[{"ItemResponseOID":"2C57C1F7-EF7F-4E4B-8021-722A614AC8B3","StepOrder":"0","Threshold":"0.5439"},{"ItemResponseOID":"EBD7076A-A3BC-45FB-AE1E-35978AA87017","StepOrder":"1","Threshold":"1.3687"},{"ItemResponseOID":"D6F45EB7-C4A3-41D9-B575-1374F32A21F0","StepOrder":"2","Threshold":"2.2485"},{"ItemResponseOID":"2D20F0D5-122C-4D95-B3D8-D38245B82A42","StepOrder":"3","Threshold":"2.8131"}]},{"FormItemOID":"0A6A60E0-DC47-4EBD-B94F-3CE9CAB229C4","ID":"4210R2","A_GRM":"1.64127","Map":[{"ItemResponseOID":"B732256B-5028-44D4-9BBE-30D939539732","StepOrder":"0","Threshold":"-0.7200"},{"ItemResponseOID":"6005260B-2970-4B7A-838D-159747220212","StepOrder":"1","Threshold":"0.2768"},{"ItemResponseOID":"78389021-2247-449B-BADD-F74C408DFAA3","StepOrder":"2","Threshold":"1.5261"},{"ItemResponseOID":"BC8BB7E7-F1B9-431D-97EF-E549E4D8B62F","StepOrder":"3","Threshold":"2.3919"}]},{"FormItemOID":"1C0773F0-BE9F-4FDE-86EE-99957014D27D","ID":"3553R2","A_GRM":"1.31806","Map":[{"ItemResponseOID":"A95D92A2-3246-48D3-90BF-2C8AD40FC140","StepOrder":"0","Threshold":"-1.2159"},{"ItemResponseOID":"56017C52-E281-477D-B4E0-DB019827DA05","StepOrder":"1","Threshold":"-0.2961"},{"ItemResponseOID":"DD4CA00E-E279-43E5-B0E2-235235C00FA1","StepOrder":"2","Threshold":"1.1345"},{"ItemResponseOID":"37655155-1B70-4630-8ECD-BAABB8946DCF","StepOrder":"3","Threshold":"1.9217"}]},{"FormItemOID":"20C684DA-4158-4EEE-B049-016EF5912BD4","ID":"4221R1","A_GRM":"1.68255","Map":[{"ItemResponseOID":"EF77F877-6158-47D7-B767-A3C761C88C0A","StepOrder":"0","Threshold":"-0.8739"},{"ItemResponseOID":"2D0334D3-A62D-456B-A374-8279D97AEFBF","StepOrder":"1","Threshold":"0.0851"},{"ItemResponseOID":"F200BC59-202C-4EC6-89D9-5B81E07BFC44","StepOrder":"2","Threshold":"1.2958"},{"ItemResponseOID":"F1481F76-1699-412A-87CF-DA2471D042DD","StepOrder":"3","Threshold":"2.1817"}]},{"FormItemOID":"218C27BA-2B56-473C-B957-9E2E18F2BFE4","ID":"4226R1","A_GRM":"1.23720","Map":[{"ItemResponseOID":"96253630-79BC-4A41-BC16-1AE99159D1D9","StepOrder":"0","Threshold":"-0.1464"},{"ItemResponseOID":"F0BCCC91-0ABC-4B7F-9466-65FB0C7B94AB","StepOrder":"1","Threshold":"0.9106"},{"ItemResponseOID":"FF9F4611-09BE-4C99-9858-B37A7D6C2484","StepOrder":"2","Threshold":"2.0635"},{"ItemResponseOID":"F98A6AAA-70B2-495D-902A-CC7BDB8EE9DD","StepOrder":"3","Threshold":"2.9099"}]},{"FormItemOID":"4A2ACAEB-C38C-47D1-AAC5-E47675E781FB","ID":"4194R1","A_GRM":"1.48188","Map":[{"ItemResponseOID":"B813B4E4-B112-4FF3-B287-2A90F47C5F0C","StepOrder":"0","Threshold":"-0.6272"},{"ItemResponseOID":"18B0FE65-0BC6-4B66-A982-048205EDF813","StepOrder":"1","Threshold":"0.0649"},{"ItemResponseOID":"568C57FA-7540-40C5-8578-E695C7C091FE","StepOrder":"2","Threshold":"1.3137"},{"ItemResponseOID":"E67E5CDD-0B4D-4BCA-BFD2-CDF25AE0C4B0","StepOrder":"3","Threshold":"2.2835"}]},{"FormItemOID":"523AD308-AADB-4490-A9DD-5F594D58DE3B","ID":"4191R1","A_GRM":"1.31064","Map":[{"ItemResponseOID":"4C8D95EB-BB2E-45B6-87D8-A29B0795BA6A","StepOrder":"0","Threshold":"-2.4669"},{"ItemResponseOID":"7995352E-8EDC-4334-8DF9-53A6E38665D2","StepOrder":"1","Threshold":"-1.2592"},{"ItemResponseOID":"EA995ADA-784E-4C57-91A2-8A3C79627B9B","StepOrder":"2","Threshold":"1.3719"},{"ItemResponseOID":"2BAA5180-B4B0-4EF1-B88F-5AFE3A3D8EBB","StepOrder":"3","Threshold":"2.9111"}]},{"FormItemOID":"7EB6A435-2C6E-406B-B9FB-549AD797486F","ID":"4239aR2","A_GRM":"1.68759","Map":[{"ItemResponseOID":"64946A9E-AF7D-4E53-89A4-934A0B4B05D3","StepOrder":"0","Threshold":"-0.1730"},{"ItemResponseOID":"7F0ACCFF-551C-43A4-958F-84CB347D936C","StepOrder":"1","Threshold":"0.5451"},{"ItemResponseOID":"B3FD9B69-9C08-4EEC-9A9D-1ECFF8A65134","StepOrder":"2","Threshold":"1.5583"},{"ItemResponseOID":"90615DBB-BF4D-4F79-AC0C-1472C1D27753","StepOrder":"3","Threshold":"2.2881"}]},{"FormItemOID":"84611588-D9E8-44BF-BD72-FCB028626850","ID":"2876R1","A_GRM":"1.66926","Map":[{"ItemResponseOID":"A5AE2EED-6164-4E81-A998-70FCD6C01482","StepOrder":"0","Threshold":"-1.3393"},{"ItemResponseOID":"FD76BB12-5138-4247-A097-6CA4B2DC40BE","StepOrder":"1","Threshold":"-0.1497"},{"ItemResponseOID":"54FE531A-926D-476B-A2BC-7E6F6A07CD11","StepOrder":"2","Threshold":"1.3837"},{"ItemResponseOID":"945E7AE1-7AF8-4E71-AB6F-39895AB836A1","StepOrder":"3","Threshold":"2.6176"}]},{"FormItemOID":"96309793-125C-4D9F-9118-DBE59D506F96","ID":"4211R2","A_GRM":"1.44771","Map":[{"ItemResponseOID":"A3A3C26A-6C66-4974-8F39-722C2B51245F","StepOrder":"0","Threshold":"-1.1418"},{"ItemResponseOID":"806916A0-3D43-497A-A079-B13B375EC8E5","StepOrder":"1","Threshold":"-0.1335"},{"ItemResponseOID":"E05EFE2C-BC14-4022-B81B-2A1685E5794C","StepOrder":"2","Threshold":"1.9194"},{"ItemResponseOID":"FC36D311-0099-4CE0-8850-1B7AFA722BC1","StepOrder":"3","Threshold":"2.8880"}]},{"FormItemOID":"9639D4DE-8638-4B1D-9B35-361A3ECD8D97","ID":"4227R1","A_GRM":"1.41715","Map":[{"ItemResponseOID":"342ACB80-F59E-4E71-B973-4BA98489D9DE","StepOrder":"0","Threshold":"0.4919"},{"ItemResponseOID":"D220B573-DA09-4AFD-A6D4-90F3A91A75C2","StepOrder":"1","Threshold":"1.4764"},{"ItemResponseOID":"7F0B1D95-DA6B-4C62-B8A6-E888D5C8D3EE","StepOrder":"2","Threshold":"2.2661"},{"ItemResponseOID":"AF49A07D-A34F-4B55-AF77-C1BEFCD67D4A","StepOrder":"3","Threshold":"2.8370"}]},{"FormItemOID":"ACACE29D-A6C8-42E6-9AFA-CDA62B3896A4","ID":"4232R1","A_GRM":"1.21820","Map":[{"ItemResponseOID":"1A8C59B6-0120-4254-B441-A36619C532CF","StepOrder":"0","Threshold":"-0.2467"},{"ItemResponseOID":"EDD21EC7-2A4B-4C4B-B37A-2E0DA464A63D","StepOrder":"1","Threshold":"0.5842"},{"ItemResponseOID":"377356F7-ACD7-4051-B590-8C57223D1E78","StepOrder":"2","Threshold":"1.9393"},{"ItemResponseOID":"B17DF53C-23C8-45F2-B895-04FBA54553BA","StepOrder":"3","Threshold":"2.6937"}]},{"FormItemOID":"B3BFBFBE-7006-494E-9210-FEEC77F04EE7","ID":"3224R1","A_GRM":"0.97458","Map":[{"ItemResponseOID":"0F5C749F-690B-49F5-94F8-DC430F071A34","StepOrder":"0","Threshold":"-1.6398"},{"ItemResponseOID":"F4AB38B8-CA97-428C-8391-DEA50A07C4F9","StepOrder":"1","Threshold":"-0.5309"},{"ItemResponseOID":"715D7CE7-2E93-44A2-8090-735C6CD944FB","StepOrder":"2","Threshold":"0.9919"},{"ItemResponseOID":"072F1939-47F5-45A0-9B38-CC7545F033A5","StepOrder":"3","Threshold":"2.0740"}]},{"FormItemOID":"B88C73A8-7172-4F31-A0D5-992455C92E5A","ID":"4199R1","A_GRM":"0.91482","Map":[{"ItemResponseOID":"2E2D9CE4-4F18-412B-A304-7A604206746D","StepOrder":"0","Threshold":"0.3790"},{"ItemResponseOID":"4FB73264-0702-4999-81F5-F948AC7F6818","StepOrder":"1","Threshold":"1.4090"},{"ItemResponseOID":"A3E7A703-54BC-4F69-A636-E8BA20367089","StepOrder":"2","Threshold":"3.4005"},{"ItemResponseOID":"AB4476D5-5D2B-471D-A84B-0F91DEB29A9B","StepOrder":"3","Threshold":"4.6009"}]},{"FormItemOID":"D67E338F-0254-421B-A5B0-B387F206CD5A","ID":"4241R2","A_GRM":"1.55375","Map":[{"ItemResponseOID":"874AB846-C6C4-4560-A4F5-B59A0D42DC64","StepOrder":"0","Threshold":"-0.1957"},{"ItemResponseOID":"9BE2EB8C-70EE-46AC-B12C-3DF542BD583F","StepOrder":"1","Threshold":"0.7788"},{"ItemResponseOID":"26668B95-9FC8-4BD2-BA69-86A26DBCC98E","StepOrder":"2","Threshold":"1.8938"},{"ItemResponseOID":"ACD8330A-8908-4731-A9D5-20DAF7EC79A4","StepOrder":"3","Threshold":"2.5773"}]},{"FormItemOID":"D86840F3-6B2D-4C6F-B10F-61B590581DFF","ID":"4215R1","A_GRM":"1.45744","Map":[{"ItemResponseOID":"933E3992-7B40-427A-A160-CAA46D22377B","StepOrder":"0","Threshold":"-0.0013"},{"ItemResponseOID":"0220ECD2-FD8F-4089-93B1-02E134148AD9","StepOrder":"1","Threshold":"0.8502"},{"ItemResponseOID":"16B7D3CD-31E0-41CB-9DC3-9CB264DB90D0","StepOrder":"2","Threshold":"1.9782"},{"ItemResponseOID":"76DBE54D-E2F3-4D5D-B4E0-79D933D3E97D","StepOrder":"3","Threshold":"2.6502"}]},{"FormItemOID":"DC4D4304-0A95-478D-90B5-3FCD06F00351","ID":"4200R1","A_GRM":"1.38628","Map":[{"ItemResponseOID":"4525F8BA-7192-4F16-B292-E6BA50CA012D","StepOrder":"0","Threshold":"0.8871"},{"ItemResponseOID":"9C18E5F4-9B96-4EC9-A03C-43ECD3133289","StepOrder":"1","Threshold":"1.5233"},{"ItemResponseOID":"234795C6-D6D4-4DCD-AEC3-7C0C49838753","StepOrder":"2","Threshold":"2.6680"},{"ItemResponseOID":"D7A9F18D-A6EE-46EA-A6F9-0CE8D83B4E42","StepOrder":"3","Threshold":"3.5588"}]},{"FormItemOID":"E310BCA0-8589-48E9-B56E-F38FC31986D5","ID":"4208bR2","A_GRM":"1.53166","Map":[{"ItemResponseOID":"98E45781-0A40-4D09-9538-BD38B48B3776","StepOrder":"0","Threshold":"-0.5961"},{"ItemResponseOID":"F2D3DD37-7128-4582-B868-137DC8D5EC42","StepOrder":"1","Threshold":"0.4373"},{"ItemResponseOID":"1B834C78-8DB6-47F8-A1E4-A6AE3E5A6DE1","StepOrder":"2","Threshold":"1.5536"},{"ItemResponseOID":"CC9C39F5-56B7-45B7-B6AD-9E3E3894462D","StepOrder":"3","Threshold":"2.3558"}]},{"FormItemOID":"EC013DAE-8F22-4DBE-864E-45F6021F50EE","ID":"4212R1","A_GRM":"1.82093","Map":[{"ItemResponseOID":"CD017586-0F65-47EC-8D87-F53115B26AB1","StepOrder":"0","Threshold":"-0.0135"},{"ItemResponseOID":"90A85BA5-1C0F-41D4-ADAE-2DE9E8A795CE","StepOrder":"1","Threshold":"1.0025"},{"ItemResponseOID":"FB59D0A2-30C8-4D6C-BDD9-2A4E44618A4C","StepOrder":"2","Threshold":"2.0364"},{"ItemResponseOID":"1D9A9CCC-2E70-4EFA-B022-8BEA4FA1DE81","StepOrder":"3","Threshold":"2.8400"}]},{"FormItemOID":"F66C58B5-344F-4B52-B49C-59C20D3EA357","ID":"4220R1","A_GRM":"1.75975","Map":[{"ItemResponseOID":"A9D7827B-5C9D-4AE6-ACF4-1B9D1CC5C70F","StepOrder":"0","Threshold":"-0.7202"},{"ItemResponseOID":"E319590B-0116-49B9-A63A-8FD46B18DAF3","StepOrder":"1","Threshold":"0.3686"},{"ItemResponseOID":"8D63A6E7-8873-4270-9991-12AEDDFF5866","StepOrder":"2","Threshold":"1.7022"},{"ItemResponseOID":"CD5C46C6-89CB-4394-B876-E5115300C0A0","StepOrder":"3","Threshold":"2.9224"}]},{"FormItemOID":"F94828D2-84F1-47F1-93A0-648EBA77349B","ID":"4201R1","A_GRM":"1.16263","Map":[{"ItemResponseOID":"E7CBBAB7-AB8B-4CEF-AE4E-47BA41134773","StepOrder":"0","Threshold":"0.4624"},{"ItemResponseOID":"35DEBB7D-9B46-43A3-852A-2CDB52AB2261","StepOrder":"1","Threshold":"1.2741"},{"ItemResponseOID":"FF9C1A93-2318-4C0C-BEE6-B92BAC419879","StepOrder":"2","Threshold":"2.5174"},{"ItemResponseOID":"CA99FC79-A300-48B1-AF72-5783C27B0E73","StepOrder":"3","Threshold":"3.1755"}]},{"FormItemOID":"FA1C5BA8-EBF8-423C-AA01-0B5549231160","ID":"4213R1","A_GRM":"1.67325","Map":[{"ItemResponseOID":"8FF09190-AE35-45CE-9E78-D516DE396A08","StepOrder":"0","Threshold":"-0.5098"},{"ItemResponseOID":"D6A11B49-BBFD-4831-8713-C2137D6DF7F1","StepOrder":"1","Threshold":"0.5465"},{"ItemResponseOID":"BEB11007-4233-4B35-BFF6-923D12B6BA33","StepOrder":"2","Threshold":"1.8625"},{"ItemResponseOID":"B298B6EC-5B0A-478A-B9AF-B3A77CA0E3AF","StepOrder":"3","Threshold":"3.0526"}]},{"FormItemOID":"FEE9A6CC-7492-466B-A2E0-443726B26F9D","ID":"4196R1","A_GRM":"1.89877","Map":[{"ItemResponseOID":"0ADCCAA5-1A10-4FED-B2A6-E4FFF4FE3725","StepOrder":"0","Threshold":"-0.0465"},{"ItemResponseOID":"EA09803E-00AA-4B53-885F-01869502983A","StepOrder":"1","Threshold":"0.9128"},{"ItemResponseOID":"7885C54E-CF21-4D37-9317-E2634198D491","StepOrder":"2","Threshold":"1.9430"},{"ItemResponseOID":"4CAA6EAC-446A-4B89-8EA8-073462FAF0C6","StepOrder":"3","Threshold":"2.6192"}]}]}
