{"FormOID":"C3305A82-E1AA-4E88-9F4D-E9C8099C296F","Form":"Four-item pain interference short form from the PROMIS-29 Profile","Properties":[{"MinNumItems":"4"},{"MaxNumItems":"4"},{"IRTModel":"0"},{"SelectionMethod":"1"},{"MinTheta":"-4.00"},{"MaxTheta":"4.00"},{"ThetaIncrement":"0.1000"},{"MaxStdErr":"0.30"},{"SelectionGroupSize":"1"},{"LogisticScaling":"1.0000"},{"DistMean":"0.00"},{"DistStdDev":"1.00"},{"FirstItem":""},{"CalibrationSample":"Promis Wave 1"},{"SetSelectionMethod":"Instance"}],"Items":[{"FormItemOID":"58F2813C-22A7-44FF-A2C6-95160179A417","ID":"PAININ22","A_GRM":"5.39710","Map":[{"ItemResponseOID":"AE051AD8-024B-42C1-B24A-B54FBC369D02","StepOrder":"1","Threshold":"0.1709"},{"ItemResponseOID":"78E19FCF-BD0B-4AB6-AD1C-9E49A146D5A0","StepOrder":"2","Threshold":"0.8366"},{"ItemResponseOID":"C15FA8A7-C863-4364-9FB2-57D7E6D74F14","StepOrder":"3","Threshold":"1.3266"},{"ItemResponseOID":"231788A7-3DEF-4E36-89BB-F83EE8D4E6A5","StepOrder":"4","Threshold":"1.9589"}]},{"FormItemOID":"5A3648D4-1CB3-4DD2-B104-32336B0F703D","ID":"PAININ31","A_GRM":"5.90514","Map":[{"ItemResponseOID":"71FA143A-D167-4DFA-BD1F-688C2737B41E","StepOrder":"1","Threshold":"0.4730"},{"ItemResponseOID":"B04CBDB9-3B82-455E-8878-C87ED3EB2311","StepOrder":"2","Threshold":"1.0094"},{"ItemResponseOID":"EA98AC67-162B-4953-8349-8DEA30CD2688","StepOrder":"3","Threshold":"1.5063"},{"ItemResponseOID":"74BFF995-4E2C-484C-97EB-DAAEB9F09897","StepOrder":"4","Threshold":"2.0770"}]},{"FormItemOID":"B7FEBAAC-11B0-486F-B53F-F0AD0E2A9779","ID":"PAININ9","A_GRM":"6.53406","Map":[{"ItemResponseOID":"3DA0338C-F6E3-499A-AB1B-9E52B21259E9","StepOrder":"1","Threshold":"0.1579"},{"ItemResponseOID":"503096A2-50DA-4A6D-A64C-B77F0B4B9A20","StepOrder":"2","Threshold":"0.8959"},{"ItemResponseOID":"8EE240A1-9781-4E05-B925-2CB78F8CFB15","StepOrder":"3","Threshold":"1.4377"},{"ItemResponseOID":"CE657312-2876-4D31-A113-975158A5B875","StepOrder":"4","Threshold":"2.0103"}]},{"FormItemOID":"CEE6FADB-06FF-4167-9BD7-02A011055451","ID":"PAININ34","A_GRM":"4.92619","Map":[{"ItemResponseOID":"A291A46C-5E43-443B-85B1-E7CD69E7D532","StepOrder":"1","Threshold":"0.1771"},{"ItemResponseOID":"85F82309-1AED-4351-8F10-3FFF4B26719D","StepOrder":"2","Threshold":"0.8447"},{"ItemResponseOID":"BE795CC0-F3DB-4139-8A54-A00F268BF8E2","StepOrder":"3","Threshold":"1.3630"},{"ItemResponseOID":"0829399E-3FE0-447A-8785-66DE22EC4841","StepOrder":"4","Threshold":"1.9795"}]}]}
