{"FormOID":"C4ADCFAB-6B75-498E-9E94-AFD3BA211DC4","Form":"PROMIS Pain Behavior Bank","Properties":[{"MinNumItems":"4"},{"MaxNumItems":"12"},{"IRTModel":"0"},{"SelectionMethod":"1"},{"MinTheta":"-4.00"},{"MaxTheta":"4.00"},{"ThetaIncrement":"0.1000"},{"MaxStdErr":"0.30"},{"SelectionGroupSize":"1"},{"LogisticScaling":"1.0000"},{"DistMean":"0.00"},{"DistStdDev":"1.00"},{"FirstItem":""},{"CalibrationSample":"Promis Wave 1"},{"SetSelectionMethod":"Instance"}],"Items":[{"FormItemOID":"0BD3DE5F-ABDD-473B-A43C-7A687884CE02","ID":"PAINBE33","A_GRM":"5.21573","Map":[{"ItemResponseOID":"AD5BFCE1-6E91-473D-B033-D78F2217C84D","StepOrder":"1","Threshold":"-0.4075"},{"ItemResponseOID":"456575FF-924B-4365-AFC2-2C55E7AB5085","StepOrder":"2","Threshold":"0.2699"},{"ItemResponseOID":"E214FB4C-74DE-4F88-8C56-1E7CCC8E8926","StepOrder":"3","Threshold":"0.6372"},{"ItemResponseOID":"D6D2F126-E71F-4E35-8007-DFE925A54A11","StepOrder":"4","Threshold":"1.2118"},{"ItemResponseOID":"8A051FDA-5249-443D-912C-59DCFF2552DD","StepOrder":"5","Threshold":"1.6958"}]},{"FormItemOID":"157324D5-B3D3-4FE7-BB7E-A87708620E9E","ID":"PAINBE31","A_GRM":"3.91852","Map":[{"ItemResponseOID":"92C49AA1-A3F1-4907-8065-8D0917E6031E","StepOrder":"1","Threshold":"-0.4169"},{"ItemResponseOID":"46D235A1-CCD9-4D6F-AF96-931F3FD4D29E","StepOrder":"2","Threshold":"0.4789"},{"ItemResponseOID":"000D0792-6F34-4169-B740-7818880E0479","StepOrder":"3","Threshold":"0.7667"},{"ItemResponseOID":"99A59F9D-AB15-4307-9785-6800FA651211","StepOrder":"4","Threshold":"1.2034"},{"ItemResponseOID":"12E387EC-E1CD-4BE4-A8C7-4DB88403692B","StepOrder":"5","Threshold":"1.5839"}]},{"FormItemOID":"1BAF5A5C-B499-43DE-B667-455F473629AB","ID":"PAINBE3","A_GRM":"5.03393","Map":[{"ItemResponseOID":"4135775B-A65B-47D0-9928-0C20D7615AEB","StepOrder":"1","Threshold":"-0.3654"},{"ItemResponseOID":"57951810-08C7-484A-8F5D-429A896324B4","StepOrder":"2","Threshold":"0.2884"},{"ItemResponseOID":"CD4FF722-34E7-423E-ACBA-9D0FDC7503DF","StepOrder":"3","Threshold":"0.6979"},{"ItemResponseOID":"97468DFC-3E09-4A53-87FD-552B0D2A7BCC","StepOrder":"4","Threshold":"1.2893"},{"ItemResponseOID":"9F7C75D7-BB0E-4625-AF1F-7A4DF68C9941","StepOrder":"5","Threshold":"1.8240"}]},{"FormItemOID":"216BD2FE-061B-4AAC-9A95-707DBB200762","ID":"PAINBE47","A_GRM":"4.33321","Map":[{"ItemResponseOID":"A47ECCEE-CEBE-4656-A7A8-298BE42B4D3D","StepOrder":"1","Threshold":"-0.3843"},{"ItemResponseOID":"45A6B038-64F3-478B-BDEC-3BB6A27F7E41","StepOrder":"2","Threshold":"0.5068"},{"ItemResponseOID":"1F6A5119-601C-4A34-A466-09580A6A7926","StepOrder":"3","Threshold":"0.7647"},{"ItemResponseOID":"E3B78DB8-945E-4A8B-9E4A-86FDE2ED6145","StepOrder":"4","Threshold":"1.1956"},{"ItemResponseOID":"5CD45B33-E51D-4577-AE4E-1C71A2282C94","StepOrder":"5","Threshold":"1.6882"}]},{"FormItemOID":"22C36268-FA2F-4AD6-9B7F-2C5C84BC11CF","ID":"PAINBE22","A_GRM":"3.99343","Map":[{"ItemResponseOID":"64D43B5A-2D19-4BEF-8DA8-ACD169DB4ECE","StepOrder":"1","Threshold":"-0.3449"},{"ItemResponseOID":"575B0027-AC8A-4F98-8F5C-8108EC7320D8","StepOrder":"2","Threshold":"0.8648"},{"ItemResponseOID":"0A225C27-9ADE-45FA-9BE1-F579ABA9F87E","StepOrder":"3","Threshold":"1.1687"},{"ItemResponseOID":"86631895-D50A-4BF4-9405-6FA376E71462","StepOrder":"4","Threshold":"1.5795"},{"ItemResponseOID":"C769B7DC-2E4D-4B76-84FD-1B02711EA7D1","StepOrder":"5","Threshold":"2.0325"}]},{"FormItemOID":"2301D32B-DAE4-4AB6-9C49-7E617D3BB91A","ID":"PAINBE37","A_GRM":"5.38168","Map":[{"ItemResponseOID":"A724936D-4511-41EC-B5C3-D12E8A4CF12A","StepOrder":"1","Threshold":"-0.4043"},{"ItemResponseOID":"DCD5AE1B-3E4D-474B-9923-B96467E90693","StepOrder":"2","Threshold":"0.6155"},{"ItemResponseOID":"4F783F00-9B7F-4DC9-BAE0-A8D54BA2E805","StepOrder":"3","Threshold":"0.8702"},{"ItemResponseOID":"7F285031-8362-481D-8A86-349080A2FF16","StepOrder":"4","Threshold":"1.2189"},{"ItemResponseOID":"E56E2646-1F2B-4862-A3F9-D82516401E7F","StepOrder":"5","Threshold":"1.7178"}]},{"FormItemOID":"244A7607-7B50-4CD4-BAE5-4DECAAB5E2D3","ID":"PAINBE17","A_GRM":"5.65210","Map":[{"ItemResponseOID":"ED4AF9DD-0EBF-42F2-A627-076D5FDE004D","StepOrder":"1","Threshold":"-0.3775"},{"ItemResponseOID":"E15B67F3-A933-49DD-90E0-EDB22800A117","StepOrder":"2","Threshold":"0.7089"},{"ItemResponseOID":"73A41625-9653-4968-88BB-B586A1A6FD6A","StepOrder":"3","Threshold":"1.0720"},{"ItemResponseOID":"B03F62F3-7665-4149-B54E-447ACE4C31A8","StepOrder":"4","Threshold":"1.5371"},{"ItemResponseOID":"2A73EF37-ADB2-43B9-90A3-5BF9FFBDB171","StepOrder":"5","Threshold":"2.0004"}]},{"FormItemOID":"34CF43B4-7F09-48F1-B7D3-8F81D687832B","ID":"PAINBE32","A_GRM":"5.05369","Map":[{"ItemResponseOID":"F06472EA-BE8C-4DDD-AED3-B696C93E13B7","StepOrder":"1","Threshold":"-0.4084"},{"ItemResponseOID":"5538D514-AD35-49A2-B272-B315F2F9B485","StepOrder":"2","Threshold":"0.4687"},{"ItemResponseOID":"6642CB9B-49C1-46C5-B0FE-1A64FABD3B7C","StepOrder":"3","Threshold":"0.7987"},{"ItemResponseOID":"A45FCF1E-C0BA-4EE0-BD90-454BBD17406D","StepOrder":"4","Threshold":"1.2590"},{"ItemResponseOID":"B5014BD2-DA71-4311-B285-1FAF4F11C925","StepOrder":"5","Threshold":"1.7457"}]},{"FormItemOID":"3868B0A2-F40C-42A7-97C9-EBA44FF5B59C","ID":"PAINBE24","A_GRM":"4.53196","Map":[{"ItemResponseOID":"CCBDD960-CB63-4D8B-A8A6-8C47F2843C10","StepOrder":"1","Threshold":"-0.4029"},{"ItemResponseOID":"20BA1078-FE01-4802-A7FC-BA5E87D9C2B8","StepOrder":"2","Threshold":"0.1940"},{"ItemResponseOID":"057A6DE5-16B9-4997-BAC7-6326C372371F","StepOrder":"3","Threshold":"0.5348"},{"ItemResponseOID":"2F8E8D7C-417A-48FB-9BD6-25B1F668B2A5","StepOrder":"4","Threshold":"1.0434"},{"ItemResponseOID":"A91D26D9-9D42-4E43-BDC9-7E86649F3C0D","StepOrder":"5","Threshold":"1.4722"}]},{"FormItemOID":"3878E578-0ED3-4DC4-A04B-39219F0DBA11","ID":"PAINBE39","A_GRM":"5.20977","Map":[{"ItemResponseOID":"06FA1660-B7A3-4A08-9F5B-46FD41CDFBFB","StepOrder":"1","Threshold":"-0.3722"},{"ItemResponseOID":"423D32B2-A8D5-419E-9F69-7970D0DD171E","StepOrder":"2","Threshold":"0.7172"},{"ItemResponseOID":"1F1CA34C-CB56-470D-AE9E-E33084662E9D","StepOrder":"3","Threshold":"1.0631"},{"ItemResponseOID":"79CE9460-D523-4E5A-875F-D73ADDA6002E","StepOrder":"4","Threshold":"1.4705"},{"ItemResponseOID":"72D52644-1838-480D-8DA5-2F31F071ACEF","StepOrder":"5","Threshold":"1.9006"}]},{"FormItemOID":"39B66A55-9456-4059-8DB2-CC82E124CBAB","ID":"PAINBE43","A_GRM":"4.45538","Map":[{"ItemResponseOID":"4A6C0A60-58E3-496B-AC83-56994EAAD917","StepOrder":"1","Threshold":"-0.3467"},{"ItemResponseOID":"0956D9C8-29CC-405A-ABF6-0168D093E25C","StepOrder":"2","Threshold":"0.2667"},{"ItemResponseOID":"76184DF2-B4D9-4120-9757-2C9B3958D9EA","StepOrder":"3","Threshold":"0.5514"},{"ItemResponseOID":"FC2E4ECD-D29D-47AA-B215-ECE5478DE209","StepOrder":"4","Threshold":"0.9734"},{"ItemResponseOID":"E62ED843-895C-470A-AE3A-63CCB56CCA59","StepOrder":"5","Threshold":"1.3470"}]},{"FormItemOID":"39DD369B-9236-49D2-96F2-BD96806F0D96","ID":"PAINBE51","A_GRM":"5.42293","Map":[{"ItemResponseOID":"7CE2E456-84D4-4AAC-AF19-76814560DC1F","StepOrder":"1","Threshold":"-0.3404"},{"ItemResponseOID":"2E688CA0-373E-41D6-8370-70C60C883BA7","StepOrder":"2","Threshold":"0.6181"},{"ItemResponseOID":"A763CF4F-291E-418A-BA8A-7F427883EE2A","StepOrder":"3","Threshold":"0.9002"},{"ItemResponseOID":"B0CE1D89-51A1-4C4E-B645-797F21058A31","StepOrder":"4","Threshold":"1.2349"},{"ItemResponseOID":"8802A726-058D-413F-B292-D46BC9B89643","StepOrder":"5","Threshold":"1.6620"}]},{"FormItemOID":"4FDB38A4-389B-4E84-85FE-E37904153FC1","ID":"PAINBE38","A_GRM":"4.62390","Map":[{"ItemResponseOID":"C61DDDD7-38E1-4FEB-8D2F-6B9C4C0559A2","StepOrder":"1","Threshold":"-0.3763"},{"ItemResponseOID":"0A1958BD-411F-4FF3-9CB2-D88ACB132383","StepOrder":"2","Threshold":"0.8831"},{"ItemResponseOID":"F2102E0B-D5DD-4C7C-A21A-D4AB1F8251C7","StepOrder":"3","Threshold":"1.1409"},{"ItemResponseOID":"A6AA1761-B095-4F73-BC48-A563567A9448","StepOrder":"4","Threshold":"1.6142"},{"ItemResponseOID":"1CFE3296-B051-46F1-AF41-D26323E7748F","StepOrder":"5","Threshold":"2.0964"}]},{"FormItemOID":"50DDF220-0CD6-44D2-B08B-D9549D4A3339","ID":"PAINBE49","A_GRM":"4.98691","Map":[{"ItemResponseOID":"3C142AD6-A2B6-407B-9420-2FC2E0562065","StepOrder":"1","Threshold":"-0.3930"},{"ItemResponseOID":"190209B4-48DF-4DB4-8F1B-474261B0FD64","StepOrder":"2","Threshold":"0.2950"},{"ItemResponseOID":"BFE6C8FF-519B-4759-80E0-931A0D27F686","StepOrder":"3","Threshold":"0.6522"},{"ItemResponseOID":"C335319C-B7A2-4C53-9B96-A4887A6453BA","StepOrder":"4","Threshold":"1.2242"},{"ItemResponseOID":"3E39756D-4955-4F54-AEA1-972E5DAF8199","StepOrder":"5","Threshold":"1.7359"}]},{"FormItemOID":"53501990-D40D-4D44-96A8-00425183B9CA","ID":"PAINBE45","A_GRM":"4.98842","Map":[{"ItemResponseOID":"2BE55285-A5B5-4454-9F2D-39F89DCC61F7","StepOrder":"1","Threshold":"-0.3394"},{"ItemResponseOID":"C80E435E-6A4C-4FF0-A72F-61A05839B9D7","StepOrder":"2","Threshold":"1.1122"},{"ItemResponseOID":"DE90F893-8945-40AC-B7E4-3574A4E079B9","StepOrder":"3","Threshold":"1.3850"},{"ItemResponseOID":"7C144A7B-0CCC-4E27-8A3D-35AA8E82C199","StepOrder":"4","Threshold":"1.7463"},{"ItemResponseOID":"3A60A107-C804-452B-8F47-3A915CE58834","StepOrder":"5","Threshold":"2.1840"}]},{"FormItemOID":"633C8C4F-B85F-4B00-A134-8626E572C145","ID":"PAINBE27","A_GRM":"6.50844","Map":[{"ItemResponseOID":"45C6DC89-4115-482D-AFE3-6D219ADA486F","StepOrder":"1","Threshold":"-0.3599"},{"ItemResponseOID":"3769EA8E-D77E-4927-B834-E6B029BAA76E","StepOrder":"2","Threshold":"0.8932"},{"ItemResponseOID":"A1B78F9A-16AE-4CF3-AFAC-9D37B47C0B0E","StepOrder":"3","Threshold":"1.1280"},{"ItemResponseOID":"060D7BA2-0928-4802-AB03-19EB1D3E7B28","StepOrder":"4","Threshold":"1.4566"},{"ItemResponseOID":"5EBAC662-4AA8-4D6C-894D-76D871511D8F","StepOrder":"5","Threshold":"1.8622"}]},{"FormItemOID":"65CF8330-AC35-4E6A-9BD6-5A2A9F16C9D6","ID":"PAINBE28","A_GRM":"5.05816","Map":[{"ItemResponseOID":"5110B84E-D0FD-4D2B-962B-6282C142EB9F","StepOrder":"1","Threshold":"-0.3559"},{"ItemResponseOID":"3E8DEB6A-D6EB-46C7-BE68-1980C37BBEAE","StepOrder":"2","Threshold":"0.6088"},{"ItemResponseOID":"598077BB-4B59-4C2B-B945-EE36339BA9D7","StepOrder":"3","Threshold":"0.8986"},{"ItemResponseOID":"89309EF3-56A3-48DC-971A-1473D7CA613A","StepOrder":"4","Threshold":"1.3424"},{"ItemResponseOID":"A4C151D0-F982-4348-B243-FEB9060C9083","StepOrder":"5","Threshold":"1.7968"}]},{"FormItemOID":"69126EF7-F2E8-473D-9958-CF0A8A49EA31","ID":"PAINBE23","A_GRM":"4.96536","Map":[{"ItemResponseOID":"BDFDDDCA-4083-4EA8-9B87-27ADA25583A5","StepOrder":"1","Threshold":"-0.3445"},{"ItemResponseOID":"98FB2592-A1A9-45B8-B44D-256315F84128","StepOrder":"2","Threshold":"0.8670"},{"ItemResponseOID":"3F2DBC36-C2CF-4134-9F06-F99D657F8663","StepOrder":"3","Threshold":"1.1444"},{"ItemResponseOID":"B5818CF1-18E1-4F15-A00A-1348A82CC16C","StepOrder":"4","Threshold":"1.5077"},{"ItemResponseOID":"41EDDF45-AA28-4B39-A5DC-BDAC9E87C441","StepOrder":"5","Threshold":"1.9839"}]},{"FormItemOID":"697EC7FE-C5EF-49E0-AE60-532C593BD579","ID":"PAINBE6","A_GRM":"4.63048","Map":[{"ItemResponseOID":"161A139F-116A-4233-80AD-073707F74109","StepOrder":"1","Threshold":"-0.3634"},{"ItemResponseOID":"277B1E57-45D7-4642-82F9-61D8B42D85AD","StepOrder":"2","Threshold":"0.3675"},{"ItemResponseOID":"BAC09904-E9B3-42D5-8802-93C9A950ABCE","StepOrder":"3","Threshold":"0.7252"},{"ItemResponseOID":"E91EF073-5A82-42B8-9B00-FE88680AF734","StepOrder":"4","Threshold":"1.2279"},{"ItemResponseOID":"0A8498E6-6252-403A-9EA6-2948D24D0E54","StepOrder":"5","Threshold":"1.7637"}]},{"FormItemOID":"6E552CC0-C458-4ADD-B544-925A950B6D3E","ID":"PAINBE50","A_GRM":"4.60196","Map":[{"ItemResponseOID":"44264951-4128-4AFC-8BB2-1ECB3DB2E069","StepOrder":"1","Threshold":"-0.3299"},{"ItemResponseOID":"80AAB361-82F1-4495-BA52-ED30EF36D544","StepOrder":"2","Threshold":"0.3445"},{"ItemResponseOID":"40C03B27-2F01-4861-AA7D-910D2CD30990","StepOrder":"3","Threshold":"0.6428"},{"ItemResponseOID":"ADFEA2DD-4B30-47A2-B17A-44F77BFE0497","StepOrder":"4","Threshold":"1.1258"},{"ItemResponseOID":"50DD00C9-E3F7-443B-822E-9F7382DF7030","StepOrder":"5","Threshold":"1.5420"}]},{"FormItemOID":"7017B94A-079A-4A4A-8142-86F7B77D39B5","ID":"PAINBE11","A_GRM":"4.32363","Map":[{"ItemResponseOID":"45022890-F8B0-4BD2-8427-F1AC47D4BF46","StepOrder":"1","Threshold":"-0.4187"},{"ItemResponseOID":"AFBEC22B-BC17-459C-A3F0-F77351F088EF","StepOrder":"2","Threshold":"0.6904"},{"ItemResponseOID":"62AAE709-617E-4A4B-8DAB-F0471AFAE8E3","StepOrder":"3","Threshold":"0.9898"},{"ItemResponseOID":"14495845-5F45-4F94-A1BF-E1ED6E9C3A21","StepOrder":"4","Threshold":"1.4224"},{"ItemResponseOID":"717D3CB8-32E5-4621-B462-BD734D69DF80","StepOrder":"5","Threshold":"1.8625"}]},{"FormItemOID":"7641FA32-3A85-4440-BB8E-D5A45C760341","ID":"PAINBE9","A_GRM":"5.09556","Map":[{"ItemResponseOID":"E1350C7F-D925-4B71-A921-A5579C924DCA","StepOrder":"1","Threshold":"-0.3174"},{"ItemResponseOID":"7A2FADCB-B59D-43B5-8542-1FFE28CE2DF5","StepOrder":"2","Threshold":"0.6877"},{"ItemResponseOID":"22CF3B34-6CD1-4D24-88AB-5A15B7B47C6F","StepOrder":"3","Threshold":"1.0387"},{"ItemResponseOID":"344DACF6-BC54-4F55-836D-1CAEE6860F79","StepOrder":"4","Threshold":"1.4690"},{"ItemResponseOID":"5A7C905C-0782-4075-B3A7-B1D699C02866","StepOrder":"5","Threshold":"1.8947"}]},{"FormItemOID":"77C86585-CAFF-43C3-80B0-1023496FAED2","ID":"PAINBE2","A_GRM":"5.50922","Map":[{"ItemResponseOID":"B153BE2F-4CEB-4C86-9CB4-20534298DF48","StepOrder":"1","Threshold":"-0.3571"},{"ItemResponseOID":"F4CE265C-EC1A-4AC1-A3A4-D25143D283C5","StepOrder":"2","Threshold":"0.2880"},{"ItemResponseOID":"C5C00432-13FD-4C5D-A0D4-75A2611C4CD6","StepOrder":"3","Threshold":"0.6984"},{"ItemResponseOID":"3337474D-7B55-44CF-BCA4-A41E520089C3","StepOrder":"4","Threshold":"1.1961"},{"ItemResponseOID":"7B115BEF-E247-4CD3-BCCC-D584439555C9","StepOrder":"5","Threshold":"1.6378"}]},{"FormItemOID":"8BCF5B27-EDA3-4C1C-8ABD-8FAF16F5A975","ID":"PAINBE25","A_GRM":"5.06239","Map":[{"ItemResponseOID":"FE5F58DE-9A7D-47EF-B06E-092901BD254D","StepOrder":"1","Threshold":"-0.3056"},{"ItemResponseOID":"9413B39F-D643-47A5-8C4A-FD7165E8E238","StepOrder":"2","Threshold":"1.0062"},{"ItemResponseOID":"39A9CF82-6237-414C-A216-954CB3ED8A75","StepOrder":"3","Threshold":"1.3672"},{"ItemResponseOID":"F1ECA5B8-6F06-4CDD-A076-44F80D91D1BF","StepOrder":"4","Threshold":"1.7784"},{"ItemResponseOID":"1C5B30A0-E771-4E09-A5D4-314EF6E0CEF7","StepOrder":"5","Threshold":"2.1113"}]},{"FormItemOID":"8FAB8194-4322-4CEC-8A0E-E0DD669AB1AB","ID":"PAINBE29","A_GRM":"4.18279","Map":[{"ItemResponseOID":"0BAF9FE3-D0F6-4D71-824F-943322250A10","StepOrder":"1","Threshold":"-0.3476"},{"ItemResponseOID":"2924D0D2-67C6-418D-A42D-09D02FB21EE1","StepOrder":"2","Threshold":"1.0253"},{"ItemResponseOID":"83E8F6B3-2B93-4E1E-8876-5CDE7E2BDE06","StepOrder":"3","Threshold":"1.2296"},{"ItemResponseOID":"C202E2A5-527B-4B2A-A0EE-BE4DCDFD2912","StepOrder":"4","Threshold":"1.4818"},{"ItemResponseOID":"9459B9F5-32D8-4537-9557-CFD4D7EB8855","StepOrder":"5","Threshold":"1.7303"}]},{"FormItemOID":"913E85DD-317B-43CC-BD87-6E52F561552E","ID":"PAINBE41","A_GRM":"0.00000","Map":[{"ItemResponseOID":"3F9DE3ED-F3DB-4299-8610-1EAB479FEA9C","StepOrder":"1","Threshold":"0.0000"},{"ItemResponseOID":"D08642C3-AF42-4170-8488-DDDB57A6DA48","StepOrder":"2","Threshold":"0.0000"},{"ItemResponseOID":"8BC55ACD-5D49-46F6-9158-99FB0D2C3A4B","StepOrder":"3","Threshold":"0.0000"},{"ItemResponseOID":"C20E547F-0A10-4C3F-9FD1-FFCD4752DDA1","StepOrder":"4","Threshold":"0.0000"},{"ItemResponseOID":"FA6E5A7E-A513-432D-9C21-61F1D66C3FCE","StepOrder":"5","Threshold":"0.0000"}]},{"FormItemOID":"931F3DDE-95D1-4632-8FBF-E54248060257","ID":"PAINBE26","A_GRM":"6.07633","Map":[{"ItemResponseOID":"F8E91B50-E5C4-4E1E-AA71-AD0963CC0EE0","StepOrder":"1","Threshold":"-0.3438"},{"ItemResponseOID":"2A3272D1-B87B-4909-9E3D-6AFDBB3F3FDA","StepOrder":"2","Threshold":"0.9698"},{"ItemResponseOID":"263EE445-0EDD-4480-AD15-ADF055B11B95","StepOrder":"3","Threshold":"1.2305"},{"ItemResponseOID":"7706DB64-6D81-4DDB-B208-7AEEB55F0AC8","StepOrder":"4","Threshold":"1.5880"},{"ItemResponseOID":"A5C403EC-2F22-41A0-AABF-1137311F222B","StepOrder":"5","Threshold":"2.0012"}]},{"FormItemOID":"953C0C74-47D4-4A4C-BAA4-B884CC6E0A58","ID":"PAINBE18","A_GRM":"4.09809","Map":[{"ItemResponseOID":"D79F3712-32FF-4308-9E62-BFDBCFA9F75B","StepOrder":"1","Threshold":"-0.3334"},{"ItemResponseOID":"7DEDFE0E-7B59-45CE-B103-EB96FA927B66","StepOrder":"2","Threshold":"0.5999"},{"ItemResponseOID":"CC29146E-4495-45DF-A3E7-FFB0129045E8","StepOrder":"3","Threshold":"0.9695"},{"ItemResponseOID":"38781EAB-FCBD-4762-A36D-EB05A068D4DB","StepOrder":"4","Threshold":"1.4092"},{"ItemResponseOID":"2A7BB29D-5C4F-4F5D-A689-2AFB1C34BE11","StepOrder":"5","Threshold":"1.8816"}]},{"FormItemOID":"A15654B1-12C1-4EDF-B8D7-496B9DD8ABA0","ID":"PAINBE8","A_GRM":"5.71973","Map":[{"ItemResponseOID":"CB09F163-70E3-4BCB-BD7B-45EDC3B2B3FC","StepOrder":"1","Threshold":"-0.2939"},{"ItemResponseOID":"23FECE02-E4B5-4EFA-BC90-3FCEC808422E","StepOrder":"2","Threshold":"0.2927"},{"ItemResponseOID":"1D2F0D68-49E2-4DB8-BB66-C3D301AC3947","StepOrder":"3","Threshold":"0.6580"},{"ItemResponseOID":"6D7957C7-7F8C-4EEA-A33D-01ABCAEE2130","StepOrder":"4","Threshold":"1.1056"},{"ItemResponseOID":"5F7779CF-D102-4C7D-8916-1AE4D0795132","StepOrder":"5","Threshold":"1.5116"}]},{"FormItemOID":"A1D02434-F17E-4C22-B31A-7945A95F7FC3","ID":"PAINBE16","A_GRM":"5.68157","Map":[{"ItemResponseOID":"063FF105-5058-418E-903C-092E065CB1AE","StepOrder":"1","Threshold":"-0.3887"},{"ItemResponseOID":"F639F6A1-85CD-4DDE-8A1F-01D46E2FAC84","StepOrder":"2","Threshold":"0.4998"},{"ItemResponseOID":"48C9B4C3-A48F-4BAC-B4CB-A6BFB4E65523","StepOrder":"3","Threshold":"0.8579"},{"ItemResponseOID":"2074AEC4-5D5C-4E40-8BF8-26F61669C58F","StepOrder":"4","Threshold":"1.2800"},{"ItemResponseOID":"CAC60D6F-4A25-4BF6-85C4-7CD59DE7103D","StepOrder":"5","Threshold":"1.6844"}]},{"FormItemOID":"A3A2D06A-D271-4FF9-96E4-E5E6745748D6","ID":"PAINBE42","A_GRM":"4.69639","Map":[{"ItemResponseOID":"513E59F8-9ABF-4BA6-944E-EFB8864801FD","StepOrder":"1","Threshold":"-0.3697"},{"ItemResponseOID":"8251BE56-66C3-4197-BAC8-567B42DF376E","StepOrder":"2","Threshold":"0.5325"},{"ItemResponseOID":"3C0920A9-6170-4947-973A-C081923A72B3","StepOrder":"3","Threshold":"0.7949"},{"ItemResponseOID":"DC774DFC-EEA8-48EF-99D6-DA85596929DE","StepOrder":"4","Threshold":"1.1932"},{"ItemResponseOID":"C818E052-AFD0-435E-A122-40DF481ADF63","StepOrder":"5","Threshold":"1.5933"}]},{"FormItemOID":"A70D6323-66B9-492E-909A-DE0394426D95","ID":"PAINBE35","A_GRM":"4.52867","Map":[{"ItemResponseOID":"399C71B8-FE2D-4529-BB94-4ACC828CC1FA","StepOrder":"1","Threshold":"-0.4196"},{"ItemResponseOID":"057F175A-8CB7-43C3-969B-BB3C476EE47E","StepOrder":"2","Threshold":"0.5917"},{"ItemResponseOID":"280F2B4A-4874-4058-B3C4-A77D8D809AC6","StepOrder":"3","Threshold":"0.9918"},{"ItemResponseOID":"3EB7FD6A-E1F6-41C4-BD85-966D972052A9","StepOrder":"4","Threshold":"1.4703"},{"ItemResponseOID":"AB51BD8C-78A3-4F4C-8A03-654355953463","StepOrder":"5","Threshold":"1.9466"}]},{"FormItemOID":"AC0F4945-FADB-41E7-8C35-D08B36CFADB1","ID":"PAINBE46","A_GRM":"4.25825","Map":[{"ItemResponseOID":"992536FA-AB51-44BA-835E-9E2B2EF6EC64","StepOrder":"1","Threshold":"-0.3867"},{"ItemResponseOID":"51F9D441-9673-4D47-B24F-D37C9232184B","StepOrder":"2","Threshold":"0.2752"},{"ItemResponseOID":"17E78995-56F4-4F50-96ED-C3158EF8D848","StepOrder":"3","Threshold":"0.5752"},{"ItemResponseOID":"560849B2-47D3-4224-8457-1826DCF85AE0","StepOrder":"4","Threshold":"1.0410"},{"ItemResponseOID":"86C1E57B-73AF-475C-A8A1-1B46BBB8AE70","StepOrder":"5","Threshold":"1.4908"}]},{"FormItemOID":"CA4B14CA-F087-4816-8A88-7BCC63D1CBD0","ID":"PAINBE21","A_GRM":"5.65980","Map":[{"ItemResponseOID":"2A5EA660-7C6B-45C8-A202-6FEBE6623FA8","StepOrder":"1","Threshold":"-0.3691"},{"ItemResponseOID":"BC8CFDE0-AB34-435D-AC6A-28E93AB4D575","StepOrder":"2","Threshold":"0.3507"},{"ItemResponseOID":"2C505344-E70A-475E-9E0B-B143B8A03D38","StepOrder":"3","Threshold":"0.7430"},{"ItemResponseOID":"FB3841EC-81C4-46F8-B79B-C53A764DA066","StepOrder":"4","Threshold":"1.1979"},{"ItemResponseOID":"4485C1C5-5CEB-411D-AF80-45F99531203F","StepOrder":"5","Threshold":"1.6085"}]},{"FormItemOID":"F76CB5ED-8412-40B5-887B-37D3CC7032F1","ID":"PAINBE44","A_GRM":"4.69558","Map":[{"ItemResponseOID":"F68E9BD1-E3B7-4895-BD14-7ABA4AB25847","StepOrder":"1","Threshold":"-0.3579"},{"ItemResponseOID":"74B095F9-76A5-409A-8EFB-70556947CA80","StepOrder":"2","Threshold":"0.7375"},{"ItemResponseOID":"4A373150-0840-4042-A3C9-54847888E784","StepOrder":"3","Threshold":"1.0358"},{"ItemResponseOID":"21C22415-1E71-4A9A-86E8-299C4FCD1565","StepOrder":"4","Threshold":"1.4578"},{"ItemResponseOID":"716DDC97-8AA1-4422-A8B8-8BD857D0411F","StepOrder":"5","Threshold":"1.9767"}]},{"FormItemOID":"FB62A78F-7A4E-4866-862C-B8F5ED446F0E","ID":"PAINBE13","A_GRM":"4.32460","Map":[{"ItemResponseOID":"0A5BC5A3-F3B5-4DAA-BC1D-300562E1E067","StepOrder":"1","Threshold":"-0.4131"},{"ItemResponseOID":"5B45BB15-F804-4C2C-B5E6-B048CC8E8C73","StepOrder":"2","Threshold":"0.4374"},{"ItemResponseOID":"8D863F42-87B5-4805-9778-19ABC711AEAA","StepOrder":"3","Threshold":"0.7946"},{"ItemResponseOID":"361AFE8B-B291-4A9B-B006-4ED0D89DFB18","StepOrder":"4","Threshold":"1.3042"},{"ItemResponseOID":"262FB5C0-D329-40D9-B3B4-20E95AC7DC4D","StepOrder":"5","Threshold":"1.8665"}]},{"FormItemOID":"FEE9EF61-FC34-41D5-89EE-A06250DF928D","ID":"PAINBE48","A_GRM":"5.41694","Map":[{"ItemResponseOID":"0EB3A360-DE26-4F62-BA54-B10543836C22","StepOrder":"1","Threshold":"-0.3637"},{"ItemResponseOID":"9DA435D8-5850-4F81-9E51-E903E59E4050","StepOrder":"2","Threshold":"0.6260"},{"ItemResponseOID":"8A48E333-1A6E-4947-88C7-ABA2ED1EF649","StepOrder":"3","Threshold":"0.9042"},{"ItemResponseOID":"749AF1B8-AE0D-4188-8F12-06C683083B1D","StepOrder":"4","Threshold":"1.2978"},{"ItemResponseOID":"8DC0E039-7634-4BA4-9A72-885E187085E2","StepOrder":"5","Threshold":"1.7222"}]}]}
