{"FormOID":"C81F128D-F091-4AF5-917A-060FAC6B21B5","Form":"Neuro-QOL Ped Bank v2.1- Fatigue","Properties":[{"MinNumItems":"4"},{"MaxNumItems":"11"},{"IRTModel":"0"},{"SelectionMethod":"1"},{"MinTheta":"-4.00"},{"MaxTheta":"4.00"},{"ThetaIncrement":"0.1000"},{"MaxStdErr":"0.30"},{"SelectionGroupSize":"1"},{"LogisticScaling":"1.0000"},{"DistMean":"0.00"},{"DistStdDev":"1.00"},{"FirstItem":""},{"CalibrationSample":"PROsetta Stone w3_1"},{"SetSelectionMethod":"Instance"}],"Items":[{"FormItemOID":"09DC8F16-5720-46D3-A3EB-1E82F84E7FCF","ID":"NQFTGpeds11r1","A_GRM":"3.44000","Map":[{"ItemResponseOID":"728A9959-8760-4D73-A307-D77F052E8F63","StepOrder":"1","Threshold":"0.5400"},{"ItemResponseOID":"443257E7-F59A-4E95-A8DE-614C819B6005","StepOrder":"2","Threshold":"1.1300"},{"ItemResponseOID":"A1283EC3-0261-495B-860D-385704175208","StepOrder":"3","Threshold":"1.7900"},{"ItemResponseOID":"AF3C976E-56C1-49FD-AD27-35BF22FDD61C","StepOrder":"4","Threshold":"2.4800"}]},{"FormItemOID":"0BC19F31-08A3-4478-877C-F89464186F92","ID":"NQFTGpeds13","A_GRM":"3.26000","Map":[{"ItemResponseOID":"D37DBC50-F135-42B1-94B7-25303C8E9288","StepOrder":"1","Threshold":"0.4600"},{"ItemResponseOID":"259CC7F3-74E3-4FE1-A30E-77CA9EED609C","StepOrder":"2","Threshold":"0.9700"},{"ItemResponseOID":"BF3F866D-80A0-47DD-84FF-FBC37DDD8655","StepOrder":"3","Threshold":"1.5400"},{"ItemResponseOID":"EBB67DA0-1359-4F9F-97C1-55FD8F782F4D","StepOrder":"4","Threshold":"2.2000"}]},{"FormItemOID":"4EBDDA2B-9332-4E42-986F-19052B13C078","ID":"NQFTGpeds08","A_GRM":"3.62000","Map":[{"ItemResponseOID":"59E86B46-89DA-4806-8CCB-54153DEAD498","StepOrder":"1","Threshold":"0.0900"},{"ItemResponseOID":"89E379E6-FB2B-4F12-B6E4-9047B8C172DE","StepOrder":"2","Threshold":"0.7100"},{"ItemResponseOID":"F662855F-93F9-4D70-B002-0EF160ABCEFE","StepOrder":"3","Threshold":"1.4800"},{"ItemResponseOID":"F60B1CA6-476C-4182-8840-0C199C17D42B","StepOrder":"4","Threshold":"2.1600"}]},{"FormItemOID":"53406B94-320B-4507-83CC-D50A1D41118B","ID":"NQFTGpeds04","A_GRM":"2.79000","Map":[{"ItemResponseOID":"53C2E8F6-E39B-4BC8-BA7B-D1A13DA55137","StepOrder":"1","Threshold":"-0.4700"},{"ItemResponseOID":"C8327AAF-386E-4666-9733-C7DB5B9EAA07","StepOrder":"2","Threshold":"0.5800"},{"ItemResponseOID":"0AD3C322-899F-40BD-8488-85B3E187E394","StepOrder":"3","Threshold":"1.4500"},{"ItemResponseOID":"2390065B-2839-4FDC-A145-6F254381DFF2","StepOrder":"4","Threshold":"2.0700"}]},{"FormItemOID":"6794DC41-C991-4F7E-9946-920A2429B959","ID":"NQFTGpeds07","A_GRM":"3.54000","Map":[{"ItemResponseOID":"9DDD2075-281D-4C1B-829E-F602095EDBB0","StepOrder":"1","Threshold":"-0.0100"},{"ItemResponseOID":"9598D147-CE80-4E32-8568-4C342394549D","StepOrder":"2","Threshold":"0.7100"},{"ItemResponseOID":"08758BF8-490A-4B2E-8044-C5A41776EFB2","StepOrder":"3","Threshold":"1.4000"},{"ItemResponseOID":"6C837568-4470-47CA-A50E-4AA820E16648","StepOrder":"4","Threshold":"2.0800"}]},{"FormItemOID":"6D9931FB-C344-4325-9002-49EDDCDA04FF","ID":"NQFTGpeds06","A_GRM":"2.83000","Map":[{"ItemResponseOID":"4000DA67-6D19-41B0-AF5D-5B94AEC3726E","StepOrder":"1","Threshold":"-0.1800"},{"ItemResponseOID":"BF429F9B-7F92-43D8-AEAA-C6FDF816CC34","StepOrder":"2","Threshold":"0.6100"},{"ItemResponseOID":"8FC69AC8-AFCC-47A1-8DB5-EA8D414BC5B2","StepOrder":"3","Threshold":"1.3900"},{"ItemResponseOID":"46C4761F-9141-4698-8B83-F3A8E1605DE8","StepOrder":"4","Threshold":"2.1100"}]},{"FormItemOID":"7FD3F440-1A5E-45C6-B11E-7ACA46B10DE5","ID":"NQFTGped01","A_GRM":"1.98000","Map":[{"ItemResponseOID":"842F7C08-B148-4B6B-A818-DB224BB8E829","StepOrder":"1","Threshold":"-1.4400"},{"ItemResponseOID":"0AB20043-6D68-4914-AE94-FC646BBEF831","StepOrder":"2","Threshold":"0.1600"},{"ItemResponseOID":"FC336A87-3414-41DA-A3D0-0FAD0F5CB171","StepOrder":"3","Threshold":"1.3400"},{"ItemResponseOID":"6A159B21-A199-49F9-973D-5D4E03B8CA35","StepOrder":"4","Threshold":"2.2100"}]},{"FormItemOID":"88615DDE-AF8C-435D-AC3C-87BB479F803C","ID":"NQFTGpeds10","A_GRM":"3.73000","Map":[{"ItemResponseOID":"EA32CC4C-471F-4E94-BE8B-AA50CD66E728","StepOrder":"1","Threshold":"0.2600"},{"ItemResponseOID":"CE730E09-567B-4B2E-9070-989B76089FD5","StepOrder":"2","Threshold":"0.9400"},{"ItemResponseOID":"3FB3FE30-2BD9-44EF-917A-B51EA6591CA8","StepOrder":"3","Threshold":"1.6300"},{"ItemResponseOID":"98DFC244-F320-4D6A-83ED-1A8C613EA349","StepOrder":"4","Threshold":"1.9900"}]},{"FormItemOID":"99B00FFB-C44D-4065-85D9-60817AEE5F47","ID":"NQFTGpeds05","A_GRM":"2.64000","Map":[{"ItemResponseOID":"D79AFBC5-2BEB-40BB-B5C1-72A888806CAE","StepOrder":"1","Threshold":"-0.5700"},{"ItemResponseOID":"F3268A3B-D220-4878-B538-2546F9BA655F","StepOrder":"2","Threshold":"0.5300"},{"ItemResponseOID":"5F67D5EB-7272-4292-83B2-BBD4C5E7B125","StepOrder":"3","Threshold":"1.4600"},{"ItemResponseOID":"DA091513-24C5-4C89-B3DF-C6A791854B07","StepOrder":"4","Threshold":"2.5400"}]},{"FormItemOID":"BE523119-9F37-4CF3-994E-FFBD90A1D59D","ID":"NQFTGpeds12","A_GRM":"3.72000","Map":[{"ItemResponseOID":"04FBCB99-1816-46AD-9949-B7DB61C2C3A2","StepOrder":"1","Threshold":"0.2900"},{"ItemResponseOID":"4E731CE0-084F-4AA2-B44F-38D76288515F","StepOrder":"2","Threshold":"0.8400"},{"ItemResponseOID":"8D6AAB4D-62CC-443E-BBAE-9626CDE24C25","StepOrder":"3","Threshold":"1.4800"},{"ItemResponseOID":"2BB1D33B-A0DA-4804-85F6-594866F5E9F2","StepOrder":"4","Threshold":"2.0500"}]},{"FormItemOID":"EF588145-AD03-4EBD-8B8B-07894510BCC7","ID":"NQFTGpeds09","A_GRM":"2.51000","Map":[{"ItemResponseOID":"62E1382C-5225-4097-83A9-F94B1F762D2C","StepOrder":"1","Threshold":"0.0500"},{"ItemResponseOID":"DFCE0B8F-D9E5-4F39-BB33-7C649164A7EA","StepOrder":"2","Threshold":"0.9200"},{"ItemResponseOID":"33A2EFC7-27FB-4DFE-BB47-7FCA5DC26DF5","StepOrder":"3","Threshold":"1.7900"},{"ItemResponseOID":"0AAA7F20-3BF5-450A-A960-096E532B24C2","StepOrder":"4","Threshold":"2.7300"}]}]}
