{"FormOID":"CAEAB8FF-AA11-4C39-B089-F0AE5DDF50F0","Form":"PROMIS 8-item Social Emotional Support Short Form","Properties":[{"MinNumItems":"8"},{"MaxNumItems":"8"},{"IRTModel":"0"},{"SelectionMethod":"1"},{"MinTheta":"-4.00"},{"MaxTheta":"4.00"},{"ThetaIncrement":"0.1000"},{"MaxStdErr":"0.30"},{"SelectionGroupSize":"1"},{"LogisticScaling":"1.0000"},{"DistMean":"0.00"},{"DistStdDev":"1.00"},{"FirstItem":""},{"CalibrationSample":"Social Supplement"},{"SetSelectionMethod":"Instance"}],"Items":[{"FormItemOID":"0114847F-575F-48B6-B158-A03591D01A6E","ID":"SSQ3x2","A_GRM":"4.42773","Map":[{"ItemResponseOID":"FC78A29A-1395-4058-8C9F-B8B4CADA7061","StepOrder":"1","Threshold":"-1.8454"},{"ItemResponseOID":"134BFFA6-B539-414F-866D-2CD13BFF7261","StepOrder":"2","Threshold":"-1.1174"},{"ItemResponseOID":"B434A7D1-1821-4861-9E6F-893DFF1F36AA","StepOrder":"3","Threshold":"-0.4471"},{"ItemResponseOID":"12435BBF-C455-4968-B0AD-508B2D71861A","StepOrder":"4","Threshold":"0.3194"}]},{"FormItemOID":"0AEC6960-1069-4FD0-A96D-D50250A4A2DE","ID":"FSE31066x2","A_GRM":"4.38305","Map":[{"ItemResponseOID":"9D75C561-EC14-414B-ADCF-C76689549CCE","StepOrder":"1","Threshold":"-1.5159"},{"ItemResponseOID":"5036B5B7-37A3-49C8-BD1B-94EBEC4AACF4","StepOrder":"2","Threshold":"-0.9434"},{"ItemResponseOID":"9E707D72-08CB-4F2F-A6E9-AF5A6DBD9BAA","StepOrder":"3","Threshold":"-0.3677"},{"ItemResponseOID":"BE87290D-D187-40A7-979F-81133AAEAD73","StepOrder":"4","Threshold":"0.3016"}]},{"FormItemOID":"43562E5D-8F5A-4279-8537-70A7BB5DE0D4","ID":"FSE31053x2","A_GRM":"5.23395","Map":[{"ItemResponseOID":"44BD9D9C-8B5C-4A2A-8ACC-91CA3DFB7100","StepOrder":"1","Threshold":"-1.8827"},{"ItemResponseOID":"0745BD4B-B8CF-4FD1-9082-20F53D2B5B1B","StepOrder":"2","Threshold":"-1.2382"},{"ItemResponseOID":"C2854AC6-F2C9-4517-9EB7-DE8FB9467407","StepOrder":"3","Threshold":"-0.5505"},{"ItemResponseOID":"0BAC7694-F2AF-4F43-8BB9-91B729E948D4","StepOrder":"4","Threshold":"0.2688"}]},{"FormItemOID":"45E1C90A-635E-40CC-9440-0DF8B3B92BC4","ID":"FSE31069x2","A_GRM":"4.38844","Map":[{"ItemResponseOID":"98A4BE25-FF19-4848-9D19-E4FB936D61E8","StepOrder":"1","Threshold":"-1.8340"},{"ItemResponseOID":"DBF9D548-8879-4ACF-92F8-B57EE1EE2887","StepOrder":"2","Threshold":"-1.1945"},{"ItemResponseOID":"F7CE06E0-02DA-4691-9E27-35200DABD0A7","StepOrder":"3","Threshold":"-0.3903"},{"ItemResponseOID":"1C7DC24B-D1DE-4690-B2D6-BDAA08D436C2","StepOrder":"4","Threshold":"0.5488"}]},{"FormItemOID":"4A680F6C-16CA-4FBB-B889-E9C6C36ADFAE","ID":"SSQ4x2","A_GRM":"5.24799","Map":[{"ItemResponseOID":"A7306882-256F-4138-949A-FB7B85333F35","StepOrder":"1","Threshold":"-1.6829"},{"ItemResponseOID":"1BF70FBB-3C03-4B71-B2B3-CC5CB9C67CC6","StepOrder":"2","Threshold":"-1.0766"},{"ItemResponseOID":"5A6FED55-D905-454F-A535-5FB6CC246C2B","StepOrder":"3","Threshold":"-0.5305"},{"ItemResponseOID":"9FFF6654-B233-46CB-8F5F-2FD54A06B34D","StepOrder":"4","Threshold":"0.1781"}]},{"FormItemOID":"B5901AE6-2135-42F0-88D8-D8E0CEDC3F93","ID":"SS12x","A_GRM":"3.76044","Map":[{"ItemResponseOID":"A336B574-1D21-47F2-95FF-BFB5A7C014ED","StepOrder":"1","Threshold":"-1.9498"},{"ItemResponseOID":"A5C6C2F7-6F43-464A-8F99-9D2DF2D9B3C8","StepOrder":"2","Threshold":"-1.2936"},{"ItemResponseOID":"4513B718-D113-41D1-B12A-AFEAD7F841B6","StepOrder":"3","Threshold":"-0.5477"},{"ItemResponseOID":"36D3C625-CDCB-4091-8778-ACE4355B094C","StepOrder":"4","Threshold":"0.2991"}]},{"FormItemOID":"EBEBFB4B-4B3E-411F-BB29-27E93CD60509","ID":"FSE31059x2","A_GRM":"5.68075","Map":[{"ItemResponseOID":"52CF13A7-3A9B-4599-9A60-BFCD240A5AEC","StepOrder":"1","Threshold":"-1.6363"},{"ItemResponseOID":"716389B6-30B7-4D3A-9E4F-9C4A388F4C2C","StepOrder":"2","Threshold":"-1.0192"},{"ItemResponseOID":"421A1C72-CD5D-43F5-9E7B-D42F212D8FDD","StepOrder":"3","Threshold":"-0.4502"},{"ItemResponseOID":"AB4E92FF-BFCE-4F0C-AB07-58CBAFEC03FD","StepOrder":"4","Threshold":"0.2279"}]},{"FormItemOID":"FF40420B-CFD0-4166-91AF-EF4FFF38B9A1","ID":"SSE-CaPS6","A_GRM":"5.00456","Map":[{"ItemResponseOID":"B4597439-675E-49AD-B771-943F90802549","StepOrder":"1","Threshold":"-1.5987"},{"ItemResponseOID":"FA21FC91-9F22-4BD3-B095-865B3D4C0F0D","StepOrder":"2","Threshold":"-1.0770"},{"ItemResponseOID":"362EF574-57DA-4C3A-B256-025E9B891A3F","StepOrder":"3","Threshold":"-0.4634"},{"ItemResponseOID":"A0556B2B-CDD0-46FD-BBAC-AF3C956219E6","StepOrder":"4","Threshold":"0.2217"}]}]}
