{"FormOID":"D5742827-F76E-4057-9043-151F80EB9D37","Form":"Neuro-QOL Ped SF v2.0 - Cognitive Function","Properties":[{"MinNumItems":"8"},{"MaxNumItems":"8"},{"IRTModel":"0"},{"SelectionMethod":"1"},{"MinTheta":"-4.00"},{"MaxTheta":"4.00"},{"ThetaIncrement":"0.1000"},{"MaxStdErr":"0.30"},{"SelectionGroupSize":"1"},{"LogisticScaling":"1.0000"},{"DistMean":"0.00"},{"DistStdDev":"1.00"},{"FirstItem":""},{"CalibrationSample":"PROsetta Stone w3"},{"SetSelectionMethod":"Instance"}],"Items":[{"FormItemOID":"505CFFB5-9586-4920-9406-56C82AB96AD6","ID":"NQCOGped17","A_GRM":"3.74000","Map":[{"ItemResponseOID":"89FA133B-B393-4D16-BA93-50DA8389233E","StepOrder":"2","Threshold":"-2.0100"},{"ItemResponseOID":"819C1734-BE9B-4230-B04D-34E4735E9B8B","StepOrder":"3","Threshold":"-1.3300"},{"ItemResponseOID":"ABB3C794-A110-4BDD-A6F4-37D2AC8509E9","StepOrder":"4","Threshold":"-0.7400"},{"ItemResponseOID":"4DF2F6AC-08BF-4287-BB74-383B397C1691","StepOrder":"5","Threshold":"0.2100"}]},{"FormItemOID":"7AAE6DBF-4D24-479D-A4F3-C58387EAAC43","ID":"NQCOGped08","A_GRM":"2.41000","Map":[{"ItemResponseOID":"97270BA1-BE66-40B7-90E4-BA027CC92636","StepOrder":"2","Threshold":"-2.2800"},{"ItemResponseOID":"56922875-3B48-47E3-99E9-C1D4CF448DFB","StepOrder":"3","Threshold":"-1.6400"},{"ItemResponseOID":"A403F01D-942F-4641-8501-0A0B889F5596","StepOrder":"4","Threshold":"-0.9400"},{"ItemResponseOID":"CCF5980E-3060-4551-ACE7-180A561167C1","StepOrder":"5","Threshold":"-0.2800"}]},{"FormItemOID":"AB50ACF7-C45C-4811-A3E3-A979C6B74E0C","ID":"NQCOGped05","A_GRM":"2.18000","Map":[{"ItemResponseOID":"209A341B-7225-4C2B-B066-CDBBB1BB9214","StepOrder":"2","Threshold":"-2.4900"},{"ItemResponseOID":"4976A346-484F-4CDD-BE18-675588DED533","StepOrder":"3","Threshold":"-1.5700"},{"ItemResponseOID":"74FF1D41-1136-497A-AC96-7EECB44F73DA","StepOrder":"4","Threshold":"-0.7200"},{"ItemResponseOID":"91FB3779-15D8-4FDC-AFA0-B1E600135C89","StepOrder":"5","Threshold":"0.4200"}]},{"FormItemOID":"C9DCFADF-5991-4DB2-AB86-2B21E7D4363A","ID":"NQCOGped15","A_GRM":"3.02000","Map":[{"ItemResponseOID":"4FDBE3BA-11E9-4752-B02F-BFFF7101FEBF","StepOrder":"2","Threshold":"-2.0400"},{"ItemResponseOID":"0C1A1FB8-B0E9-4AB3-87F9-BCE05F0BE022","StepOrder":"3","Threshold":"-1.4500"},{"ItemResponseOID":"C761395C-8D36-4240-A336-55A23C87D184","StepOrder":"4","Threshold":"-0.7300"},{"ItemResponseOID":"3C646992-6D72-4859-BEDD-0310679E70A4","StepOrder":"5","Threshold":"0.1200"}]},{"FormItemOID":"C9DD4398-B903-49A4-B1BB-75F2F7B17B81","ID":"NQCOGped19","A_GRM":"3.63000","Map":[{"ItemResponseOID":"483171C8-81F3-438A-8EB6-48A340BB2DB9","StepOrder":"2","Threshold":"-1.8500"},{"ItemResponseOID":"01018548-FE01-4B4B-8EC2-82BBF9C9D418","StepOrder":"3","Threshold":"-1.2200"},{"ItemResponseOID":"110345B2-F73A-4B6F-A69A-6EB3728D60ED","StepOrder":"4","Threshold":"-0.5500"},{"ItemResponseOID":"1AAB8947-2A53-48B7-9513-6E38F6F3ED92","StepOrder":"5","Threshold":"0.3700"}]},{"FormItemOID":"DBD577C9-04D9-4CC3-8F95-3A52AF16F415","ID":"NQCOGped20","A_GRM":"3.48000","Map":[{"ItemResponseOID":"3FE1F3BD-AFD2-4ABC-8560-93F0A51CB9AF","StepOrder":"2","Threshold":"-1.8600"},{"ItemResponseOID":"47C7726C-ACD3-4DA2-BED4-86AA45984C4A","StepOrder":"3","Threshold":"-1.1100"},{"ItemResponseOID":"C7469346-6E6A-4A6D-AFAC-1ABD822FF1F4","StepOrder":"4","Threshold":"-0.5800"},{"ItemResponseOID":"4931B147-0470-4ACA-8780-FECA473D0E5B","StepOrder":"5","Threshold":"0.2400"}]},{"FormItemOID":"F56F98FB-F411-4F87-AA98-F78A8673E974","ID":"NQCOGped03","A_GRM":"2.75000","Map":[{"ItemResponseOID":"67F26D0D-BBF2-417F-B124-CF67B2AB1249","StepOrder":"2","Threshold":"-2.0000"},{"ItemResponseOID":"3EB3742A-B141-4906-9A3F-ECD3E7296136","StepOrder":"3","Threshold":"-1.3400"},{"ItemResponseOID":"2747668E-CB66-484C-8710-FFD3F8D3D7A7","StepOrder":"4","Threshold":"-0.6600"},{"ItemResponseOID":"39AC6C4A-824C-49E5-8DC6-6FE3B69EDE09","StepOrder":"5","Threshold":"0.3800"}]},{"FormItemOID":"F9A79487-0289-4AAD-9137-5CBF01AB4BF1","ID":"NQCOGped18","A_GRM":"3.73000","Map":[{"ItemResponseOID":"A5E88D04-36F9-4605-A8E3-2ADCD7DBCE17","StepOrder":"2","Threshold":"-1.8200"},{"ItemResponseOID":"35713C79-7E3F-4638-8A8C-34223535ACE9","StepOrder":"3","Threshold":"-1.2200"},{"ItemResponseOID":"197367DF-C746-4C09-BC48-0DE836ADB9DD","StepOrder":"4","Threshold":"-0.5900"},{"ItemResponseOID":"13BCE079-F393-493F-A4C5-96C05BA0E6BF","StepOrder":"5","Threshold":"0.4000"}]}]}
