{"FormOID":"D7EBC06C-60EE-4985-8BD2-1D6AE5D54110","Form":"This is an 4-item short form in Applied Cognition-Abilities","Properties":[{"MinNumItems":"4"},{"MaxNumItems":"4"},{"IRTModel":"0"},{"SelectionMethod":"1"},{"MinTheta":"-4.00"},{"MaxTheta":"4.00"},{"ThetaIncrement":"0.1000"},{"MaxStdErr":"0.30"},{"SelectionGroupSize":"1"},{"LogisticScaling":"1.0000"},{"DistMean":"0.00"},{"DistStdDev":"1.00"},{"FirstItem":""},{"CalibrationSample":"Cancer Suppliment Calibration"},{"SetSelectionMethod":"Instance"}],"Items":[{"FormItemOID":"082D6E4C-DA31-4CF0-9CA4-F4105C2ECD8B","ID":"PC47_2","A_GRM":"3.96230","Map":[{"ItemResponseOID":"D45ECC1F-2B64-45BF-8F6A-6246A4B2B9A8","StepOrder":"1","Threshold":"-1.5299"},{"ItemResponseOID":"B63692A2-9A0D-499A-A9F6-C7A6FE064FE7","StepOrder":"2","Threshold":"-0.9995"},{"ItemResponseOID":"E1809F9A-282B-454D-9C71-8F9D68A93E1D","StepOrder":"3","Threshold":"-0.2587"},{"ItemResponseOID":"C796230E-90AE-40A3-88B6-A38C4005EFE5","StepOrder":"4","Threshold":"0.5190"}]},{"FormItemOID":"1DC64DE1-429E-4F3C-BD50-81C228485022","ID":"PC45_2","A_GRM":"4.59306","Map":[{"ItemResponseOID":"10E38052-4AC2-4586-B58F-669B5C556EEA","StepOrder":"1","Threshold":"-1.2163"},{"ItemResponseOID":"BF89569E-FE33-4439-A1BD-0C59FD0989F8","StepOrder":"2","Threshold":"-0.8521"},{"ItemResponseOID":"A6481B52-1115-41C7-9CF5-0B59C4F54E0C","StepOrder":"3","Threshold":"-0.2092"},{"ItemResponseOID":"A136F9C6-0EB0-4313-9D0D-65B879DEF935","StepOrder":"4","Threshold":"0.5497"}]},{"FormItemOID":"A8450AA1-CBAF-4E90-8F39-09E81E321A4C","ID":"PC44_2","A_GRM":"4.46652","Map":[{"ItemResponseOID":"2AD74321-76E0-447E-B461-628D74A25DBA","StepOrder":"1","Threshold":"-1.1795"},{"ItemResponseOID":"D47B88FD-BD6B-4120-8B2F-F5D10EEEFF14","StepOrder":"2","Threshold":"-0.7908"},{"ItemResponseOID":"EEF05352-99BC-42ED-9684-B2AD1260078C","StepOrder":"3","Threshold":"-0.1935"},{"ItemResponseOID":"05E1562B-BE66-40B5-A2A8-0177D0FFC19C","StepOrder":"4","Threshold":"0.5067"}]},{"FormItemOID":"C6872E05-7B02-4EAF-BAB8-D0F8D068C65E","ID":"PC43_2","A_GRM":"5.22086","Map":[{"ItemResponseOID":"7FAB177D-3E7A-461D-9900-73EC105826A7","StepOrder":"1","Threshold":"-1.2466"},{"ItemResponseOID":"9CE13750-354F-401B-B453-E97F45F9AAB8","StepOrder":"2","Threshold":"-0.9054"},{"ItemResponseOID":"29BC35B4-CB7A-422F-A7EC-60773FCA06B7","StepOrder":"3","Threshold":"-0.2232"},{"ItemResponseOID":"940459E4-A036-4589-84DF-0EF4E1A2C50A","StepOrder":"4","Threshold":"0.4819"}]}]}
