{"FormOID":"D8B24FB5-41A1-4183-BF78-F1AE4D1CD726","Form":"Neuro-QOL SF v2.0 - Cognitive Function","Properties":[{"MinNumItems":"8"},{"MaxNumItems":"8"},{"IRTModel":"0"},{"SelectionMethod":"1"},{"MinTheta":"-4.00"},{"MaxTheta":"4.00"},{"ThetaIncrement":"0.1000"},{"MaxStdErr":"0.30"},{"SelectionGroupSize":"1"},{"LogisticScaling":"1.0000"},{"DistMean":"0.00"},{"DistStdDev":"1.00"},{"FirstItem":""},{"CalibrationSample":"PROsetta Stone w2"},{"SetSelectionMethod":"Instance"}],"Items":[{"FormItemOID":"34C4329A-6A99-42C0-AB43-527CC8E6BDCD","ID":"NQCOG77r1","A_GRM":"3.01510","Map":[{"ItemResponseOID":"25D055D6-325B-44B9-BD36-5E793DAEF350","StepOrder":"2","Threshold":"-1.9623"},{"ItemResponseOID":"50AEDF21-2A6D-4A70-8FDF-960F85A89391","StepOrder":"3","Threshold":"-1.3580"},{"ItemResponseOID":"F44CCF33-079B-4115-9D6C-851F33ED95BE","StepOrder":"4","Threshold":"-0.7005"},{"ItemResponseOID":"0E285861-B99E-4637-9F22-ED6DE43F651B","StepOrder":"5","Threshold":"0.0070"}]},{"FormItemOID":"6A8D71C5-4AB6-49C5-9211-E602B83D18CE","ID":"NQCOG22r1","A_GRM":"1.99413","Map":[{"ItemResponseOID":"AE0D8C90-C66B-431B-8E3C-94C66B40AC39","StepOrder":"2","Threshold":"-2.7796"},{"ItemResponseOID":"D415174A-8630-4348-9A15-71EDAAD9F815","StepOrder":"3","Threshold":"-1.9347"},{"ItemResponseOID":"F4EC4E05-36B1-4E48-97DF-7E6C49A8B403","StepOrder":"4","Threshold":"-1.0525"},{"ItemResponseOID":"A4E0BFAF-31F3-422B-B503-B94AD773C075","StepOrder":"5","Threshold":"-0.1800"}]},{"FormItemOID":"A686CC22-8D5E-465A-87B8-2D8EF9D09AFF","ID":"NQCOG40r1","A_GRM":"2.27017","Map":[{"ItemResponseOID":"CC0F6A79-AA12-4E34-A184-C66509C5B84E","StepOrder":"2","Threshold":"-2.7483"},{"ItemResponseOID":"4AB4BA1E-61C7-47D1-AA9B-98870B619AC1","StepOrder":"3","Threshold":"-1.8020"},{"ItemResponseOID":"8446C1B7-52FA-494F-92C6-1B0E390A8756","StepOrder":"4","Threshold":"-0.8962"},{"ItemResponseOID":"00A04B7D-CCCF-4DC8-A711-48240DF02A2E","StepOrder":"5","Threshold":"0.0953"}]},{"FormItemOID":"B7A585CC-879F-405A-8A15-DC7FCD2423C9","ID":"NQCOG75r1","A_GRM":"3.22530","Map":[{"ItemResponseOID":"15D2BD32-9868-40CC-A287-429BCB4527C4","StepOrder":"2","Threshold":"-1.8633"},{"ItemResponseOID":"889B606A-9B8C-4D4A-8E5A-BF06E8983102","StepOrder":"3","Threshold":"-1.3700"},{"ItemResponseOID":"82DDE1ED-B383-434E-995C-0051EFB3AE68","StepOrder":"4","Threshold":"-0.7535"},{"ItemResponseOID":"26FF56E6-5566-4981-B606-62B9E5B9BECE","StepOrder":"5","Threshold":"-0.0608"}]},{"FormItemOID":"CBB3A6DA-EE07-4EE2-851D-6EFC400060CE","ID":"NQCOG24r1","A_GRM":"2.00360","Map":[{"ItemResponseOID":"5796BDCB-2DB2-4D6F-973C-2384BD540AC4","StepOrder":"2","Threshold":"-3.0204"},{"ItemResponseOID":"F4C2E9D4-D5CE-4774-A856-98695C87E9AD","StepOrder":"3","Threshold":"-1.8757"},{"ItemResponseOID":"F41B17E6-96CC-43CD-8EF3-15E38F37E7E0","StepOrder":"4","Threshold":"-0.9692"},{"ItemResponseOID":"01E23677-918F-45C6-BD72-56BB290CEEAB","StepOrder":"5","Threshold":"-0.1291"}]},{"FormItemOID":"E8D9B28D-A192-4A56-8B4D-3E0F99D18E09","ID":"NQCOG80r1","A_GRM":"3.32175","Map":[{"ItemResponseOID":"3A74DDB0-2471-46D9-BDE1-8055CB8B5224","StepOrder":"2","Threshold":"-1.8978"},{"ItemResponseOID":"35A0FE25-82D4-4A31-B824-D4038B91A704","StepOrder":"3","Threshold":"-1.4142"},{"ItemResponseOID":"9E6CEFA5-2612-4325-869D-F4AB32B9E9AC","StepOrder":"4","Threshold":"-0.6082"},{"ItemResponseOID":"97FE32AF-F3E1-4657-9D3E-34382CD71F3A","StepOrder":"5","Threshold":"0.2040"}]},{"FormItemOID":"F11415C5-9AF4-431F-B8F3-83F59D9A86C9","ID":"NQCOG64r1","A_GRM":"2.28352","Map":[{"ItemResponseOID":"534760C1-94A4-4F76-82A1-1D71CA89B723","StepOrder":"2","Threshold":"-2.3584"},{"ItemResponseOID":"51D39BFA-51A1-48B2-B05B-47ED97DC34AB","StepOrder":"3","Threshold":"-1.6053"},{"ItemResponseOID":"2418DA66-A520-400C-A888-5F4D7D42F1BA","StepOrder":"4","Threshold":"-0.5585"},{"ItemResponseOID":"FF1214E1-43D2-41E7-A77D-6FEA55FB252D","StepOrder":"5","Threshold":"0.5287"}]},{"FormItemOID":"FA2A00E7-5265-4013-8F25-1E2FF12DA718","ID":"NQCOG25r1","A_GRM":"1.90767","Map":[{"ItemResponseOID":"EE6E9B82-C2F5-41E1-8B15-80953641AE17","StepOrder":"2","Threshold":"-2.9387"},{"ItemResponseOID":"66D30DF9-5AF2-4081-A7D7-9907CB93FEBB","StepOrder":"3","Threshold":"-1.8623"},{"ItemResponseOID":"71F46ABD-E102-4291-9A5C-78F55FDA0B73","StepOrder":"4","Threshold":"-0.8527"},{"ItemResponseOID":"110AB7F3-B63C-4137-AF9A-BCAB27764BFC","StepOrder":"5","Threshold":"0.2229"}]}]}
