{"FormOID":"DE8A523D-4ED6-42DE-86E7-5F316F2A5E41","Form":"PROMIS 8-item Social Informational Support Short Form","Properties":[{"MinNumItems":"8"},{"MaxNumItems":"8"},{"IRTModel":"0"},{"SelectionMethod":"1"},{"MinTheta":"-4.00"},{"MaxTheta":"4.00"},{"ThetaIncrement":"0.1000"},{"MaxStdErr":"0.30"},{"SelectionGroupSize":"1"},{"LogisticScaling":"1.0000"},{"DistMean":"0.00"},{"DistStdDev":"1.00"},{"FirstItem":""},{"CalibrationSample":"SocialSupplement"},{"SetSelectionMethod":"Instance"}],"Items":[{"FormItemOID":"008BAAC6-1499-4813-99AD-EAF898AB9445","ID":"SSQ7x","A_GRM":"3.37114","Map":[{"ItemResponseOID":"ACF78DA3-447E-4C48-A680-D7507858E1F8","StepOrder":"1","Threshold":"-1.8992"},{"ItemResponseOID":"40F91B43-3959-492F-A2D1-5D1FEF7124A1","StepOrder":"2","Threshold":"-1.0605"},{"ItemResponseOID":"EC1E3B70-AD21-4C3F-B39A-C76969DCAE04","StepOrder":"3","Threshold":"0.0285"},{"ItemResponseOID":"767E1CE1-C1C3-4828-9B84-A1C389430374","StepOrder":"4","Threshold":"1.0206"}]},{"FormItemOID":"4DD0D5C3-2E01-47B3-8B78-238D63754E82","ID":"INF-CaPS1","A_GRM":"2.76097","Map":[{"ItemResponseOID":"E07579C6-4ED4-4920-90C4-2CE171F70578","StepOrder":"1","Threshold":"-1.8275"},{"ItemResponseOID":"B61B81E5-60C5-4BAC-AB61-87A036D50303","StepOrder":"2","Threshold":"-0.9151"},{"ItemResponseOID":"043552B6-945E-424D-8B67-365E0313B713","StepOrder":"3","Threshold":"0.1093"},{"ItemResponseOID":"137637EC-A1FF-4A75-9911-7A809D117464","StepOrder":"4","Threshold":"1.1399"}]},{"FormItemOID":"4DEE5A02-47E9-4E30-A18D-CA64FD79B2AC","ID":"FSE31054x2","A_GRM":"5.14644","Map":[{"ItemResponseOID":"E15B7A1B-4590-4B18-A8F1-7177317813CF","StepOrder":"1","Threshold":"-1.7237"},{"ItemResponseOID":"FA1C22E5-63FC-4C7B-87F8-A584D4ED8DBB","StepOrder":"2","Threshold":"-1.0292"},{"ItemResponseOID":"504C34D1-2A86-4A61-9A5E-C125DED4FECE","StepOrder":"3","Threshold":"-0.2362"},{"ItemResponseOID":"D8B151A4-089B-4992-A4EE-D7FE4F112CF5","StepOrder":"4","Threshold":"0.6047"}]},{"FormItemOID":"BCC581CA-CEDC-4C25-9A29-5F80CD6C34BE","ID":"INF-CaPS2","A_GRM":"3.88948","Map":[{"ItemResponseOID":"C6F535B7-E482-410C-8F3C-C87E7941CDBF","StepOrder":"1","Threshold":"-1.8693"},{"ItemResponseOID":"400F0502-204E-4091-831E-6DE8D4069E01","StepOrder":"2","Threshold":"-1.0696"},{"ItemResponseOID":"C8055329-B1A8-4F10-91C4-5D3BF6DFD903","StepOrder":"3","Threshold":"-0.1182"},{"ItemResponseOID":"09AC34D1-DFCD-4DF0-B7E6-E45350B5C578","StepOrder":"4","Threshold":"0.9541"}]},{"FormItemOID":"DC4A3606-C4E3-4345-A4E6-E9C7678A5EF2","ID":"SS7x","A_GRM":"4.64110","Map":[{"ItemResponseOID":"4FBDD030-4381-41C1-9B4B-DDAC89A0926A","StepOrder":"1","Threshold":"-1.8014"},{"ItemResponseOID":"7A70A33B-4D00-4AE9-868D-D9932A7F6EAD","StepOrder":"2","Threshold":"-1.0455"},{"ItemResponseOID":"60024E25-B0A9-478F-903D-F85D2085ADB7","StepOrder":"3","Threshold":"-0.2894"},{"ItemResponseOID":"71F9A33C-0DD9-4F25-8185-0CA20A85A35A","StepOrder":"4","Threshold":"0.5998"}]},{"FormItemOID":"E680D34F-869B-44C0-A0CF-AF804E6538E5","ID":"INF-CaPS3","A_GRM":"4.33970","Map":[{"ItemResponseOID":"D2EDA723-D16F-49F1-B3E7-9C15748ACE49","StepOrder":"1","Threshold":"-1.8148"},{"ItemResponseOID":"2FDAD0D4-0C24-4B43-83C2-02769829BE29","StepOrder":"2","Threshold":"-1.0353"},{"ItemResponseOID":"51DAF899-052B-4CA2-817F-6414D2194505","StepOrder":"3","Threshold":"-0.3098"},{"ItemResponseOID":"CD681404-3AFF-4749-AFE3-79B32DBDCDC1","StepOrder":"4","Threshold":"0.5777"}]},{"FormItemOID":"EB4A22CB-3079-45A6-88B0-39B80D776557","ID":"INF-CaPS4","A_GRM":"2.57927","Map":[{"ItemResponseOID":"D9F0961B-FFDE-4502-BCD2-1DBBAE243F7E","StepOrder":"1","Threshold":"-1.8133"},{"ItemResponseOID":"6C8E100B-FEC2-471B-A557-9131BD86DAE0","StepOrder":"2","Threshold":"-0.8763"},{"ItemResponseOID":"E1758495-F105-4F46-98B6-E54EA98625A5","StepOrder":"3","Threshold":"0.3162"},{"ItemResponseOID":"8FFCE9B7-3D9E-493C-9CED-E39378B6AE47","StepOrder":"4","Threshold":"1.3779"}]},{"FormItemOID":"F08E77F3-AB5F-4B06-BA0F-CC4BA07F541F","ID":"FSE31058x2","A_GRM":"4.21638","Map":[{"ItemResponseOID":"F13661E7-258A-44A2-87FA-8CAFFC1898FB","StepOrder":"1","Threshold":"-1.9425"},{"ItemResponseOID":"F5725CE4-5A15-437E-B01C-2D48DE153030","StepOrder":"2","Threshold":"-1.2691"},{"ItemResponseOID":"1B740DDD-7E9B-4EB5-A6B5-CAFDDD5D360A","StepOrder":"3","Threshold":"-0.2813"},{"ItemResponseOID":"21EA3AF3-76FC-46D4-8CF3-B3D828234B12","StepOrder":"4","Threshold":"0.6966"}]}]}
