{"FormOID":"E09E32C0-4D6C-4183-8A98-D65E6FE23CD8","Form":"Negative Expectancies Short Form for PROMIS Alcohol","Properties":[{"MinNumItems":"7"},{"MaxNumItems":"7"},{"IRTModel":"0"},{"SelectionMethod":"1"},{"MinTheta":"-4.00"},{"MaxTheta":"4.00"},{"ThetaIncrement":"0.1000"},{"MaxStdErr":"0.30"},{"SelectionGroupSize":"1"},{"LogisticScaling":"1.0000"},{"DistMean":"0.00"},{"DistStdDev":"1.00"},{"FirstItem":""},{"CalibrationSample":"Alcohol Users"},{"SetSelectionMethod":"Instance"}],"Items":[{"FormItemOID":"37BE280F-7952-4488-ABA5-564129A90504","ID":"NEXP03","A_GRM":"3.00069","Map":[{"ItemResponseOID":"489032D8-B33E-4229-8E6C-8D8930251C47","StepOrder":"1","Threshold":"-2.3198"},{"ItemResponseOID":"8854AA04-63E9-493A-B256-016B24EC08F2","StepOrder":"2","Threshold":"-1.0550"},{"ItemResponseOID":"0366220E-8C35-4FA5-A48F-9D2FCB989266","StepOrder":"3","Threshold":"0.0452"},{"ItemResponseOID":"ACA66D52-7AD4-4533-99A2-165171BC0B16","StepOrder":"4","Threshold":"0.9321"}]},{"FormItemOID":"7FA30A99-F03C-4251-88E0-D4470613BB2C","ID":"NEXP08","A_GRM":"2.42302","Map":[{"ItemResponseOID":"B7978C03-D415-4FA6-98CA-E17BFE9AC57D","StepOrder":"1","Threshold":"-1.8855"},{"ItemResponseOID":"BD1C5EFE-32F1-4660-9586-7A88DDA40401","StepOrder":"2","Threshold":"-0.6602"},{"ItemResponseOID":"560670A9-04CB-4CAC-B600-028DE34FD174","StepOrder":"3","Threshold":"0.6901"},{"ItemResponseOID":"01EF798D-5A47-4201-B1F7-63E55FE8A9EC","StepOrder":"4","Threshold":"1.6539"}]},{"FormItemOID":"9AD0943D-9A08-4689-B99C-DBC82E952677","ID":"NEXP06","A_GRM":"3.32191","Map":[{"ItemResponseOID":"3A37B2F2-9982-4D21-AB46-32B5D0B282A0","StepOrder":"1","Threshold":"-2.1194"},{"ItemResponseOID":"54CDD3F5-730D-4EA0-9A02-D8C25354BE55","StepOrder":"2","Threshold":"-0.9720"},{"ItemResponseOID":"99169165-FEFB-4AD6-95CB-459EB5B3DAAF","StepOrder":"3","Threshold":"0.1717"},{"ItemResponseOID":"2D508D99-DD56-434C-A488-A65AE4AB8951","StepOrder":"4","Threshold":"1.0661"}]},{"FormItemOID":"D46D1929-7343-4662-81AA-B12DDBF105BC","ID":"NEXP07","A_GRM":"3.14977","Map":[{"ItemResponseOID":"F52243DF-DB0F-46F1-B829-B229E2D3549F","StepOrder":"1","Threshold":"-2.0610"},{"ItemResponseOID":"D582A252-56C4-4EE1-8985-46924851A1F9","StepOrder":"2","Threshold":"-0.8478"},{"ItemResponseOID":"C6B4D816-BFA4-4C5B-99B2-1F489CBF32D1","StepOrder":"3","Threshold":"0.1961"},{"ItemResponseOID":"188DA1A0-7EC7-452B-A8EE-A944E2E9BE95","StepOrder":"4","Threshold":"1.0433"}]},{"FormItemOID":"D6230CD3-A581-4F19-A5D8-191CBCD1D907","ID":"NEXP04","A_GRM":"3.19195","Map":[{"ItemResponseOID":"558DEF35-8414-4E82-A95C-6FF0865BFE2E","StepOrder":"1","Threshold":"-2.2336"},{"ItemResponseOID":"A955BF53-BE7C-4939-ABD7-604F0B8A7B87","StepOrder":"2","Threshold":"-1.1311"},{"ItemResponseOID":"77E25176-616F-406A-81E8-52AFC1741164","StepOrder":"3","Threshold":"0.0049"},{"ItemResponseOID":"B385D8A3-CA94-4D9C-A5B9-88F82C23D622","StepOrder":"4","Threshold":"0.8821"}]},{"FormItemOID":"DF67050D-5FCC-4707-8E24-8AC1AC76BCFB","ID":"NEXP01","A_GRM":"2.47101","Map":[{"ItemResponseOID":"28147E29-B055-4037-9F7C-ECE0C34B067B","StepOrder":"1","Threshold":"-2.1357"},{"ItemResponseOID":"CBD9BEAE-577A-497F-9D3F-AE8D8CE0041D","StepOrder":"2","Threshold":"-0.9843"},{"ItemResponseOID":"5583E4AC-6A16-459D-A99E-B9BF7B3779EB","StepOrder":"3","Threshold":"0.2886"},{"ItemResponseOID":"F570490D-271C-4E47-9622-639AB43E1B49","StepOrder":"4","Threshold":"1.2252"}]},{"FormItemOID":"FDB8CBAD-1869-4805-8378-04A43B4B4D36","ID":"NEXP09","A_GRM":"2.63998","Map":[{"ItemResponseOID":"056EAC22-1ADB-4C49-A999-E29F25FE9E2F","StepOrder":"1","Threshold":"-1.9757"},{"ItemResponseOID":"4E9487DC-D94B-436A-92FD-D46938937DD0","StepOrder":"2","Threshold":"-0.6841"},{"ItemResponseOID":"71C34CD1-2AAD-455A-9741-76AD3FE60607","StepOrder":"3","Threshold":"0.6679"},{"ItemResponseOID":"BB7944C2-249E-40CB-81D7-DA9B4758ED28","StepOrder":"4","Threshold":"1.5751"}]}]}
