{"FormOID":"E9F0500B-6305-4924-A3B5-A7B3357AF15D","Form":"PROMIS Bank v1.0 Alcohol: Negative Expectancies ","Properties":[{"CalibrationSample":"Alcohol Users"},{"DistMean":"0.00"},{"DistStdDev":"1.00"},{"FirstItem":""},{"IRTModel":"0"},{"LogisticScaling":"1.0000"},{"MaxNumItems":"11"},{"MaxStdErr":"0.30"},{"MaxTheta":"4.00"},{"MinNumItems":"4"},{"MinTheta":"-4.00"},{"SelectionGroupSize":"1"},{"SelectionMethod":"1"},{"SetSelectionMethod":"Instance"},{"ThetaIncrement":"0.1000"}],"Items":[{"FormItemOID":"01FC891F-B24F-4B8D-A58D-65B4948A5B31","ID":"NEXP08","A_GRM":"2.42302","Map":[{"ItemResponseOID":"94A5AA54-91E8-4952-A692-27430F4E9DE7","StepOrder":"1","Threshold":"-1.8855"},{"ItemResponseOID":"02582C83-518A-40F2-AF3D-481D17505CF8","StepOrder":"2","Threshold":"-0.6602"},{"ItemResponseOID":"5EB89B96-E3C1-4983-A5EF-DC9E68F59418","StepOrder":"3","Threshold":"0.6901"},{"ItemResponseOID":"8D28D9C2-761B-46DE-A3AB-37B31ECAE9BC","StepOrder":"4","Threshold":"1.6539"}]},{"FormItemOID":"0D3F6F10-9D1C-49A8-AAD4-DFBCB624993E","ID":"NEXP01","A_GRM":"2.47101","Map":[{"ItemResponseOID":"7473364D-7262-4C5C-A8B9-33181E4FBA50","StepOrder":"1","Threshold":"-2.1357"},{"ItemResponseOID":"169B574A-B74D-474D-902B-9730DDB3BBFE","StepOrder":"2","Threshold":"-0.9843"},{"ItemResponseOID":"B3B5E586-308A-4073-99E6-B287767F0F65","StepOrder":"3","Threshold":"0.2886"},{"ItemResponseOID":"1DFD41F4-91FF-41C2-9F7D-788A4002891D","StepOrder":"4","Threshold":"1.2252"}]},{"FormItemOID":"1AABE8CE-C833-4E4E-996C-5AED075BF55B","ID":"NEXP03","A_GRM":"3.00069","Map":[{"ItemResponseOID":"54FC7C38-F9F7-4848-9E08-9A669F44BA82","StepOrder":"1","Threshold":"-2.3198"},{"ItemResponseOID":"5163ED24-6502-4822-9CE5-232DA0A0F136","StepOrder":"2","Threshold":"-1.0550"},{"ItemResponseOID":"FEBC54A7-4F8B-4271-A598-806476114230","StepOrder":"3","Threshold":"0.0452"},{"ItemResponseOID":"7A5F06F5-2E06-4014-883E-B552476F0110","StepOrder":"4","Threshold":"0.9321"}]},{"FormItemOID":"1F1A7B5D-3743-4E9A-8E97-09DB0D8C9C62","ID":"NEXP07","A_GRM":"3.14977","Map":[{"ItemResponseOID":"47007AEC-9A7D-45CC-A939-C4668DF1012F","StepOrder":"1","Threshold":"-2.0610"},{"ItemResponseOID":"2DE0E363-9568-420F-B20F-B7FA1577ED4D","StepOrder":"2","Threshold":"-0.8478"},{"ItemResponseOID":"733ADE93-E97A-4921-988F-33CD73A7A199","StepOrder":"3","Threshold":"0.1961"},{"ItemResponseOID":"00597C88-F80A-4E9F-B1DC-C5F6FFF4C8E2","StepOrder":"4","Threshold":"1.0433"}]},{"FormItemOID":"29822630-F443-4FD1-B7B3-26F17EE13952","ID":"NEXP09","A_GRM":"2.63998","Map":[{"ItemResponseOID":"56E39036-BC21-4C1A-90C5-05E650EBFD8F","StepOrder":"1","Threshold":"-1.9757"},{"ItemResponseOID":"0C84DB54-BFDE-43B5-94D8-73EFA7CBE553","StepOrder":"2","Threshold":"-0.6841"},{"ItemResponseOID":"38C9C33D-F592-4901-B956-5EC5931E665E","StepOrder":"3","Threshold":"0.6679"},{"ItemResponseOID":"3660A970-22F9-4B87-A0BB-55524B1478AF","StepOrder":"4","Threshold":"1.5751"}]},{"FormItemOID":"4EDC6B1A-42F6-418B-B7A1-A3C2FF3FCE75","ID":"NEXP06","A_GRM":"3.32191","Map":[{"ItemResponseOID":"24A00672-71DB-4DFC-88DB-076A06A5650E","StepOrder":"1","Threshold":"-2.1194"},{"ItemResponseOID":"42EB90EA-FC5C-45D2-87D0-782006B90BC2","StepOrder":"2","Threshold":"-0.9720"},{"ItemResponseOID":"57F80D47-EA66-4866-A6B5-7A5B9438F25D","StepOrder":"3","Threshold":"0.1717"},{"ItemResponseOID":"15815F1E-1F96-4460-AFFE-9FA363BC68A2","StepOrder":"4","Threshold":"1.0661"}]},{"FormItemOID":"4FC0F1A3-B20D-4B59-A6D2-0A23EE11A684","ID":"NEXP05","A_GRM":"2.02054","Map":[{"ItemResponseOID":"3C00288C-4F63-4091-889D-C33AE2B8FD29","StepOrder":"1","Threshold":"-1.7110"},{"ItemResponseOID":"1FB65C28-FFFA-4DEB-824C-8215CC78E1A8","StepOrder":"2","Threshold":"-0.6317"},{"ItemResponseOID":"A2FFE1DD-70FE-4AA4-AB5C-C80701ED1A3B","StepOrder":"3","Threshold":"0.4561"},{"ItemResponseOID":"B816C44D-818D-4F51-80D1-4F96E272976B","StepOrder":"4","Threshold":"1.1173"}]},{"FormItemOID":"92917C6E-A141-4821-BCEC-6754459236B3","ID":"NEXP14","A_GRM":"1.89417","Map":[{"ItemResponseOID":"C23E40E3-D155-4559-9420-6A8601F5B4A9","StepOrder":"1","Threshold":"-1.3955"},{"ItemResponseOID":"8E6122D3-DBC2-4461-A676-091696FC61D8","StepOrder":"2","Threshold":"-0.3515"},{"ItemResponseOID":"7C4B33D7-4A0C-478C-ADD2-12DCF7257DDD","StepOrder":"3","Threshold":"0.9184"},{"ItemResponseOID":"64DF96E7-30FC-44BE-9711-BA06F02560A9","StepOrder":"4","Threshold":"1.8777"}]},{"FormItemOID":"972505EF-E5E8-47D5-82DF-CE95EA1FDB9E","ID":"NEXP10","A_GRM":"1.90333","Map":[{"ItemResponseOID":"18920002-D935-4477-B563-9C54975B06E9","StepOrder":"1","Threshold":"-2.6082"},{"ItemResponseOID":"4FA9474E-B626-492E-AE80-3E334D5AA215","StepOrder":"2","Threshold":"-1.3292"},{"ItemResponseOID":"071C5F2C-C863-4E9C-828D-8FDB5F3079CD","StepOrder":"3","Threshold":"-0.1673"},{"ItemResponseOID":"706D6FCB-16C1-40E9-A6C7-E1C186470A73","StepOrder":"4","Threshold":"0.6847"}]},{"FormItemOID":"AFADDC1F-DCD6-4792-A697-C6E2A96E03F5","ID":"NEXP04","A_GRM":"3.19195","Map":[{"ItemResponseOID":"4DDF68AA-7995-4C0C-B8A6-DB1234F1A1C7","StepOrder":"1","Threshold":"-2.2336"},{"ItemResponseOID":"11C8EA56-5E72-451C-B476-689A3BAD6674","StepOrder":"2","Threshold":"-1.1311"},{"ItemResponseOID":"F5C8E7E5-D7C7-4307-84F5-999A7316737C","StepOrder":"3","Threshold":"0.0049"},{"ItemResponseOID":"198466D3-87D2-4315-AC72-F9A15CBCD282","StepOrder":"4","Threshold":"0.8821"}]},{"FormItemOID":"DC0EB4C9-E17E-411B-8D00-B0FF54A09256","ID":"NEXP02","A_GRM":"2.03657","Map":[{"ItemResponseOID":"8EE8400F-92FF-4A4F-A601-2DB51B711365","StepOrder":"1","Threshold":"-1.9701"},{"ItemResponseOID":"C105D0A6-BC01-4587-8FFF-80C2E80BA88F","StepOrder":"2","Threshold":"-0.6572"},{"ItemResponseOID":"BC75AD8D-B4A9-4565-8B39-6B63FF8C9A2E","StepOrder":"3","Threshold":"0.6862"},{"ItemResponseOID":"F3D93143-C17D-4C33-A50B-290C64F0F71B","StepOrder":"4","Threshold":"1.6721"}]}]}
