{"FormOID":"F361C08D-8766-4942-B5D9-EFBB0EBE92EA","Form":"Upper Extremity (Fine Motor, ADL): One's ability to carry out various activities involving digital, manual and reach-related functions, ranging from fine motor to self-care (activities of daily living).","Properties":[{"MinNumItems":"8"},{"MaxNumItems":"8"},{"IRTModel":"0"},{"SelectionMethod":"1"},{"MinTheta":"-4.00"},{"MaxTheta":"4.00"},{"ThetaIncrement":"0.1000"},{"MaxStdErr":"0.30"},{"SelectionGroupSize":"1"},{"LogisticScaling":"1.0000"},{"DistMean":"0.00"},{"DistStdDev":"1.00"},{"FirstItem":""},{"CalibrationSample":"Wave 1B+Wave 2"},{"SetSelectionMethod":"Instance"}],"Items":[{"FormItemOID":"0DD959AE-14FA-4E80-83E3-2563255262B8","ID":"PFB21","A_GRM":"3.07571","Map":[{"ItemResponseOID":"2A71DBD1-1C64-48E3-9294-68C26A1669EC","StepOrder":"1","Threshold":"-3.3244"},{"ItemResponseOID":"82D77465-C460-4661-9D30-16A7A5655C84","StepOrder":"2","Threshold":"-2.5694"},{"ItemResponseOID":"2885AAB3-CE80-4D84-9DEE-E745BB88121B","StepOrder":"3","Threshold":"-2.0074"},{"ItemResponseOID":"2AED1B89-443A-4B12-A955-7AD64A7EA3FB","StepOrder":"4","Threshold":"-1.3344"}]},{"FormItemOID":"54F36F36-E45B-4B53-9FAA-96FB1930FD1C","ID":"PFA50","A_GRM":"3.13372","Map":[{"ItemResponseOID":"C543A07E-FF07-4B83-81AA-2E944F636675","StepOrder":"1","Threshold":"-3.6605"},{"ItemResponseOID":"2D8FD095-448C-40DE-8B48-C3204A901B16","StepOrder":"2","Threshold":"-3.2249"},{"ItemResponseOID":"FFCF59B9-E5B6-4251-9CCB-B1A8593BF932","StepOrder":"3","Threshold":"-2.6805"},{"ItemResponseOID":"A2E4D4BE-7AD9-4B0B-B3ED-2C0A429A0A64","StepOrder":"4","Threshold":"-2.0329"}]},{"FormItemOID":"94B38616-0B37-461E-922B-AFD94CEA6D84","ID":"PFB26","A_GRM":"3.53869","Map":[{"ItemResponseOID":"46FB67AC-40AB-4221-808B-38090FF9123C","StepOrder":"1","Threshold":"-2.7830"},{"ItemResponseOID":"D23D176A-7D15-4397-BBF9-ECD318620023","StepOrder":"2","Threshold":"-2.5007"},{"ItemResponseOID":"F47BC2AB-6CA8-41CB-B13F-1725C00E3D93","StepOrder":"3","Threshold":"-2.1485"},{"ItemResponseOID":"C0C68263-C9FB-4925-AFC0-BBAD153AF61D","StepOrder":"4","Threshold":"-1.6439"}]},{"FormItemOID":"956F6E49-41AC-474A-8A77-2D34DCFFD253","ID":"PFA35","A_GRM":"4.23779","Map":[{"ItemResponseOID":"372140B1-2DAD-40E3-AF81-17D53968C2F1","StepOrder":"1","Threshold":"-2.8640"},{"ItemResponseOID":"1F712FE2-23A2-43A9-A2EB-3B4D6A9E6EA3","StepOrder":"2","Threshold":"-2.2943"},{"ItemResponseOID":"BAD0A163-569D-4E56-A878-B9598B664587","StepOrder":"3","Threshold":"-2.0298"},{"ItemResponseOID":"37B7B2B7-2335-4DD6-9B14-67F8BF3DE525","StepOrder":"4","Threshold":"-1.4706"}]},{"FormItemOID":"9822E042-5184-4938-BBBE-A90CD8256F29","ID":"PFA55","A_GRM":"3.50705","Map":[{"ItemResponseOID":"0E413B99-C1F0-4525-83BD-FB8A82AAA4F0","StepOrder":"1","Threshold":"-2.9806"},{"ItemResponseOID":"0A7E07B3-DBA3-4635-BE9C-F6BAFC40350A","StepOrder":"2","Threshold":"-2.5630"},{"ItemResponseOID":"3949AC6E-2D12-4EF4-B7A9-D5507ECB864F","StepOrder":"3","Threshold":"-1.9806"},{"ItemResponseOID":"C273989D-B13E-4A6E-AC88-6AD79548C65B","StepOrder":"4","Threshold":"-1.4402"}]},{"FormItemOID":"C5261530-BF51-4E1A-9245-DA394202AA3F","ID":"PFA43","A_GRM":"2.11005","Map":[{"ItemResponseOID":"65653F0E-73AF-44BB-8BB8-948725E9B927","StepOrder":"1","Threshold":"-3.9691"},{"ItemResponseOID":"D6B86BCF-431B-4D5E-8D54-AFD735C9818F","StepOrder":"2","Threshold":"-2.6147"},{"ItemResponseOID":"2D4E5CCF-B5D0-40F9-A62E-4044E854C2FC","StepOrder":"3","Threshold":"-1.9970"},{"ItemResponseOID":"4F133D23-E53A-4B46-B814-231F660D9E68","StepOrder":"4","Threshold":"-1.4304"}]},{"FormItemOID":"D031F432-8498-49E1-9A0C-CEB0B9B2D051","ID":"NQUEX44","A_GRM":"2.44839","Map":[{"ItemResponseOID":"D12CD17C-764C-4BB3-AC6E-21FAC1552995","StepOrder":"1","Threshold":"-3.9427"},{"ItemResponseOID":"4BFD0E69-8D56-4201-8844-8CC621E5A2FE","StepOrder":"2","Threshold":"-3.4663"},{"ItemResponseOID":"135F39FD-FC8C-43CE-ACDF-84489AA94718","StepOrder":"3","Threshold":"-2.7601"},{"ItemResponseOID":"2247212F-C531-40B5-A96D-86D28D924CD9","StepOrder":"4","Threshold":"-2.0843"}]},{"FormItemOID":"D8F78270-E228-4DB9-96BE-D91DE51FB948","ID":"PFA40","A_GRM":"4.68126","Map":[{"ItemResponseOID":"9B55FBD7-B1D6-4182-8314-6891A0026E81","StepOrder":"1","Threshold":"-2.9468"},{"ItemResponseOID":"7DAE1A29-100F-4624-8829-7F1A3A6AE9E6","StepOrder":"2","Threshold":"-2.5509"},{"ItemResponseOID":"8D1C9B67-10BE-4A62-B7CB-3666FBAD7703","StepOrder":"3","Threshold":"-2.1140"},{"ItemResponseOID":"E12DF017-35DB-400C-9E50-D701AA818168","StepOrder":"4","Threshold":"-1.6328"}]}]}
