{"FormOID":"F57A01B0-B76D-4894-830F-C87DB375CEDD","Form":"PROMIS-Ca Bank v1.0 ??? Physical Function","Properties":[{"MinNumItems":"4"},{"MaxNumItems":"12"},{"IRTModel":"0"},{"SelectionMethod":"1"},{"MinTheta":"-4.00"},{"MaxTheta":"4.00"},{"ThetaIncrement":"0.1000"},{"MaxStdErr":"0.30"},{"SelectionGroupSize":"1"},{"LogisticScaling":"1.0000"},{"DistMean":"0.00"},{"DistStdDev":"1.00"},{"FirstItem":""},{"CalibrationSample":"Cancer"},{"SetSelectionMethod":"Instance"}],"Items":[{"FormItemOID":"023F0F50-F011-4BDE-BCD5-25CA8B5B3B22","ID":"PFB44","A_GRM":"4.28000","Map":[{"ItemResponseOID":"F0DC155C-A626-4CAF-805B-56B8C468800C","StepOrder":"1","Threshold":"-2.1100"},{"ItemResponseOID":"E4D45BD5-378B-4F66-9957-3C16461CAD77","StepOrder":"2","Threshold":"-1.4700"},{"ItemResponseOID":"5015260E-768A-4523-8125-49D95A5C7ED7","StepOrder":"3","Threshold":"-0.9000"},{"ItemResponseOID":"2A10B902-EF0F-4379-8A50-23D80A72174F","StepOrder":"4","Threshold":"-0.4200"}]},{"FormItemOID":"10DABCDD-E593-4EB1-A83F-48D2604077B3","ID":"PFB51","A_GRM":"3.16000","Map":[{"ItemResponseOID":"FF078B33-7B4E-49D4-A970-468F932ACCC2","StepOrder":"1","Threshold":"-1.2900"},{"ItemResponseOID":"4414898D-83C5-4D2F-8B0B-40C69F649F36","StepOrder":"2","Threshold":"-0.6900"},{"ItemResponseOID":"47E2D671-63B2-40BB-999A-61D8D7424B45","StepOrder":"3","Threshold":"-0.1400"},{"ItemResponseOID":"BE58D1F1-9C65-425D-9235-2D8C5F4164B0","StepOrder":"4","Threshold":"0.2700"}]},{"FormItemOID":"131AA9BF-3434-4F9B-BF9D-D1B7BA351F41","ID":"PFA12","A_GRM":"3.46000","Map":[{"ItemResponseOID":"196CD09C-AFF9-4DC8-8524-3F8079601BA3","StepOrder":"1","Threshold":"-2.7000"},{"ItemResponseOID":"9A13C896-943D-410F-B36C-039CFBD95C01","StepOrder":"2","Threshold":"-2.0400"},{"ItemResponseOID":"5D4E531F-A9CC-4FC3-BBA6-636CE35FA867","StepOrder":"3","Threshold":"-1.5200"},{"ItemResponseOID":"48E38518-59CE-4250-95E7-822022914B14","StepOrder":"4","Threshold":"-0.7500"}]},{"FormItemOID":"161E02F5-1CC4-4729-96A9-9987A76783F7","ID":"PFB50","A_GRM":"4.24000","Map":[{"ItemResponseOID":"8D4712CE-D2B5-469C-A956-7913D196E544","StepOrder":"1","Threshold":"-2.7500"},{"ItemResponseOID":"967C635A-AD66-45DF-B33E-7EB71DE73657","StepOrder":"2","Threshold":"-1.8100"},{"ItemResponseOID":"4FCF1914-9AE7-4E35-A76B-4CEB347752D8","StepOrder":"3","Threshold":"-1.1500"},{"ItemResponseOID":"6CF8348B-0768-47EC-8451-DC2F47969E3C","StepOrder":"4","Threshold":"-0.3200"}]},{"FormItemOID":"22FAF239-DDCD-42F9-A933-F4349C881832","ID":"PFA1","A_GRM":"3.31000","Map":[{"ItemResponseOID":"04F1BD89-9290-4103-BA60-C8AABFFE06A7","StepOrder":"1","Threshold":"-1.1200"},{"ItemResponseOID":"7A9E3DC4-456A-4717-9697-89ABA7EB141B","StepOrder":"2","Threshold":"-0.5000"},{"ItemResponseOID":"5D36CAF5-4B48-47AD-9603-079049CD1EF6","StepOrder":"3","Threshold":"0.1300"},{"ItemResponseOID":"896E1B17-FBA9-498E-8F5A-847833373849","StepOrder":"4","Threshold":"0.6000"}]},{"FormItemOID":"231327DE-6820-4289-A192-B77617AC4B40","ID":"PFA18","A_GRM":"2.48000","Map":[{"ItemResponseOID":"27ED421C-CF50-4299-B292-DCA9BC996F8A","StepOrder":"1","Threshold":"-2.9200"},{"ItemResponseOID":"CF047E1E-9F52-4E5A-B5FA-1AA01DFDCD64","StepOrder":"2","Threshold":"-2.4700"},{"ItemResponseOID":"DA0BC5DE-6B1F-40F2-9CB7-016F49FD0AF7","StepOrder":"3","Threshold":"-1.9400"},{"ItemResponseOID":"A76FD3DD-1CD6-41E2-BB47-BE2E3CA58CEF","StepOrder":"4","Threshold":"-1.3400"}]},{"FormItemOID":"2C34DACF-5D32-456D-BF9A-7B04CB90025C","ID":"PFA42","A_GRM":"4.40000","Map":[{"ItemResponseOID":"D685F075-96C5-45E4-BE0E-A50277FF7744","StepOrder":"1","Threshold":"-1.8400"},{"ItemResponseOID":"1B2ACEA0-AB18-4DB3-8E2F-F4D4E83471BE","StepOrder":"2","Threshold":"-1.4500"},{"ItemResponseOID":"315183DE-09FF-40A5-A3A5-C5420B780C8B","StepOrder":"3","Threshold":"-1.0300"},{"ItemResponseOID":"D2EE5AAB-4004-48A3-9C7C-E2DECBC92937","StepOrder":"4","Threshold":"-0.4200"}]},{"FormItemOID":"31A40AA2-9FF3-45E7-A598-B7833516A5A8","ID":"PFB32","A_GRM":"3.41000","Map":[{"ItemResponseOID":"E7EBE4AB-CD6B-49AB-814E-CA9207BCD2F9","StepOrder":"1","Threshold":"-2.4700"},{"ItemResponseOID":"A46F4BE1-9349-4B21-949E-1976FB42FAD7","StepOrder":"2","Threshold":"-2.1200"},{"ItemResponseOID":"85A4E0AA-3F97-472F-8C35-C600AB07B7AE","StepOrder":"3","Threshold":"-1.6600"},{"ItemResponseOID":"1A638E3E-755F-4E9B-930E-D09B1FA836F3","StepOrder":"4","Threshold":"-1.1400"}]},{"FormItemOID":"32747EFF-E1C2-43AD-B2CC-47018759022D","ID":"PFA41","A_GRM":"3.04000","Map":[{"ItemResponseOID":"603C7337-3212-4544-8BDA-B732E4056EE6","StepOrder":"1","Threshold":"-1.7700"},{"ItemResponseOID":"45B391CB-026A-4DC4-9F43-7E8E9F322070","StepOrder":"2","Threshold":"-1.2800"},{"ItemResponseOID":"ADD5DEB6-EDA0-4890-A80F-4EFEAB33A26D","StepOrder":"3","Threshold":"-0.8000"},{"ItemResponseOID":"648CC1BD-81C6-4E7C-9A6D-0252A3AF957A","StepOrder":"4","Threshold":"-0.0100"}]},{"FormItemOID":"36810A4D-1A24-4E00-9425-7100EC6B3480","ID":"PFB12","A_GRM":"4.20000","Map":[{"ItemResponseOID":"2EF071D2-9C2C-4CF2-8F0D-6A3DDA163DED","StepOrder":"1","Threshold":"-2.5300"},{"ItemResponseOID":"5B31FECF-4D79-4178-AA2B-B449EDAFAB46","StepOrder":"2","Threshold":"-2.0200"},{"ItemResponseOID":"D8644A8C-0630-4A9C-8787-DB8872914461","StepOrder":"3","Threshold":"-1.5200"},{"ItemResponseOID":"5C028979-3B89-431E-B040-1F2B1F32FA87","StepOrder":"4","Threshold":"-0.9700"}]},{"FormItemOID":"36BF573B-73F3-4B4D-8F64-B6953B784C3B","ID":"PFB43","A_GRM":"3.04000","Map":[{"ItemResponseOID":"BA2BC54B-1990-427B-9B9A-6AA6214D946B","StepOrder":"1","Threshold":"-3.5600"},{"ItemResponseOID":"1F865F1B-B698-40F8-B7B3-085CB2A913FB","StepOrder":"2","Threshold":"-2.5500"},{"ItemResponseOID":"095CD660-F08C-4890-9982-EB3B4789B92F","StepOrder":"3","Threshold":"-1.8900"},{"ItemResponseOID":"D44AB844-8D2B-46C7-AE67-C4B802868EFC","StepOrder":"4","Threshold":"-1.3000"}]},{"FormItemOID":"3C21803B-4750-4DF0-B619-49A2F7492F0D","ID":"PFB52","A_GRM":"2.61371","Map":[{"ItemResponseOID":"692F2F7C-6BB1-46D6-9A6A-D52A6F158D65","StepOrder":"1","Threshold":"-2.5721"},{"ItemResponseOID":"54331490-B07F-4C3E-985F-665AD26829EB","StepOrder":"2","Threshold":"-1.1595"},{"ItemResponseOID":"E240905C-EC15-4257-9676-0EAC49EF7DBA","StepOrder":"3","Threshold":"-0.3439"},{"ItemResponseOID":"DD11B605-B31F-4892-A214-E09E5372D64F","StepOrder":"4","Threshold":"0.3309"}]},{"FormItemOID":"44F37DCC-7E4B-4D2B-BB9F-5303BF0D23D3","ID":"PFA24","A_GRM":"2.90932","Map":[{"ItemResponseOID":"9CC46AE7-2C4E-432E-AADD-B9A63839B853","StepOrder":"1","Threshold":"-1.4074"},{"ItemResponseOID":"487DCD3C-D415-4D08-A5E6-43A309CF312C","StepOrder":"2","Threshold":"-0.7140"},{"ItemResponseOID":"DF5FFC17-9735-4D70-8550-77D76D762004","StepOrder":"3","Threshold":"-0.1670"},{"ItemResponseOID":"2E923BA7-272A-4111-B62C-CC2BD48DDA6C","StepOrder":"4","Threshold":"0.6618"}]},{"FormItemOID":"4BA46210-518C-4153-9BD8-2A397F6F258D","ID":"PFB46","A_GRM":"4.17762","Map":[{"ItemResponseOID":"17D72B5D-A57F-4B07-888C-CDAAE463B15F","StepOrder":"1","Threshold":"-2.0218"},{"ItemResponseOID":"DDFC4DB3-5285-4290-8576-4F8183C00740","StepOrder":"2","Threshold":"-1.1477"},{"ItemResponseOID":"14E160C8-4ECD-4D64-A9C7-6D8CE46FC016","StepOrder":"3","Threshold":"-0.2736"},{"ItemResponseOID":"D7C825AE-6318-4E6C-B69B-8210FEA6BE45","StepOrder":"4","Threshold":"0.3394"}]},{"FormItemOID":"517A6788-D519-4B29-9967-39CC7F941045","ID":"PFA2","A_GRM":"2.48299","Map":[{"ItemResponseOID":"BFD136B2-E6C7-4496-B01C-C525E6D9E5CB","StepOrder":"1","Threshold":"-1.8210"},{"ItemResponseOID":"F403F91A-EA29-4D5A-AF77-DBE545C4B733","StepOrder":"2","Threshold":"-0.8276"},{"ItemResponseOID":"783EF0C5-B2C0-4B93-A2AE-00757B98D803","StepOrder":"3","Threshold":"-0.0230"},{"ItemResponseOID":"BBB052A1-05B4-42C8-8937-BCF0179319ED","StepOrder":"4","Threshold":"0.7006"}]},{"FormItemOID":"5400A1EF-1B04-480E-B9FF-43A7E4E13EF3","ID":"PFB42","A_GRM":"3.09000","Map":[{"ItemResponseOID":"78114195-31FF-4666-BA1D-90265FB7D741","StepOrder":"1","Threshold":"-2.0100"},{"ItemResponseOID":"54BDD4BA-F848-432B-9DD1-1DEEC4C784DB","StepOrder":"2","Threshold":"-1.6600"},{"ItemResponseOID":"E905E9F2-694F-49A4-B33B-1C9D44BC63F5","StepOrder":"3","Threshold":"-1.2600"},{"ItemResponseOID":"2513DA12-8466-45E3-891B-0FF1EEC39A39","StepOrder":"4","Threshold":"-0.7200"}]},{"FormItemOID":"5AF14454-7C47-444D-BEC2-5766F2633DE5","ID":"PFB49","A_GRM":"3.58000","Map":[{"ItemResponseOID":"FA72E650-797B-449C-A24D-78AA5EE242CC","StepOrder":"1","Threshold":"-2.1900"},{"ItemResponseOID":"FD73C5C1-9BF4-463A-8096-1AB6C0E04932","StepOrder":"2","Threshold":"-1.6800"},{"ItemResponseOID":"B2D3699E-2690-4D11-A044-AC938DBFD618","StepOrder":"3","Threshold":"-1.1800"},{"ItemResponseOID":"081B29BD-66A7-4EFB-B065-C0CDB521D472","StepOrder":"4","Threshold":"-0.7400"}]},{"FormItemOID":"5F8F9FAF-FCF9-4D85-968E-13CF851F6AE4","ID":"PFA19","A_GRM":"2.66000","Map":[{"ItemResponseOID":"813C6C41-5A06-4FFE-9E94-A83BEA04A3C2","StepOrder":"1","Threshold":"-0.4900"},{"ItemResponseOID":"C9C1DA31-3D77-487D-B795-4E199F3A2A52","StepOrder":"2","Threshold":"-0.0400"},{"ItemResponseOID":"DF3224B5-7489-47E9-BB18-6266BDACD9B4","StepOrder":"3","Threshold":"0.5100"},{"ItemResponseOID":"19AD7B8A-99FC-4CCD-871F-A7E2EFE0014F","StepOrder":"4","Threshold":"1.1100"}]},{"FormItemOID":"607AD5D4-82FE-404F-B0CD-7E86EB829BF0","ID":"PFB10","A_GRM":"3.73000","Map":[{"ItemResponseOID":"7E453C1E-C0C7-4C0A-9E7A-ED7551A1F891","StepOrder":"1","Threshold":"-2.6000"},{"ItemResponseOID":"8D0CCAF0-931D-446F-BEDE-ED6FFFF663D7","StepOrder":"2","Threshold":"-2.0700"},{"ItemResponseOID":"CF77B2B5-65CF-496F-B5F4-6400AB7E27B5","StepOrder":"3","Threshold":"-1.5800"},{"ItemResponseOID":"0335BF03-25A4-4FEC-8AAC-A2A4681FEEB3","StepOrder":"4","Threshold":"-1.0900"}]},{"FormItemOID":"6F6E869F-CE53-4334-BBAD-A66173226232","ID":"PFB11","A_GRM":"3.71000","Map":[{"ItemResponseOID":"A06EBD4F-054E-46F5-9634-E482BBDF0E26","StepOrder":"1","Threshold":"-2.6800"},{"ItemResponseOID":"544E3656-7276-414C-AB29-7FCC2C85968F","StepOrder":"2","Threshold":"-2.2200"},{"ItemResponseOID":"EC19FAD7-8E2F-4FBE-9362-8681AF3C64F2","StepOrder":"3","Threshold":"-1.6600"},{"ItemResponseOID":"AD3BB609-D365-4334-AE15-0A8285AEF450","StepOrder":"4","Threshold":"-1.1600"}]},{"FormItemOID":"7C31A64D-1F72-489F-8C4E-9496FD9B532B","ID":"PFA6","A_GRM":"3.02000","Map":[{"ItemResponseOID":"B21A2383-4B56-4A84-8FF1-341B2D178340","StepOrder":"1","Threshold":"-3.7300"},{"ItemResponseOID":"B3329608-8944-498F-A849-9C70D2D4F701","StepOrder":"2","Threshold":"-2.8200"},{"ItemResponseOID":"B67BF6B9-C8B7-425D-8DBE-8D623D143F88","StepOrder":"3","Threshold":"-2.0100"},{"ItemResponseOID":"32160A05-3618-4E29-BBD2-85DCB7FDE69D","StepOrder":"4","Threshold":"-1.4600"}]},{"FormItemOID":"8216EFF3-613D-421D-A366-52D9F701DFE4","ID":"PFB13","A_GRM":"4.29000","Map":[{"ItemResponseOID":"8FDC4B84-E490-4D1F-9B5C-EB4D2723E355","StepOrder":"1","Threshold":"-2.7400"},{"ItemResponseOID":"987DFA68-3D55-4568-AF8D-2F1D588E61EB","StepOrder":"2","Threshold":"-2.2000"},{"ItemResponseOID":"A2D29093-8B55-4FE6-937C-E15909FC712B","StepOrder":"3","Threshold":"-1.7600"},{"ItemResponseOID":"6F56526E-C836-4191-BA5D-95A788BBB102","StepOrder":"4","Threshold":"-1.2100"}]},{"FormItemOID":"8380F6EE-7E7B-400B-95E4-7D838D17BB58","ID":"PFB55","A_GRM":"2.11073","Map":[{"ItemResponseOID":"01DF4D53-A624-4854-A104-525B071AF6E4","StepOrder":"1","Threshold":"-2.0065"},{"ItemResponseOID":"5307EF79-1885-4D5B-92EB-AA2734316D8C","StepOrder":"2","Threshold":"-1.4528"},{"ItemResponseOID":"756729A5-EF76-4021-B48E-46EF949BB86B","StepOrder":"3","Threshold":"-0.7987"},{"ItemResponseOID":"087FF4AE-A8D5-4563-B6B6-04DE12B48D96","StepOrder":"4","Threshold":"-0.3060"}]},{"FormItemOID":"89F67DAD-90A8-447C-A663-A9819AA49F4C","ID":"PFA26","A_GRM":"2.95042","Map":[{"ItemResponseOID":"B355905C-C29A-41B3-ACFC-A5CCCAF5550D","StepOrder":"1","Threshold":"-0.7017"},{"ItemResponseOID":"1199D1CA-ED53-4D91-870C-581CDD2EB533","StepOrder":"2","Threshold":"-0.2224"},{"ItemResponseOID":"49F48C37-F7F2-42E4-80DB-3245AE8B778A","StepOrder":"3","Threshold":"0.2926"},{"ItemResponseOID":"B83D1F85-A6E3-4B9D-902A-C7C42CE1BE81","StepOrder":"4","Threshold":"1.0630"}]},{"FormItemOID":"8F36970A-41C4-42B4-990D-8191826FB110","ID":"PFA11","A_GRM":"4.83000","Map":[{"ItemResponseOID":"2423EB42-85EE-4A72-BCF8-5F2B8388139A","StepOrder":"1","Threshold":"-1.9800"},{"ItemResponseOID":"35A60437-EDA5-4193-96DB-F24B1591534B","StepOrder":"2","Threshold":"-1.5300"},{"ItemResponseOID":"AC4EBA8D-9738-422F-BCE3-BBC312CD6BDE","StepOrder":"3","Threshold":"-1.1100"},{"ItemResponseOID":"0AD73A7F-8978-44D3-81A8-4373960D861F","StepOrder":"4","Threshold":"-0.4500"}]},{"FormItemOID":"997A5E5D-4F67-46D8-8F0B-5640BD099FD9","ID":"PFA21","A_GRM":"4.24000","Map":[{"ItemResponseOID":"EFACECF4-3854-4549-81D0-0BF35F7E0A56","StepOrder":"1","Threshold":"-1.8900"},{"ItemResponseOID":"0F53AB12-5B96-4B42-9E7C-3AF1410CA00D","StepOrder":"2","Threshold":"-1.4800"},{"ItemResponseOID":"BF1D9339-7C78-43BB-89DB-E8BFC0EE43C4","StepOrder":"3","Threshold":"-1.0500"},{"ItemResponseOID":"3819017B-E02F-4876-BD91-140D4079FC35","StepOrder":"4","Threshold":"-0.4000"}]},{"FormItemOID":"A1B0009B-4E71-4000-9945-3D30C936FBC7","ID":"PFA53","A_GRM":"4.44000","Map":[{"ItemResponseOID":"1D5FB0A6-8E02-4343-80C1-01AC7D516E72","StepOrder":"1","Threshold":"-2.5500"},{"ItemResponseOID":"3D3AD2DF-BF41-4B62-B129-4537A1655E4E","StepOrder":"2","Threshold":"-1.9700"},{"ItemResponseOID":"0859FF58-808E-485D-BF4B-B15CF08A64C4","StepOrder":"3","Threshold":"-1.4500"},{"ItemResponseOID":"96C45075-EA87-45FA-8413-2C94E130823C","StepOrder":"4","Threshold":"-0.8200"}]},{"FormItemOID":"A1D06BB8-EB9B-4AE2-9641-3E72941D5A47","ID":"PFA56","A_GRM":"3.20000","Map":[{"ItemResponseOID":"6DF7A616-EE6C-4220-A9F4-833E34FC5C45","StepOrder":"1","Threshold":"-3.5700"},{"ItemResponseOID":"F51E9803-52B4-451B-A361-F13E5C27BB74","StepOrder":"2","Threshold":"-2.6800"},{"ItemResponseOID":"D9168AFA-78CF-4A22-9B54-D29CDCE40AC4","StepOrder":"3","Threshold":"-1.9400"},{"ItemResponseOID":"EE538495-97C8-4E55-B450-110462BD2103","StepOrder":"4","Threshold":"-1.0700"}]},{"FormItemOID":"A51F1D12-4745-492F-B269-3D3279090D51","ID":"PFA25","A_GRM":"4.34000","Map":[{"ItemResponseOID":"1A758192-CB1E-4740-987B-ECCD367E09C5","StepOrder":"1","Threshold":"-1.6200"},{"ItemResponseOID":"8A389CAB-DBC4-4998-BAD3-F3DE6D13BF9D","StepOrder":"2","Threshold":"-1.2200"},{"ItemResponseOID":"F651438F-BF02-4793-ACC6-411342CCACA6","StepOrder":"3","Threshold":"-0.8200"},{"ItemResponseOID":"861429BA-98F9-45F4-AC66-D212D6712DCF","StepOrder":"4","Threshold":"-0.2000"}]},{"FormItemOID":"AEDE1FC6-6A28-4565-BBB0-3E857FF51EB8","ID":"PFA14","A_GRM":"3.43000","Map":[{"ItemResponseOID":"6045FE7F-FEE4-48B3-8603-4300A94675B1","StepOrder":"1","Threshold":"-2.2100"},{"ItemResponseOID":"D0006483-0FC2-493B-BB69-0D949D394183","StepOrder":"2","Threshold":"-1.7400"},{"ItemResponseOID":"3EE888B2-006A-44D7-A63D-04BFE0DE6B0D","StepOrder":"3","Threshold":"-1.2500"},{"ItemResponseOID":"543D8CFB-EB75-4C82-A0E1-77853B9D8699","StepOrder":"4","Threshold":"-0.6600"}]},{"FormItemOID":"B12DD1C4-346A-431A-8AC3-1438F40F92A6","ID":"PFB3","A_GRM":"4.01000","Map":[{"ItemResponseOID":"E1EAE262-E873-48C5-B96D-E3542225FBD7","StepOrder":"1","Threshold":"-2.5900"},{"ItemResponseOID":"AD8CE3FB-E174-4EC5-83D9-E2C52D273494","StepOrder":"2","Threshold":"-2.0800"},{"ItemResponseOID":"4B198B04-A1E0-488B-B862-EBF7C4E6C346","StepOrder":"3","Threshold":"-1.6200"},{"ItemResponseOID":"014A142D-9930-4DA3-9FE9-2B0E921FEAC8","StepOrder":"4","Threshold":"-1.1500"}]},{"FormItemOID":"BB1A1C62-FC46-4C62-A5BC-3BBDE3F751D2","ID":"PFA5","A_GRM":"4.14000","Map":[{"ItemResponseOID":"C0DA760E-A12E-4EA9-ADC1-2E009EA8776E","StepOrder":"1","Threshold":"-2.3700"},{"ItemResponseOID":"08FE615C-36C4-4EAE-95B7-A878D1C9B422","StepOrder":"2","Threshold":"-1.6200"},{"ItemResponseOID":"EE63DF17-F613-4684-8297-BDF8D81D2F82","StepOrder":"3","Threshold":"-1.0400"},{"ItemResponseOID":"27244A0D-4221-460D-A3D7-15F2408D3009","StepOrder":"4","Threshold":"-0.5300"}]},{"FormItemOID":"BB440047-6B49-41AA-BC88-499EF744963E","ID":"PFA13","A_GRM":"2.96000","Map":[{"ItemResponseOID":"432BB72C-EBFD-446D-A998-7A2D454231A4","StepOrder":"1","Threshold":"-1.4100"},{"ItemResponseOID":"00E1B838-3FFB-49D7-9D6A-46B964B72208","StepOrder":"2","Threshold":"-0.9900"},{"ItemResponseOID":"F7EB3169-2D69-4FC3-B6AF-05120FF4B7AB","StepOrder":"3","Threshold":"-0.4100"},{"ItemResponseOID":"B68593E6-1C90-4165-A12C-9641FE952A84","StepOrder":"4","Threshold":"0.3100"}]},{"FormItemOID":"CD27D7EB-A6E5-408A-840E-516E6A87DE7C","ID":"PFA27","A_GRM":"2.94241","Map":[{"ItemResponseOID":"1A9C0890-14D4-48A2-AA12-795ACB86EE62","StepOrder":"1","Threshold":"-0.7598"},{"ItemResponseOID":"DADE7B32-95CE-43A9-90E9-C77ED6C6E9E9","StepOrder":"2","Threshold":"-0.3360"},{"ItemResponseOID":"C96018E3-96CA-4072-BDAE-6B9A03578FFA","StepOrder":"3","Threshold":"0.0460"},{"ItemResponseOID":"EDC410C4-1FE4-4A46-B7D4-39EED4FA2127","StepOrder":"4","Threshold":"0.8112"}]},{"FormItemOID":"D8044309-7C81-41C9-85A1-87A7B06AB092","ID":"PFB47","A_GRM":"2.54070","Map":[{"ItemResponseOID":"A567FFC9-82A9-4DC9-8AE1-82685FDC5219","StepOrder":"1","Threshold":"-2.7753"},{"ItemResponseOID":"91C0C279-FA57-434B-85A0-70E8367396B1","StepOrder":"2","Threshold":"-2.0171"},{"ItemResponseOID":"B28BE083-5116-4562-AAD6-750A6C382555","StepOrder":"3","Threshold":"-1.2368"},{"ItemResponseOID":"0202E049-BEC1-4BD7-8D67-AF7121760BD5","StepOrder":"4","Threshold":"-0.5624"}]},{"FormItemOID":"E15E984A-A319-4F03-9520-6AD6AA14A498","ID":"PFB24","A_GRM":"3.84000","Map":[{"ItemResponseOID":"C5234A39-3496-43AB-BE29-CA39CD06F146","StepOrder":"1","Threshold":"-1.4100"},{"ItemResponseOID":"6986CF1C-28CE-4F17-B782-B306DFC2D820","StepOrder":"2","Threshold":"-1.0900"},{"ItemResponseOID":"7933F432-B365-4BF4-B174-8094454DE49C","StepOrder":"3","Threshold":"-0.7400"},{"ItemResponseOID":"8AC612FC-5436-4BF4-9ED7-3F0314929620","StepOrder":"4","Threshold":"-0.1300"}]},{"FormItemOID":"E40B3E34-7BD4-4BFB-9B59-8C87E77076B8","ID":"PFA4","A_GRM":"4.40000","Map":[{"ItemResponseOID":"F28C0AB7-D701-405D-9F49-3F4B1803BE2B","StepOrder":"1","Threshold":"-1.5600"},{"ItemResponseOID":"4C5814AE-13AC-48DC-8EC6-41476CBEAD6F","StepOrder":"2","Threshold":"-0.9800"},{"ItemResponseOID":"C4CE2250-FECD-438C-A4A9-3D139E1A2B05","StepOrder":"3","Threshold":"-0.4100"},{"ItemResponseOID":"66D5F9C1-27BF-48DB-A045-901F251AFCAE","StepOrder":"4","Threshold":"0.0600"}]},{"FormItemOID":"E42A8627-B3A8-4475-8054-A2564164147D","ID":"PFB17","A_GRM":"2.51000","Map":[{"ItemResponseOID":"63E9D92C-E3C7-41A7-9ED5-5060B644F3E0","StepOrder":"1","Threshold":"-3.4200"},{"ItemResponseOID":"C0A65052-2759-42AA-948B-A42ECFC00F9B","StepOrder":"2","Threshold":"-2.5600"},{"ItemResponseOID":"4CC10DB3-8F7E-4DC2-B79E-946E27FBD762","StepOrder":"3","Threshold":"-2.0500"},{"ItemResponseOID":"40E7D0A2-5DE8-4BBF-8B77-063E3B6DA03F","StepOrder":"4","Threshold":"-1.2400"}]},{"FormItemOID":"E92DDBB9-9544-4927-9C54-5E50E1707457","ID":"PFA29","A_GRM":"2.88000","Map":[{"ItemResponseOID":"66202057-FC04-40F1-A725-0CF2C2961600","StepOrder":"1","Threshold":"-2.6000"},{"ItemResponseOID":"E8680EC6-B1BA-4303-9BD2-11901E1BEE6C","StepOrder":"2","Threshold":"-2.0600"},{"ItemResponseOID":"9DDF5D83-E589-4531-B030-55E85907B33A","StepOrder":"3","Threshold":"-1.5100"},{"ItemResponseOID":"E4B74114-FC38-4C48-A143-FAA69C9A4526","StepOrder":"4","Threshold":"-0.9300"}]},{"FormItemOID":"E9777984-0725-452C-8777-7E61918850B1","ID":"PFA3","A_GRM":"2.95000","Map":[{"ItemResponseOID":"FD731534-CE65-4234-8074-1AA9D13EABCA","StepOrder":"1","Threshold":"-2.2500"},{"ItemResponseOID":"3FDA205A-D97D-47AD-BC07-CEE3A6ECDD90","StepOrder":"2","Threshold":"-1.2600"},{"ItemResponseOID":"6E612145-D56F-4F14-9847-8EDC9674A2AF","StepOrder":"3","Threshold":"-0.5600"},{"ItemResponseOID":"30D6B387-CA84-45A2-B056-A0A09B1AED7B","StepOrder":"4","Threshold":"0.0300"}]},{"FormItemOID":"EA1D43FF-7C77-48F5-AA17-BFBA8D8707C6","ID":"PFA9","A_GRM":"3.09000","Map":[{"ItemResponseOID":"769F0028-D735-45C1-ABAC-3A56896E671C","StepOrder":"1","Threshold":"-2.9200"},{"ItemResponseOID":"522E43CD-5D99-485C-88BC-376C0B1C12C5","StepOrder":"2","Threshold":"-2.2100"},{"ItemResponseOID":"95360AEE-3A38-4DAE-96A8-2ACA30143048","StepOrder":"3","Threshold":"-1.6300"},{"ItemResponseOID":"009D5433-DF1D-4995-8EDF-4009AEE41988","StepOrder":"4","Threshold":"-0.9000"}]},{"FormItemOID":"ED2C1027-0ED7-4728-AEA8-4F0112581936","ID":"PFB5","A_GRM":"4.37000","Map":[{"ItemResponseOID":"16DEE263-FA6F-4758-8B2B-3C78059585FF","StepOrder":"1","Threshold":"-1.1000"},{"ItemResponseOID":"73099946-88B4-4F93-B4C2-D5A85B4CDB35","StepOrder":"2","Threshold":"-0.6900"},{"ItemResponseOID":"6547634D-8204-426B-93BA-EC13C2A1ACEB","StepOrder":"3","Threshold":"-0.2100"},{"ItemResponseOID":"E0AAC9B5-6139-4D65-A929-ACF856EB64EC","StepOrder":"4","Threshold":"0.2400"}]},{"FormItemOID":"EEFA3D6D-3C8A-44A9-95A2-BB941DDC7351","ID":"PFB1","A_GRM":"4.39000","Map":[{"ItemResponseOID":"F4004FFA-56AA-44CF-B23F-4CF111AF1B23","StepOrder":"1","Threshold":"-2.4500"},{"ItemResponseOID":"0F4DF9EA-E72F-4090-9ED1-B5CA04EA7755","StepOrder":"2","Threshold":"-1.6400"},{"ItemResponseOID":"59071A5D-C596-481A-BE3E-D0D6AAA4155D","StepOrder":"3","Threshold":"-1.0800"},{"ItemResponseOID":"C54E2495-7B24-4E2A-B4D4-301E7176E317","StepOrder":"4","Threshold":"-0.6300"}]},{"FormItemOID":"F0226375-8222-4B1C-9127-4FA6B0C6645D","ID":"PFA31","A_GRM":"3.26000","Map":[{"ItemResponseOID":"1B98A9DE-44AE-4CB8-9D6A-9BCCE8BF7D06","StepOrder":"1","Threshold":"-2.1300"},{"ItemResponseOID":"88139E8E-D8F5-4907-98C5-6100E2E56405","StepOrder":"2","Threshold":"-1.5500"},{"ItemResponseOID":"ECA8BADD-BDF7-42F2-BFDC-6ABB6BFDFFB5","StepOrder":"3","Threshold":"-1.0500"},{"ItemResponseOID":"B92BF75A-7036-4081-A2FE-8C0CD59D0E84","StepOrder":"4","Threshold":"-0.3100"}]},{"FormItemOID":"F6B88D5F-7796-4C1D-8C57-2E9D3093301D","ID":"PFA8","A_GRM":"3.56000","Map":[{"ItemResponseOID":"470AE14C-3BE5-4D7E-91D2-69D4BA726EE8","StepOrder":"1","Threshold":"-2.4500"},{"ItemResponseOID":"9B6A1C53-8A23-48FD-8DD5-FEE762E68DB4","StepOrder":"2","Threshold":"-1.9600"},{"ItemResponseOID":"F08C6D8C-81AA-4198-B295-96930D28A1BF","StepOrder":"3","Threshold":"-1.4900"},{"ItemResponseOID":"C76C6379-27C3-46D6-83EB-F9122248394B","StepOrder":"4","Threshold":"-0.8400"}]}]}
