{"FormOID":"FFCDF6E3-8B17-4673-AB38-C677FFF6DBAF","Form":"PROMIS Anxiety Bank","Properties":[{"MinNumItems":"4"},{"MaxNumItems":"12"},{"IRTModel":"0"},{"SelectionMethod":"1"},{"MinTheta":"-4.00"},{"MaxTheta":"4.00"},{"ThetaIncrement":"0.1000"},{"MaxStdErr":"0.30"},{"SelectionGroupSize":"1"},{"LogisticScaling":"1.0000"},{"DistMean":"0.00"},{"DistStdDev":"1.00"},{"FirstItem":""},{"CalibrationSample":"Promis Wave 1"},{"SetSelectionMethod":"Instance"}],"Items":[{"FormItemOID":"0C4FDD22-8D47-422A-9ED5-F938F5A32192","ID":"EDANX55","A_GRM":"3.12733","Map":[{"ItemResponseOID":"984DE395-37C8-4509-84C0-A18BECE68EC5","StepOrder":"1","Threshold":"0.0744"},{"ItemResponseOID":"067D1926-574B-4E34-AC46-C998F83F39B0","StepOrder":"2","Threshold":"0.9409"},{"ItemResponseOID":"8C42C498-D061-44E4-9369-5D8CADA7921D","StepOrder":"3","Threshold":"1.8477"},{"ItemResponseOID":"0875FC1C-D839-44EF-8F07-B9DE470C8962","StepOrder":"4","Threshold":"2.7757"}]},{"FormItemOID":"18BA2081-E888-4993-A355-DE1CA937DA73","ID":"EDANX18","A_GRM":"2.98577","Map":[{"ItemResponseOID":"93FEB507-501D-4835-BE3D-4CD99EF6034E","StepOrder":"1","Threshold":"0.5662"},{"ItemResponseOID":"E97CD12C-9F07-40AA-937E-2B218A5A5A02","StepOrder":"2","Threshold":"1.3021"},{"ItemResponseOID":"BBCA18D8-6966-407D-B312-441D3678C053","StepOrder":"3","Threshold":"2.1496"},{"ItemResponseOID":"07C4B555-0563-411D-A29A-52BB91695CAE","StepOrder":"4","Threshold":"3.0608"}]},{"FormItemOID":"2D586C67-6E2F-4F38-8E2C-5694BA2CF59B","ID":"EDANX13","A_GRM":"1.42999","Map":[{"ItemResponseOID":"03C77E37-5D05-4A8C-A942-8AE5FC1A9230","StepOrder":"1","Threshold":"0.3203"},{"ItemResponseOID":"C72CF36B-2E0D-47DA-9889-2FEFCFB02CFD","StepOrder":"2","Threshold":"1.3853"},{"ItemResponseOID":"55DD79B0-A474-435E-9BCA-36E3BFBF8907","StepOrder":"3","Threshold":"2.7406"},{"ItemResponseOID":"F753C788-60F7-4BC3-A03B-BC667DC829E1","StepOrder":"4","Threshold":"4.6573"}]},{"FormItemOID":"310C29F3-0172-4F9B-974A-96DD2B1091B9","ID":"EDANX46","A_GRM":"3.39814","Map":[{"ItemResponseOID":"24BCBC92-9238-4B47-AFD5-1C7AAC836395","StepOrder":"1","Threshold":"-0.2166"},{"ItemResponseOID":"D42719AD-3BD4-4931-BCD7-D130B9499664","StepOrder":"2","Threshold":"0.6321"},{"ItemResponseOID":"2A57E206-D35E-479C-99E1-79B3EBF56320","StepOrder":"3","Threshold":"1.6444"},{"ItemResponseOID":"A756015F-BF77-4432-A47F-50567DED727D","StepOrder":"4","Threshold":"2.7312"}]},{"FormItemOID":"394C7D40-DC23-4830-9420-937C5424F91C","ID":"EDANX37","A_GRM":"1.70917","Map":[{"ItemResponseOID":"35EFEA0E-7978-4081-89B3-41A41AF0DDED","StepOrder":"1","Threshold":"-0.0396"},{"ItemResponseOID":"00E36BE1-192D-4D17-AF0A-CE498C1CF846","StepOrder":"2","Threshold":"0.8836"},{"ItemResponseOID":"F724ADEE-389A-4EC6-8A6A-C784D00724A9","StepOrder":"3","Threshold":"2.0016"},{"ItemResponseOID":"BE8532C5-F47D-4346-BE12-218C6EA02F2A","StepOrder":"4","Threshold":"3.1044"}]},{"FormItemOID":"397D4F51-B1D5-4CCE-A0DB-12C11B6695A8","ID":"EDANX47","A_GRM":"2.53651","Map":[{"ItemResponseOID":"EA1BC5D4-1B4C-421B-97F3-645C105F5426","StepOrder":"1","Threshold":"-0.2390"},{"ItemResponseOID":"804665DA-1D1B-43F8-AB95-F642656E913D","StepOrder":"2","Threshold":"0.6778"},{"ItemResponseOID":"0A46C72A-FFA4-4D9C-89E8-0FF64419C0B5","StepOrder":"3","Threshold":"1.7956"},{"ItemResponseOID":"42956957-CF96-4859-9D36-568C8D2C6172","StepOrder":"4","Threshold":"2.9007"}]},{"FormItemOID":"3AD7ACD8-5152-482F-89CF-6FABDB59091A","ID":"EDANX30","A_GRM":"3.03184","Map":[{"ItemResponseOID":"62EC020B-EBCF-4B73-8CC6-0A5E2CF81E13","StepOrder":"1","Threshold":"-0.5154"},{"ItemResponseOID":"C27C2A8C-5A1E-45DF-944E-89EA59649762","StepOrder":"2","Threshold":"0.3156"},{"ItemResponseOID":"623CE2F5-7908-40F1-8716-0362954535D8","StepOrder":"3","Threshold":"1.3516"},{"ItemResponseOID":"9D58B6D6-E0B5-401C-91B4-A0827BFE3F03","StepOrder":"4","Threshold":"2.2997"}]},{"FormItemOID":"4DBAB9C1-3F5B-477F-9918-DE0E7F4926ED","ID":"EDANX41","A_GRM":"3.65951","Map":[{"ItemResponseOID":"EA7F54CD-7152-4B90-B1CC-291B3823B9FA","StepOrder":"1","Threshold":"0.3644"},{"ItemResponseOID":"45512256-1CFC-4652-BE8C-FD08F478856B","StepOrder":"2","Threshold":"1.0338"},{"ItemResponseOID":"C97EEC25-06D8-43ED-8CCF-6549C4129CEC","StepOrder":"3","Threshold":"1.7805"},{"ItemResponseOID":"CBB6BE98-705B-44D3-A2B0-20D15DB0B948","StepOrder":"4","Threshold":"2.6212"}]},{"FormItemOID":"549108EA-32D0-47FB-891E-F81BD7B9A4B5","ID":"EDANX26","A_GRM":"1.95065","Map":[{"ItemResponseOID":"7BA97617-09E6-491D-B86E-FC03770715A3","StepOrder":"1","Threshold":"-0.0265"},{"ItemResponseOID":"A0BD19CF-EEE2-4747-9563-7E4BF2FB67C4","StepOrder":"2","Threshold":"0.8792"},{"ItemResponseOID":"80EA4597-C38C-4E41-8B18-C520326D13A2","StepOrder":"3","Threshold":"2.0145"},{"ItemResponseOID":"0399B3E5-9146-4411-BDE9-CABF08DB1506","StepOrder":"4","Threshold":"3.2407"}]},{"FormItemOID":"6184410D-CB9D-474A-B4C6-9DEE23E9B233","ID":"EDANX51","A_GRM":"2.41166","Map":[{"ItemResponseOID":"3145ED07-699D-4CC4-A07E-1C9B65F9E8E8","StepOrder":"1","Threshold":"-0.4618"},{"ItemResponseOID":"14F26BF5-5FAB-442C-83FF-7F7006B2C0F3","StepOrder":"2","Threshold":"0.3984"},{"ItemResponseOID":"B0DC452F-2AE6-4DDE-BF37-BF7BBF52F57D","StepOrder":"3","Threshold":"1.3636"},{"ItemResponseOID":"F363D9B1-3BFC-4ACF-959F-B736A810CF99","StepOrder":"4","Threshold":"2.4028"}]},{"FormItemOID":"643BEC6B-1F52-4891-9E24-F06E54F8DCA1","ID":"EDANX54","A_GRM":"3.35033","Map":[{"ItemResponseOID":"4EB56138-6E27-44E3-94EB-88D01A4310AD","StepOrder":"1","Threshold":"-0.5094"},{"ItemResponseOID":"8B2EBBAA-0E16-44AF-AE93-3885FE1165F6","StepOrder":"2","Threshold":"0.3107"},{"ItemResponseOID":"F690DCFF-D6ED-4194-B39B-B20797478B17","StepOrder":"3","Threshold":"1.2502"},{"ItemResponseOID":"8722A979-C222-4291-BF40-A73E1CBA80B2","StepOrder":"4","Threshold":"2.2966"}]},{"FormItemOID":"684A78B0-01CF-478F-BBC9-DEB5AB6F9BEB","ID":"EDANX33","A_GRM":"2.58191","Map":[{"ItemResponseOID":"F7995E36-7F63-44A8-98A6-2EA5E0A59C1E","StepOrder":"1","Threshold":"1.1470"},{"ItemResponseOID":"9ED8F538-E3E3-45ED-A23D-68F85B56EDA0","StepOrder":"2","Threshold":"1.8167"},{"ItemResponseOID":"14F563A4-F731-4B9F-9354-E3FE47C3CED1","StepOrder":"3","Threshold":"2.7165"},{"ItemResponseOID":"58A2DE77-0449-4621-9DEA-1E9A7DBD0D9D","StepOrder":"4","Threshold":"3.5891"}]},{"FormItemOID":"6E4C24F8-FDA4-48BD-9F44-4DCED33664F3","ID":"EDANX02","A_GRM":"3.45041","Map":[{"ItemResponseOID":"AAE9F3C2-D919-42EF-A35C-029CBD4526D8","StepOrder":"1","Threshold":"0.4912"},{"ItemResponseOID":"841A5973-977F-4FDD-AA2C-3BC2AC4E246E","StepOrder":"2","Threshold":"1.3300"},{"ItemResponseOID":"87ECD9B5-ABD9-43F7-B2BF-6774486B54E3","StepOrder":"3","Threshold":"2.1552"},{"ItemResponseOID":"D0DA704E-AAF9-41DF-B520-591702C65486","StepOrder":"4","Threshold":"2.8802"}]},{"FormItemOID":"822FA87F-07D9-4F96-AD84-9795A082D51A","ID":"EDANX49","A_GRM":"1.51570","Map":[{"ItemResponseOID":"309F01BD-BE13-402B-B13C-D468B015A482","StepOrder":"1","Threshold":"-0.8298"},{"ItemResponseOID":"2AD58111-E47D-41AA-AD8F-BE0419269763","StepOrder":"2","Threshold":"0.0869"},{"ItemResponseOID":"83D6FD3B-3602-46A3-B216-BB009CB298BE","StepOrder":"3","Threshold":"1.1677"},{"ItemResponseOID":"700EC1C7-5A6A-4857-B7EF-0AEE9E74F179","StepOrder":"4","Threshold":"2.3797"}]},{"FormItemOID":"83A2E86E-EC92-47F4-B7A2-1E3FA830A95C","ID":"EDANX12","A_GRM":"2.73450","Map":[{"ItemResponseOID":"3A497E50-7C21-4ADB-B16E-19F5AB20FE01","StepOrder":"1","Threshold":"-0.5687"},{"ItemResponseOID":"24600D91-F67E-4597-AB62-DACC46FD5843","StepOrder":"2","Threshold":"0.4721"},{"ItemResponseOID":"8B733CFD-83A7-4789-A18E-4663EAAEA17E","StepOrder":"3","Threshold":"1.6717"},{"ItemResponseOID":"68D1B311-59DA-44D8-BAFE-63D76615C2B1","StepOrder":"4","Threshold":"2.9695"}]},{"FormItemOID":"847FA75B-D37F-4D66-A3FC-9C1BC0DD78FD","ID":"EDANX20","A_GRM":"1.72352","Map":[{"ItemResponseOID":"2A956457-3F78-46E0-93A1-6B395F2268A3","StepOrder":"1","Threshold":"0.0104"},{"ItemResponseOID":"4B3C864C-B4D7-4CF0-A6E0-951A007150B7","StepOrder":"2","Threshold":"1.1685"},{"ItemResponseOID":"9F22C676-B544-4AE6-B085-C35F237F267C","StepOrder":"3","Threshold":"2.2030"},{"ItemResponseOID":"58B24795-0B7E-4815-BB43-E08FEE6DC4B7","StepOrder":"4","Threshold":"3.1085"}]},{"FormItemOID":"8AB22C1D-77CA-484C-8358-A30B5169C9F4","ID":"EDANX44","A_GRM":"1.27050","Map":[{"ItemResponseOID":"9BFB7346-D00B-455E-9A33-96E5BC99D9DB","StepOrder":"1","Threshold":"0.5719"},{"ItemResponseOID":"C6EEDFCE-018A-4FC2-A857-A92BB765FDA1","StepOrder":"2","Threshold":"1.4590"},{"ItemResponseOID":"5B4C36CA-25B0-4ADF-93C3-270E17C67304","StepOrder":"3","Threshold":"2.6779"},{"ItemResponseOID":"F19F7EE0-8BFA-47D8-80A4-0BBCD845A21B","StepOrder":"4","Threshold":"3.9723"}]},{"FormItemOID":"8CB02AA5-281F-4EA7-855E-8C28ACD1C5C6","ID":"EDANX07","A_GRM":"3.55093","Map":[{"ItemResponseOID":"5CA3550F-727A-4C81-ADA1-71EA47D4DD80","StepOrder":"1","Threshold":"0.5394"},{"ItemResponseOID":"608E9FA7-2DC0-4A35-B00E-1258A15C8C22","StepOrder":"2","Threshold":"1.0460"},{"ItemResponseOID":"D0C268E2-45D2-4D13-BFC8-07FE95D41DCE","StepOrder":"3","Threshold":"1.8650"},{"ItemResponseOID":"4B7D7670-C37C-4860-9AA8-3EF832645158","StepOrder":"4","Threshold":"2.3847"}]},{"FormItemOID":"99836681-371D-4140-8A26-D0058CF99442","ID":"EDANX05","A_GRM":"3.35528","Map":[{"ItemResponseOID":"027BBC71-EA1F-4363-881B-6021D475F517","StepOrder":"1","Threshold":"-0.1897"},{"ItemResponseOID":"C85740D1-F8B6-4407-AEA4-74DA2E8736C1","StepOrder":"2","Threshold":"0.5981"},{"ItemResponseOID":"32FACFD0-1C9B-4C08-84E7-867C661B2001","StepOrder":"3","Threshold":"1.5749"},{"ItemResponseOID":"3843A78A-3161-4647-8CDD-40B389E4BEF1","StepOrder":"4","Threshold":"2.4458"}]},{"FormItemOID":"A41B38C8-E2A5-4F91-BE89-59FA4A8420FF","ID":"EDANX21","A_GRM":"2.23209","Map":[{"ItemResponseOID":"01D4962C-8DE4-4754-BFE1-96DE55B3F16D","StepOrder":"1","Threshold":"-0.3004"},{"ItemResponseOID":"5F4D2294-360D-4B25-9E9E-6066D2F29C97","StepOrder":"2","Threshold":"0.7373"},{"ItemResponseOID":"938B96B8-64F3-42CD-9B71-6884D6823F29","StepOrder":"3","Threshold":"1.8598"},{"ItemResponseOID":"23CF8413-AADB-4010-83D2-53078E789991","StepOrder":"4","Threshold":"2.9248"}]},{"FormItemOID":"B6536032-2FE7-4471-BE6E-A76789B5E9BC","ID":"EDANX40","A_GRM":"3.88320","Map":[{"ItemResponseOID":"A6F74B48-CE28-47E4-88F0-54B61D32E8C9","StepOrder":"1","Threshold":"0.4859"},{"ItemResponseOID":"10C5DC1D-B403-47C8-B632-6484CDF2C693","StepOrder":"2","Threshold":"1.2632"},{"ItemResponseOID":"49952B20-B326-414A-B47B-440AAC62E9E5","StepOrder":"3","Threshold":"2.1111"},{"ItemResponseOID":"8C26C9E9-4DE2-475B-BD12-4CA9CD19F50C","StepOrder":"4","Threshold":"2.8985"}]},{"FormItemOID":"BA89969A-17F9-453E-A470-FA8C260C14F1","ID":"EDANX03","A_GRM":"3.33656","Map":[{"ItemResponseOID":"DCD1D6C2-6B93-4CF9-80E2-990C98D15FE3","StepOrder":"1","Threshold":"0.6213"},{"ItemResponseOID":"09E2088F-D542-4973-83A8-51AA23827ED4","StepOrder":"2","Threshold":"1.2432"},{"ItemResponseOID":"D03225E5-A5E8-45AA-9544-0968799F467E","StepOrder":"3","Threshold":"2.0615"},{"ItemResponseOID":"2FF32DF1-C503-4EEB-BC47-1E4C05641039","StepOrder":"4","Threshold":"2.7586"}]},{"FormItemOID":"C30B01C4-132B-4D79-9086-902396231429","ID":"EDANX16","A_GRM":"1.80263","Map":[{"ItemResponseOID":"E57D7D63-3D5A-4825-ADA0-56FC99442225","StepOrder":"1","Threshold":"-0.0383"},{"ItemResponseOID":"17B5962B-5121-410E-902D-1B0ACD71AC33","StepOrder":"2","Threshold":"0.8787"},{"ItemResponseOID":"04581D1A-C942-40B6-9F1F-7BB53F1E2147","StepOrder":"3","Threshold":"2.1126"},{"ItemResponseOID":"39C1EA7A-2147-48C6-9FFF-E3B9B47536E7","StepOrder":"4","Threshold":"3.0457"}]},{"FormItemOID":"C7C57100-AA90-4B4C-89D6-52BFB3C52EF0","ID":"EDANX48","A_GRM":"3.04334","Map":[{"ItemResponseOID":"CFA8CA2F-D70B-4B8A-9A15-0998EA7665F5","StepOrder":"1","Threshold":"-0.3316"},{"ItemResponseOID":"4527E749-8A60-4D57-B210-0942CDFBEB5C","StepOrder":"2","Threshold":"0.5559"},{"ItemResponseOID":"13DBE52B-3BAA-4DEB-A5D3-948BB15B0B2F","StepOrder":"3","Threshold":"1.4559"},{"ItemResponseOID":"20DAF246-D37C-4CF1-9D14-85BDC4EC8135","StepOrder":"4","Threshold":"2.3399"}]},{"FormItemOID":"EAEBDA4F-6309-443F-830E-773571376EEF","ID":"EDANX01","A_GRM":"3.60215","Map":[{"ItemResponseOID":"12280971-BB9E-486D-A9DD-01F8ABE4B06D","StepOrder":"1","Threshold":"0.3416"},{"ItemResponseOID":"956F53F7-4E78-4585-AAAB-607C7A6F6BCC","StepOrder":"2","Threshold":"1.0895"},{"ItemResponseOID":"048A22F0-29F0-4BCD-9861-6A87EC13DE01","StepOrder":"3","Threshold":"1.9601"},{"ItemResponseOID":"47A6AE94-C66F-4FCF-87B7-709F7A9D19CE","StepOrder":"4","Threshold":"2.6987"}]},{"FormItemOID":"F33DA3D0-B4F7-4E45-99F1-AA5CD3D4B2F2","ID":"EDANX08","A_GRM":"2.84824","Map":[{"ItemResponseOID":"ACDA5CB4-9974-4F84-BF8A-AB2BC3236327","StepOrder":"1","Threshold":"0.3680"},{"ItemResponseOID":"DB5AD9BB-87C2-428C-832B-824003F28AF8","StepOrder":"2","Threshold":"1.0641"},{"ItemResponseOID":"E5687777-34A1-442B-A548-DB57CC6E783C","StepOrder":"3","Threshold":"1.8533"},{"ItemResponseOID":"11A33D23-C92E-477E-B5DD-CFD84C2AEDB2","StepOrder":"4","Threshold":"2.5447"}]},{"FormItemOID":"F7E63C7B-604D-47A0-A443-7E2682AB0CE7","ID":"EDANX24","A_GRM":"1.83002","Map":[{"ItemResponseOID":"3729BBA5-2F9C-453D-A2AA-C4539A2A4504","StepOrder":"1","Threshold":"0.3319"},{"ItemResponseOID":"378F533B-6B59-4722-A638-04E92C069D68","StepOrder":"2","Threshold":"0.9821"},{"ItemResponseOID":"22644059-8F9F-49F9-A13C-1DB41F21C687","StepOrder":"3","Threshold":"1.8873"},{"ItemResponseOID":"8A5AF851-0AA0-4B8B-B5A5-7F572DDE57B7","StepOrder":"4","Threshold":"3.0235"}]},{"FormItemOID":"F98598A1-548F-43D5-89BD-D64FB4AC9A0C","ID":"EDANX27","A_GRM":"2.86023","Map":[{"ItemResponseOID":"10B5B91D-6CC6-463D-9AF8-094766BFDB9B","StepOrder":"1","Threshold":"0.4361"},{"ItemResponseOID":"426953AF-DA05-4F4B-85EE-03733563DDD7","StepOrder":"2","Threshold":"1.1269"},{"ItemResponseOID":"A8D19082-5316-4793-9527-F5F31C162B49","StepOrder":"3","Threshold":"2.0295"},{"ItemResponseOID":"CBA1C672-CB44-4C5B-850F-2C5DDFECCDC2","StepOrder":"4","Threshold":"2.7778"}]},{"FormItemOID":"FA17F4B8-0066-4F22-9050-7E535855B730","ID":"EDANX53","A_GRM":"3.65611","Map":[{"ItemResponseOID":"FDB8A246-1F49-498D-A220-4C69FD156855","StepOrder":"1","Threshold":"-0.2318"},{"ItemResponseOID":"4D2CD487-5454-4731-A954-71881325BD9C","StepOrder":"2","Threshold":"0.5952"},{"ItemResponseOID":"F07EC165-EA74-4A7B-BC65-422454556F84","StepOrder":"3","Threshold":"1.5635"},{"ItemResponseOID":"E3BD6E61-11E1-4D33-802F-B5BC4766AE0B","StepOrder":"4","Threshold":"2.4991"}]}]}
